[10May2026 20:20:51.309] [main/INFO] [cpw.mods.modlauncher.Launcher/MODLAUNCHER]: ModLauncher running: args [--launchTarget, forgeclientuserdev, --version, MOD_DEV, --assetIndex, 5, --assetsDir, /Users/bowieconnors/.gradle/caches/forge_gradle/assets, --gameDir, ., --fml.forgeVersion, 47.4.10, --fml.mcVersion, 1.20.1, --fml.forgeGroup, net.minecraftforge, --fml.mcpVersion, 20230612.114412]
[10May2026 20:20:51.311] [main/INFO] [cpw.mods.modlauncher.Launcher/MODLAUNCHER]: ModLauncher 10.0.9+10.0.9+main.dcd20f30 starting: java version 17.0.17 by Eclipse Adoptium; OS Mac OS X arch aarch64 version 26.3.1
[10May2026 20:20:51.321] [main/DEBUG] [cpw.mods.modlauncher.LaunchServiceHandler/MODLAUNCHER]: Found launch services [fmlclientdev,forgeclient,minecraft,forgegametestserverdev,fmlserveruserdev,fmlclient,fmldatauserdev,forgeserverdev,forgeserveruserdev,forgeclientdev,forgeclientuserdev,forgeserver,forgedatadev,fmlserver,fmlclientuserdev,fmlserverdev,forgedatauserdev,testharness,forgegametestserveruserdev]
[10May2026 20:20:51.326] [main/DEBUG] [cpw.mods.modlauncher.NameMappingServiceHandler/MODLAUNCHER]: Found naming services : [srgtomcp]
[10May2026 20:20:51.334] [main/DEBUG] [cpw.mods.modlauncher.LaunchPluginHandler/MODLAUNCHER]: Found launch plugins: [mixin,eventbus,slf4jfixer,object_holder_definalize,runtime_enum_extender,capability_token_subclass,accesstransformer,runtimedistcleaner]
[10May2026 20:20:51.338] [main/DEBUG] [cpw.mods.modlauncher.TransformationServicesHandler/MODLAUNCHER]: Discovering transformation services
[10May2026 20:20:51.340] [main/DEBUG] [net.minecraftforge.fml.loading.FMLPaths/CORE]: Path GAMEDIR is /Users/bowieconnors/Documents/GitHub/Thuumcraft/Thuumcraft/run
[10May2026 20:20:51.340] [main/DEBUG] [net.minecraftforge.fml.loading.FMLPaths/CORE]: Path MODSDIR is /Users/bowieconnors/Documents/GitHub/Thuumcraft/Thuumcraft/run/mods
[10May2026 20:20:51.340] [main/DEBUG] [net.minecraftforge.fml.loading.FMLPaths/CORE]: Path CONFIGDIR is /Users/bowieconnors/Documents/GitHub/Thuumcraft/Thuumcraft/run/config
[10May2026 20:20:51.341] [main/DEBUG] [net.minecraftforge.fml.loading.FMLPaths/CORE]: Path FMLCONFIG is /Users/bowieconnors/Documents/GitHub/Thuumcraft/Thuumcraft/run/config/fml.toml
[10May2026 20:20:51.356] [main/DEBUG] [cpw.mods.modlauncher.TransformationServicesHandler/MODLAUNCHER]: Found additional transformation services from discovery services: 
[10May2026 20:20:51.359] [main/INFO] [net.minecraftforge.fml.loading.ImmediateWindowHandler/]: Loading ImmediateWindowProvider fmlearlywindow
[10May2026 20:20:51.486] [main/INFO] [EARLYDISPLAY/]: Trying GL version 4.6
[10May2026 20:20:51.536] [main/INFO] [EARLYDISPLAY/]: Trying GL version 4.5
[10May2026 20:20:51.549] [main/INFO] [EARLYDISPLAY/]: Trying GL version 4.4
[10May2026 20:20:51.558] [main/INFO] [EARLYDISPLAY/]: Trying GL version 4.3
[10May2026 20:20:51.567] [main/INFO] [EARLYDISPLAY/]: Trying GL version 4.2
[10May2026 20:20:51.573] [main/INFO] [EARLYDISPLAY/]: Trying GL version 4.1
[10May2026 20:20:51.584] [main/INFO] [EARLYDISPLAY/]: Requested GL version 4.1 got version 4.1
[10May2026 20:20:51.639] [main/DEBUG] [cpw.mods.modlauncher.TransformationServicesHandler/MODLAUNCHER]: Found transformer services : [mixin,fml]
[10May2026 20:20:51.639] [main/DEBUG] [cpw.mods.modlauncher.TransformationServicesHandler/MODLAUNCHER]: Transformation services loading
[10May2026 20:20:51.639] [main/DEBUG] [cpw.mods.modlauncher.TransformationServiceDecorator/MODLAUNCHER]: Loading service mixin
[10May2026 20:20:51.639] [main/DEBUG] [cpw.mods.modlauncher.TransformationServiceDecorator/MODLAUNCHER]: Loaded service mixin
[10May2026 20:20:51.640] [main/DEBUG] [cpw.mods.modlauncher.TransformationServiceDecorator/MODLAUNCHER]: Loading service fml
[10May2026 20:20:51.640] [main/DEBUG] [net.minecraftforge.fml.loading.LauncherVersion/CORE]: Found FMLLauncher version 1.0
[10May2026 20:20:51.640] [main/DEBUG] [net.minecraftforge.fml.loading.FMLLoader/CORE]: FML 1.0 loading
[10May2026 20:20:51.640] [main/DEBUG] [net.minecraftforge.fml.loading.FMLLoader/CORE]: FML found ModLauncher version : 10.0.9+10.0.9+main.dcd20f30
[10May2026 20:20:51.640] [main/DEBUG] [net.minecraftforge.fml.loading.FMLLoader/CORE]: Requesting CoreMods to not apply the fix for ASMAPI.findFirstInstructionBefore by default
[10May2026 20:20:51.641] [main/DEBUG] [net.minecraftforge.fml.loading.FMLLoader/CORE]: FML found AccessTransformer version : 8.0.4+66+master.c09db6d7
[10May2026 20:20:51.641] [main/DEBUG] [net.minecraftforge.fml.loading.FMLLoader/CORE]: FML found EventBus version : 6.0.5+6.0.5+master.eb8e549b
[10May2026 20:20:51.641] [main/DEBUG] [net.minecraftforge.fml.loading.FMLLoader/CORE]: Found Runtime Dist Cleaner
[10May2026 20:20:51.642] [main/DEBUG] [net.minecraftforge.coremod.CoreModEngine/]: CoreMods will preserve legacy behavior of ASMAPI.findFirstInstructionBefore for backwards-compatibility
[10May2026 20:20:51.642] [main/DEBUG] [net.minecraftforge.fml.loading.FMLLoader/CORE]: FML found CoreMod version : 5.2.4
[10May2026 20:20:51.642] [main/DEBUG] [net.minecraftforge.fml.loading.FMLLoader/CORE]: Found ForgeSPI package implementation version 7.0.1+7.0.1+master.d2b38bf6
[10May2026 20:20:51.642] [main/DEBUG] [net.minecraftforge.fml.loading.FMLLoader/CORE]: Found ForgeSPI package specification 5
[10May2026 20:20:51.643] [main/DEBUG] [cpw.mods.modlauncher.TransformationServiceDecorator/MODLAUNCHER]: Loaded service fml
[10May2026 20:20:51.643] [main/DEBUG] [cpw.mods.modlauncher.TransformationServicesHandler/MODLAUNCHER]: Configuring option handling for services
[10May2026 20:20:51.645] [main/DEBUG] [cpw.mods.modlauncher.TransformationServicesHandler/MODLAUNCHER]: Transformation services initializing
[10May2026 20:20:51.645] [main/DEBUG] [cpw.mods.modlauncher.TransformationServiceDecorator/MODLAUNCHER]: Initializing transformation service mixin
[10May2026 20:20:51.651] [main/DEBUG] [mixin/]: MixinService [ModLauncher] was successfully booted in cpw.mods.cl.ModuleClassLoader@43ee72e6
[10May2026 20:20:51.659] [main/INFO] [mixin/]: SpongePowered MIXIN Subsystem Version=0.8.5 Source=union:/Users/bowieconnors/.gradle/caches/modules-2/files-2.1/org.spongepowered/mixin/0.8.5/9d1c0c3a304ae6697ecd477218fa61b850bf57fc/mixin-0.8.5.jar%23121!/ Service=ModLauncher Env=CLIENT
[10May2026 20:20:51.660] [main/DEBUG] [mixin/]: Initialising Mixin Platform Manager
[10May2026 20:20:51.660] [main/DEBUG] [mixin/]: Adding mixin platform agents for container ModLauncher Root Container(ModLauncher:4f56a0a2)
[10May2026 20:20:51.661] [main/DEBUG] [mixin/]: Instancing new MixinPlatformAgentMinecraftForge for ModLauncher Root Container(ModLauncher:4f56a0a2)
[10May2026 20:20:51.661] [main/DEBUG] [mixin/]: MixinPlatformAgentMinecraftForge rejected container ModLauncher Root Container(ModLauncher:4f56a0a2)
[10May2026 20:20:51.661] [main/DEBUG] [mixin/]: Instancing new MixinPlatformAgentDefault for ModLauncher Root Container(ModLauncher:4f56a0a2)
[10May2026 20:20:51.661] [main/DEBUG] [mixin/]: MixinPlatformAgentDefault accepted container ModLauncher Root Container(ModLauncher:4f56a0a2)
[10May2026 20:20:51.662] [main/DEBUG] [cpw.mods.modlauncher.TransformationServiceDecorator/MODLAUNCHER]: Initialized transformation service mixin
[10May2026 20:20:51.663] [main/DEBUG] [cpw.mods.modlauncher.TransformationServiceDecorator/MODLAUNCHER]: Initializing transformation service fml
[10May2026 20:20:51.663] [main/DEBUG] [net.minecraftforge.fml.loading.FMLServiceProvider/CORE]: Setting up basic FML game directories
[10May2026 20:20:51.663] [main/DEBUG] [net.minecraftforge.fml.loading.FMLPaths/CORE]: Path GAMEDIR is /Users/bowieconnors/Documents/GitHub/Thuumcraft/Thuumcraft/run
[10May2026 20:20:51.663] [main/DEBUG] [net.minecraftforge.fml.loading.FMLPaths/CORE]: Path MODSDIR is /Users/bowieconnors/Documents/GitHub/Thuumcraft/Thuumcraft/run/mods
[10May2026 20:20:51.663] [main/DEBUG] [net.minecraftforge.fml.loading.FMLPaths/CORE]: Path CONFIGDIR is /Users/bowieconnors/Documents/GitHub/Thuumcraft/Thuumcraft/run/config
[10May2026 20:20:51.663] [main/DEBUG] [net.minecraftforge.fml.loading.FMLPaths/CORE]: Path FMLCONFIG is /Users/bowieconnors/Documents/GitHub/Thuumcraft/Thuumcraft/run/config/fml.toml
[10May2026 20:20:51.663] [main/DEBUG] [net.minecraftforge.fml.loading.FMLServiceProvider/CORE]: Loading configuration
[10May2026 20:20:51.665] [main/DEBUG] [net.minecraftforge.fml.loading.FMLServiceProvider/CORE]: Preparing ModFile
[10May2026 20:20:51.667] [main/DEBUG] [net.minecraftforge.fml.loading.FMLServiceProvider/CORE]: Preparing launch handler
[10May2026 20:20:51.667] [main/DEBUG] [net.minecraftforge.fml.loading.FMLLoader/CORE]: Using forgeclientuserdev as launch service
[10May2026 20:20:51.672] [main/DEBUG] [net.minecraftforge.fml.loading.FMLLoader/CORE]: Received command line version data  : VersionInfo[forgeVersion=47.4.10, mcVersion=1.20.1, mcpVersion=20230612.114412, forgeGroup=net.minecraftforge]
[10May2026 20:20:51.673] [main/DEBUG] [cpw.mods.modlauncher.TransformationServiceDecorator/MODLAUNCHER]: Initialized transformation service fml
[10May2026 20:20:51.673] [main/DEBUG] [cpw.mods.modlauncher.NameMappingServiceHandler/MODLAUNCHER]: Current naming domain is 'mcp'
[10May2026 20:20:51.674] [main/DEBUG] [cpw.mods.modlauncher.NameMappingServiceHandler/MODLAUNCHER]: Identified name mapping providers {srg=srgtomcp:1234}
[10May2026 20:20:51.674] [main/DEBUG] [cpw.mods.modlauncher.TransformationServicesHandler/MODLAUNCHER]: Transformation services begin scanning
[10May2026 20:20:51.674] [main/DEBUG] [cpw.mods.modlauncher.TransformationServiceDecorator/MODLAUNCHER]: Beginning scan trigger - transformation service mixin
[10May2026 20:20:51.675] [main/DEBUG] [cpw.mods.modlauncher.TransformationServiceDecorator/MODLAUNCHER]: End scan trigger - transformation service mixin
[10May2026 20:20:51.675] [main/DEBUG] [cpw.mods.modlauncher.TransformationServiceDecorator/MODLAUNCHER]: Beginning scan trigger - transformation service fml
[10May2026 20:20:51.675] [main/DEBUG] [net.minecraftforge.fml.loading.FMLServiceProvider/CORE]: Initiating mod scan
[10May2026 20:20:51.680] [main/DEBUG] [net.minecraftforge.fml.loading.moddiscovery.ModListHandler/CORE]: Found mod coordinates from lists: []
[10May2026 20:20:51.680] [pool-2-thread-1/INFO] [EARLYDISPLAY/]: GL info: Apple M1 GL version 4.1 Metal - 90.5, Apple
[10May2026 20:20:51.682] [main/DEBUG] [net.minecraftforge.fml.loading.moddiscovery.ModDiscoverer/CORE]: Found Mod Locators : (mods folder:null),(maven libs:null),(exploded directory:null),(minecraft:null),(userdev classpath:null)
[10May2026 20:20:51.682] [main/DEBUG] [net.minecraftforge.fml.loading.moddiscovery.ModDiscoverer/CORE]: Found Dependency Locators : (JarInJar:null)
[10May2026 20:20:51.685] [main/DEBUG] [net.minecraftforge.fml.loading.targets.CommonLaunchHandler/CORE]: Got mod coordinates thuumcraft%%/Users/bowieconnors/Documents/GitHub/Thuumcraft/Thuumcraft/build/resources/main:thuumcraft%%/Users/bowieconnors/Documents/GitHub/Thuumcraft/Thuumcraft/build/classes/java/main from env
[10May2026 20:20:51.685] [main/DEBUG] [net.minecraftforge.fml.loading.targets.CommonLaunchHandler/CORE]: Found supplied mod coordinates [{thuumcraft=[/Users/bowieconnors/Documents/GitHub/Thuumcraft/Thuumcraft/build/resources/main, /Users/bowieconnors/Documents/GitHub/Thuumcraft/Thuumcraft/build/classes/java/main]}]
[10May2026 20:20:51.841] [main/DEBUG] [net.minecraftforge.fml.loading.moddiscovery.ModFileInfo/LOADING]: Found valid mod file forge-1.20.1-47.4.10_mapped_parchment_2023.09.03-1.20.1-recomp.jar with {minecraft} mods - versions {1.20.1}
[10May2026 20:20:51.842] [main/DEBUG] [net.minecraftforge.fml.loading.moddiscovery.ModFileParser/LOADING]: Considering mod file candidate /Users/bowieconnors/.gradle/caches/modules-2/files-2.1/net.minecraftforge/javafmllanguage/1.20.1-47.4.10/ccc533c7dd67e0983217197d7549c8b49e7ab453/javafmllanguage-1.20.1-47.4.10.jar
[10May2026 20:20:51.842] [main/WARN] [net.minecraftforge.fml.loading.moddiscovery.ModFileParser/LOADING]: Mod file /Users/bowieconnors/.gradle/caches/modules-2/files-2.1/net.minecraftforge/javafmllanguage/1.20.1-47.4.10/ccc533c7dd67e0983217197d7549c8b49e7ab453/javafmllanguage-1.20.1-47.4.10.jar is missing mods.toml file
[10May2026 20:20:51.842] [main/DEBUG] [net.minecraftforge.fml.loading.moddiscovery.ModFileParser/LOADING]: Considering mod file candidate /Users/bowieconnors/.gradle/caches/modules-2/files-2.1/net.minecraftforge/lowcodelanguage/1.20.1-47.4.10/e9a2879fe3612ea34b9728ec2633304a1e67d480/lowcodelanguage-1.20.1-47.4.10.jar
[10May2026 20:20:51.842] [main/WARN] [net.minecraftforge.fml.loading.moddiscovery.ModFileParser/LOADING]: Mod file /Users/bowieconnors/.gradle/caches/modules-2/files-2.1/net.minecraftforge/lowcodelanguage/1.20.1-47.4.10/e9a2879fe3612ea34b9728ec2633304a1e67d480/lowcodelanguage-1.20.1-47.4.10.jar is missing mods.toml file
[10May2026 20:20:51.843] [main/DEBUG] [net.minecraftforge.fml.loading.moddiscovery.ModFileParser/LOADING]: Considering mod file candidate /Users/bowieconnors/.gradle/caches/modules-2/files-2.1/net.minecraftforge/mclanguage/1.20.1-47.4.10/ec5cefbbc65c67302b8fac317010faab85fa14b9/mclanguage-1.20.1-47.4.10.jar
[10May2026 20:20:51.843] [main/WARN] [net.minecraftforge.fml.loading.moddiscovery.ModFileParser/LOADING]: Mod file /Users/bowieconnors/.gradle/caches/modules-2/files-2.1/net.minecraftforge/mclanguage/1.20.1-47.4.10/ec5cefbbc65c67302b8fac317010faab85fa14b9/mclanguage-1.20.1-47.4.10.jar is missing mods.toml file
[10May2026 20:20:51.844] [main/DEBUG] [net.minecraftforge.fml.loading.moddiscovery.ModFileParser/LOADING]: Considering mod file candidate /Users/bowieconnors/.gradle/caches/modules-2/files-2.1/net.minecraftforge/fmlcore/1.20.1-47.4.10/94dae566be650566ea9115a1414ab76bfcf5a804/fmlcore-1.20.1-47.4.10.jar
[10May2026 20:20:51.844] [main/WARN] [net.minecraftforge.fml.loading.moddiscovery.ModFileParser/LOADING]: Mod file /Users/bowieconnors/.gradle/caches/modules-2/files-2.1/net.minecraftforge/fmlcore/1.20.1-47.4.10/94dae566be650566ea9115a1414ab76bfcf5a804/fmlcore-1.20.1-47.4.10.jar is missing mods.toml file
[10May2026 20:20:51.846] [main/DEBUG] [net.minecraftforge.fml.loading.moddiscovery.ModFileParser/LOADING]: Considering mod file candidate /Users/bowieconnors/Documents/GitHub/Thuumcraft/Thuumcraft/build/resources/main
[10May2026 20:20:51.850] [main/DEBUG] [net.minecraftforge.fml.loading.moddiscovery.ModFileInfo/LOADING]: Found valid mod file main with {thuumcraft} mods - versions {1.0-1.20.1}
[10May2026 20:20:51.853] [main/DEBUG] [net.minecraftforge.fml.loading.moddiscovery.ModFileParser/LOADING]: Considering mod file candidate /
[10May2026 20:20:51.855] [main/DEBUG] [net.minecraftforge.fml.loading.moddiscovery.ModFileInfo/LOADING]: Found valid mod file  with {forge} mods - versions {47.4.10}
[10May2026 20:20:51.874] [main/DEBUG] [net.minecraftforge.fml.loading.moddiscovery.ModFileParser/LOADING]: Considering mod file candidate /Users/bowieconnors/.gradle/caches/forge_gradle/deobf_dependencies/curse/maven/fantasys-furniture-579564/4702176_mapped_parchment_2023.09.03-1.20.1/fantasys-furniture-579564-4702176_mapped_parchment_2023.09.03-1.20.1.jar
[10May2026 20:20:51.876] [main/DEBUG] [net.minecraftforge.fml.loading.moddiscovery.ModFileInfo/LOADING]: Found valid mod file fantasys-furniture-579564-4702176_mapped_parchment_2023.09.03-1.20.1.jar with {fantasyfurniture} mods - versions {9.0.0}
[10May2026 20:20:51.879] [main/DEBUG] [net.minecraftforge.fml.loading.moddiscovery.ModFileParser/LOADING]: Considering mod file candidate /Users/bowieconnors/.gradle/caches/forge_gradle/deobf_dependencies/curse/maven/macaws-roofs-352039/6494466_mapped_parchment_2023.09.03-1.20.1/macaws-roofs-352039-6494466_mapped_parchment_2023.09.03-1.20.1.jar
[10May2026 20:20:51.879] [main/DEBUG] [net.minecraftforge.fml.loading.moddiscovery.ModFileInfo/LOADING]: Found valid mod file macaws-roofs-352039-6494466_mapped_parchment_2023.09.03-1.20.1.jar with {mcwroofs} mods - versions {2.3.2}
[10May2026 20:20:51.880] [main/DEBUG] [net.minecraftforge.fml.loading.moddiscovery.ModFileParser/LOADING]: Considering mod file candidate /Users/bowieconnors/.gradle/caches/forge_gradle/deobf_dependencies/curse/maven/macaws-paths-and-pavings-629153/7029554_mapped_parchment_2023.09.03-1.20.1/macaws-paths-and-pavings-629153-7029554_mapped_parchment_2023.09.03-1.20.1.jar
[10May2026 20:20:51.881] [main/DEBUG] [net.minecraftforge.fml.loading.moddiscovery.ModFileInfo/LOADING]: Found valid mod file macaws-paths-and-pavings-629153-7029554_mapped_parchment_2023.09.03-1.20.1.jar with {mcwpaths} mods - versions {1.1.1}
[10May2026 20:20:51.883] [main/DEBUG] [net.minecraftforge.fml.loading.moddiscovery.ModFileParser/LOADING]: Considering mod file candidate /Users/bowieconnors/.gradle/caches/forge_gradle/deobf_dependencies/curse/maven/macaws-doors-378646/6146379_mapped_parchment_2023.09.03-1.20.1/macaws-doors-378646-6146379_mapped_parchment_2023.09.03-1.20.1.jar
[10May2026 20:20:51.883] [main/DEBUG] [net.minecraftforge.fml.loading.moddiscovery.ModFileInfo/LOADING]: Found valid mod file macaws-doors-378646-6146379_mapped_parchment_2023.09.03-1.20.1.jar with {mcwdoors} mods - versions {1.1.2}
[10May2026 20:20:51.885] [main/DEBUG] [net.minecraftforge.fml.loading.moddiscovery.ModFileParser/LOADING]: Considering mod file candidate /Users/bowieconnors/.gradle/caches/forge_gradle/deobf_dependencies/curse/maven/framedblocks-441647/7386520_mapped_parchment_2023.09.03-1.20.1/framedblocks-441647-7386520_mapped_parchment_2023.09.03-1.20.1.jar
[10May2026 20:20:51.886] [main/DEBUG] [net.minecraftforge.fml.loading.moddiscovery.ModFileInfo/LOADING]: Found valid mod file framedblocks-441647-7386520_mapped_parchment_2023.09.03-1.20.1.jar with {framedblocks} mods - versions {9.4.3}
[10May2026 20:20:51.889] [main/DEBUG] [net.minecraftforge.fml.loading.moddiscovery.ModFileParser/LOADING]: Considering mod file candidate /Users/bowieconnors/.gradle/caches/forge_gradle/deobf_dependencies/curse/maven/supplementaries-412082/7884611_mapped_parchment_2023.09.03-1.20.1/supplementaries-412082-7884611_mapped_parchment_2023.09.03-1.20.1.jar
[10May2026 20:20:51.890] [main/DEBUG] [net.minecraftforge.fml.loading.moddiscovery.ModFileInfo/LOADING]: Found valid mod file supplementaries-412082-7884611_mapped_parchment_2023.09.03-1.20.1.jar with {supplementaries} mods - versions {1.20-3.1.43}
[10May2026 20:20:51.891] [main/DEBUG] [net.minecraftforge.fml.loading.moddiscovery.ModFileParser/LOADING]: Considering mod file candidate /Users/bowieconnors/.gradle/caches/forge_gradle/deobf_dependencies/curse/maven/selene-499980/7540753_mapped_parchment_2023.09.03-1.20.1/selene-499980-7540753_mapped_parchment_2023.09.03-1.20.1.jar
[10May2026 20:20:51.891] [main/DEBUG] [net.minecraftforge.fml.loading.moddiscovery.ModFileInfo/LOADING]: Found valid mod file selene-499980-7540753_mapped_parchment_2023.09.03-1.20.1.jar with {moonlight} mods - versions {1.20-2.16.26}
[10May2026 20:20:51.893] [main/DEBUG] [net.minecraftforge.fml.loading.moddiscovery.ModFileParser/LOADING]: Considering mod file candidate /Users/bowieconnors/.gradle/caches/forge_gradle/deobf_dependencies/curse/maven/farmers-delight-398521/8007609_mapped_parchment_2023.09.03-1.20.1/farmers-delight-398521-8007609_mapped_parchment_2023.09.03-1.20.1.jar
[10May2026 20:20:51.893] [main/DEBUG] [net.minecraftforge.fml.loading.moddiscovery.ModFileInfo/LOADING]: Found valid mod file farmers-delight-398521-8007609_mapped_parchment_2023.09.03-1.20.1.jar with {farmersdelight} mods - versions {1.20.1-1.3.1}
[10May2026 20:20:51.894] [main/DEBUG] [net.minecraftforge.fml.loading.moddiscovery.ModFileParser/LOADING]: Considering mod file candidate /Users/bowieconnors/.gradle/caches/forge_gradle/deobf_dependencies/curse/maven/resourceful-lib-570073/5659871_mapped_parchment_2023.09.03-1.20.1/resourceful-lib-570073-5659871_mapped_parchment_2023.09.03-1.20.1.jar
[10May2026 20:20:51.894] [main/DEBUG] [net.minecraftforge.fml.loading.moddiscovery.ModFileInfo/LOADING]: Found valid mod file resourceful-lib-570073-5659871_mapped_parchment_2023.09.03-1.20.1.jar with {resourcefullib} mods - versions {2.1.29}
[10May2026 20:20:51.900] [main/DEBUG] [net.minecraftforge.fml.loading.moddiscovery.ModFileParser/LOADING]: Considering mod file candidate /Users/bowieconnors/.gradle/caches/forge_gradle/deobf_dependencies/curse/maven/handcrafted-538214/5118729_mapped_parchment_2023.09.03-1.20.1/handcrafted-538214-5118729_mapped_parchment_2023.09.03-1.20.1.jar
[10May2026 20:20:51.900] [main/DEBUG] [net.minecraftforge.fml.loading.moddiscovery.ModFileInfo/LOADING]: Found valid mod file handcrafted-538214-5118729_mapped_parchment_2023.09.03-1.20.1.jar with {handcrafted} mods - versions {3.0.6}
[10May2026 20:20:51.901] [main/DEBUG] [net.minecraftforge.fml.loading.moddiscovery.ModFileParser/LOADING]: Considering mod file candidate /Users/bowieconnors/.gradle/caches/forge_gradle/deobf_dependencies/mezz/jei/jei-1.20.1-forge/15.20.0.129_mapped_parchment_2023.09.03-1.20.1/jei-1.20.1-forge-15.20.0.129_mapped_parchment_2023.09.03-1.20.1.jar
[10May2026 20:20:51.902] [main/DEBUG] [net.minecraftforge.fml.loading.moddiscovery.ModFileInfo/LOADING]: Found valid mod file jei-1.20.1-forge-15.20.0.129_mapped_parchment_2023.09.03-1.20.1.jar with {jei} mods - versions {15.20.0.129}
[10May2026 20:20:51.903] [main/DEBUG] [net.minecraftforge.fml.loading.moddiscovery.ModFileParser/LOADING]: Considering mod file candidate /Users/bowieconnors/.gradle/caches/forge_gradle/deobf_dependencies/curse/maven/fantasys-furniture-579564/4702176_mapped_parchment_2023.09.03-1.20.1/fantasys-furniture-579564-4702176_mapped_parchment_2023.09.03-1.20.1.jar
[10May2026 20:20:51.904] [main/DEBUG] [net.minecraftforge.fml.loading.moddiscovery.ModFileInfo/LOADING]: Found valid mod file fantasys-furniture-579564-4702176_mapped_parchment_2023.09.03-1.20.1.jar with {fantasyfurniture} mods - versions {9.0.0}
[10May2026 20:20:51.906] [main/DEBUG] [net.minecraftforge.fml.loading.moddiscovery.ModFileParser/LOADING]: Considering mod file candidate /Users/bowieconnors/.gradle/caches/forge_gradle/deobf_dependencies/curse/maven/macaws-roofs-352039/6494466_mapped_parchment_2023.09.03-1.20.1/macaws-roofs-352039-6494466_mapped_parchment_2023.09.03-1.20.1.jar
[10May2026 20:20:51.906] [main/DEBUG] [net.minecraftforge.fml.loading.moddiscovery.ModFileInfo/LOADING]: Found valid mod file macaws-roofs-352039-6494466_mapped_parchment_2023.09.03-1.20.1.jar with {mcwroofs} mods - versions {2.3.2}
[10May2026 20:20:51.908] [main/DEBUG] [net.minecraftforge.fml.loading.moddiscovery.ModFileParser/LOADING]: Considering mod file candidate /Users/bowieconnors/.gradle/caches/forge_gradle/deobf_dependencies/curse/maven/macaws-paths-and-pavings-629153/7029554_mapped_parchment_2023.09.03-1.20.1/macaws-paths-and-pavings-629153-7029554_mapped_parchment_2023.09.03-1.20.1.jar
[10May2026 20:20:51.908] [main/DEBUG] [net.minecraftforge.fml.loading.moddiscovery.ModFileInfo/LOADING]: Found valid mod file macaws-paths-and-pavings-629153-7029554_mapped_parchment_2023.09.03-1.20.1.jar with {mcwpaths} mods - versions {1.1.1}
[10May2026 20:20:51.909] [main/DEBUG] [net.minecraftforge.fml.loading.moddiscovery.ModFileParser/LOADING]: Considering mod file candidate /Users/bowieconnors/.gradle/caches/forge_gradle/deobf_dependencies/curse/maven/macaws-doors-378646/6146379_mapped_parchment_2023.09.03-1.20.1/macaws-doors-378646-6146379_mapped_parchment_2023.09.03-1.20.1.jar
[10May2026 20:20:51.909] [main/DEBUG] [net.minecraftforge.fml.loading.moddiscovery.ModFileInfo/LOADING]: Found valid mod file macaws-doors-378646-6146379_mapped_parchment_2023.09.03-1.20.1.jar with {mcwdoors} mods - versions {1.1.2}
[10May2026 20:20:51.911] [main/DEBUG] [net.minecraftforge.fml.loading.moddiscovery.ModFileParser/LOADING]: Considering mod file candidate /Users/bowieconnors/.gradle/caches/forge_gradle/deobf_dependencies/curse/maven/framedblocks-441647/7386520_mapped_parchment_2023.09.03-1.20.1/framedblocks-441647-7386520_mapped_parchment_2023.09.03-1.20.1.jar
[10May2026 20:20:51.911] [main/DEBUG] [net.minecraftforge.fml.loading.moddiscovery.ModFileInfo/LOADING]: Found valid mod file framedblocks-441647-7386520_mapped_parchment_2023.09.03-1.20.1.jar with {framedblocks} mods - versions {9.4.3}
[10May2026 20:20:51.914] [main/DEBUG] [net.minecraftforge.fml.loading.moddiscovery.ModFileParser/LOADING]: Considering mod file candidate /Users/bowieconnors/.gradle/caches/forge_gradle/deobf_dependencies/curse/maven/supplementaries-412082/7884611_mapped_parchment_2023.09.03-1.20.1/supplementaries-412082-7884611_mapped_parchment_2023.09.03-1.20.1.jar
[10May2026 20:20:51.915] [main/DEBUG] [net.minecraftforge.fml.loading.moddiscovery.ModFileInfo/LOADING]: Found valid mod file supplementaries-412082-7884611_mapped_parchment_2023.09.03-1.20.1.jar with {supplementaries} mods - versions {1.20-3.1.43}
[10May2026 20:20:51.915] [main/DEBUG] [net.minecraftforge.fml.loading.moddiscovery.ModFileParser/LOADING]: Considering mod file candidate /Users/bowieconnors/.gradle/caches/forge_gradle/deobf_dependencies/curse/maven/selene-499980/7540753_mapped_parchment_2023.09.03-1.20.1/selene-499980-7540753_mapped_parchment_2023.09.03-1.20.1.jar
[10May2026 20:20:51.916] [main/DEBUG] [net.minecraftforge.fml.loading.moddiscovery.ModFileInfo/LOADING]: Found valid mod file selene-499980-7540753_mapped_parchment_2023.09.03-1.20.1.jar with {moonlight} mods - versions {1.20-2.16.26}
[10May2026 20:20:51.917] [main/DEBUG] [net.minecraftforge.fml.loading.moddiscovery.ModFileParser/LOADING]: Considering mod file candidate /Users/bowieconnors/.gradle/caches/forge_gradle/deobf_dependencies/curse/maven/farmers-delight-398521/8007609_mapped_parchment_2023.09.03-1.20.1/farmers-delight-398521-8007609_mapped_parchment_2023.09.03-1.20.1.jar
[10May2026 20:20:51.918] [main/DEBUG] [net.minecraftforge.fml.loading.moddiscovery.ModFileInfo/LOADING]: Found valid mod file farmers-delight-398521-8007609_mapped_parchment_2023.09.03-1.20.1.jar with {farmersdelight} mods - versions {1.20.1-1.3.1}
[10May2026 20:20:51.918] [main/DEBUG] [net.minecraftforge.fml.loading.moddiscovery.ModFileParser/LOADING]: Considering mod file candidate /Users/bowieconnors/.gradle/caches/forge_gradle/deobf_dependencies/curse/maven/resourceful-lib-570073/5659871_mapped_parchment_2023.09.03-1.20.1/resourceful-lib-570073-5659871_mapped_parchment_2023.09.03-1.20.1.jar
[10May2026 20:20:51.919] [main/DEBUG] [net.minecraftforge.fml.loading.moddiscovery.ModFileInfo/LOADING]: Found valid mod file resourceful-lib-570073-5659871_mapped_parchment_2023.09.03-1.20.1.jar with {resourcefullib} mods - versions {2.1.29}
[10May2026 20:20:51.924] [main/DEBUG] [net.minecraftforge.fml.loading.moddiscovery.ModFileParser/LOADING]: Considering mod file candidate /Users/bowieconnors/.gradle/caches/forge_gradle/deobf_dependencies/curse/maven/handcrafted-538214/5118729_mapped_parchment_2023.09.03-1.20.1/handcrafted-538214-5118729_mapped_parchment_2023.09.03-1.20.1.jar
[10May2026 20:20:51.925] [main/DEBUG] [net.minecraftforge.fml.loading.moddiscovery.ModFileInfo/LOADING]: Found valid mod file handcrafted-538214-5118729_mapped_parchment_2023.09.03-1.20.1.jar with {handcrafted} mods - versions {3.0.6}
[10May2026 20:20:51.926] [main/DEBUG] [net.minecraftforge.fml.loading.moddiscovery.ModFileParser/LOADING]: Considering mod file candidate /Users/bowieconnors/.gradle/caches/forge_gradle/deobf_dependencies/mezz/jei/jei-1.20.1-forge/15.20.0.129_mapped_parchment_2023.09.03-1.20.1/jei-1.20.1-forge-15.20.0.129_mapped_parchment_2023.09.03-1.20.1.jar
[10May2026 20:20:51.926] [main/DEBUG] [net.minecraftforge.fml.loading.moddiscovery.ModFileInfo/LOADING]: Found valid mod file jei-1.20.1-forge-15.20.0.129_mapped_parchment_2023.09.03-1.20.1.jar with {jei} mods - versions {15.20.0.129}
[10May2026 20:20:51.929] [main/DEBUG] [net.minecraftforge.fml.loading.UniqueModListBuilder/]: Found 2 mods for first modid farmersdelight, selecting most recent based on version data
[10May2026 20:20:51.929] [main/DEBUG] [net.minecraftforge.fml.loading.UniqueModListBuilder/]: Selected file farmers-delight-398521-8007609_mapped_parchment_2023.09.03-1.20.1.jar for modid farmersdelight with version 1.20.1-1.3.1
[10May2026 20:20:51.929] [main/DEBUG] [net.minecraftforge.fml.loading.UniqueModListBuilder/]: Found 2 mods for first modid framedblocks, selecting most recent based on version data
[10May2026 20:20:51.929] [main/DEBUG] [net.minecraftforge.fml.loading.UniqueModListBuilder/]: Selected file framedblocks-441647-7386520_mapped_parchment_2023.09.03-1.20.1.jar for modid framedblocks with version 9.4.3
[10May2026 20:20:51.929] [main/DEBUG] [net.minecraftforge.fml.loading.UniqueModListBuilder/]: Found 2 mods for first modid handcrafted, selecting most recent based on version data
[10May2026 20:20:51.930] [main/DEBUG] [net.minecraftforge.fml.loading.UniqueModListBuilder/]: Selected file handcrafted-538214-5118729_mapped_parchment_2023.09.03-1.20.1.jar for modid handcrafted with version 3.0.6
[10May2026 20:20:51.930] [main/DEBUG] [net.minecraftforge.fml.loading.UniqueModListBuilder/]: Found 2 mods for first modid moonlight, selecting most recent based on version data
[10May2026 20:20:51.930] [main/DEBUG] [net.minecraftforge.fml.loading.UniqueModListBuilder/]: Selected file selene-499980-7540753_mapped_parchment_2023.09.03-1.20.1.jar for modid moonlight with version 1.20-2.16.26
[10May2026 20:20:51.930] [main/DEBUG] [net.minecraftforge.fml.loading.UniqueModListBuilder/]: Found 2 mods for first modid resourcefullib, selecting most recent based on version data
[10May2026 20:20:51.930] [main/DEBUG] [net.minecraftforge.fml.loading.UniqueModListBuilder/]: Selected file resourceful-lib-570073-5659871_mapped_parchment_2023.09.03-1.20.1.jar for modid resourcefullib with version 2.1.29
[10May2026 20:20:51.930] [main/DEBUG] [net.minecraftforge.fml.loading.UniqueModListBuilder/]: Found 2 mods for first modid mcwroofs, selecting most recent based on version data
[10May2026 20:20:51.930] [main/DEBUG] [net.minecraftforge.fml.loading.UniqueModListBuilder/]: Selected file macaws-roofs-352039-6494466_mapped_parchment_2023.09.03-1.20.1.jar for modid mcwroofs with version 2.3.2
[10May2026 20:20:51.930] [main/DEBUG] [net.minecraftforge.fml.loading.UniqueModListBuilder/]: Found 2 mods for first modid mcwdoors, selecting most recent based on version data
[10May2026 20:20:51.930] [main/DEBUG] [net.minecraftforge.fml.loading.UniqueModListBuilder/]: Selected file macaws-doors-378646-6146379_mapped_parchment_2023.09.03-1.20.1.jar for modid mcwdoors with version 1.1.2
[10May2026 20:20:51.930] [main/DEBUG] [net.minecraftforge.fml.loading.UniqueModListBuilder/]: Found 2 mods for first modid jei, selecting most recent based on version data
[10May2026 20:20:51.930] [main/DEBUG] [net.minecraftforge.fml.loading.UniqueModListBuilder/]: Selected file jei-1.20.1-forge-15.20.0.129_mapped_parchment_2023.09.03-1.20.1.jar for modid jei with version 15.20.0.129
[10May2026 20:20:51.930] [main/DEBUG] [net.minecraftforge.fml.loading.UniqueModListBuilder/]: Found 2 mods for first modid supplementaries, selecting most recent based on version data
[10May2026 20:20:51.930] [main/DEBUG] [net.minecraftforge.fml.loading.UniqueModListBuilder/]: Selected file supplementaries-412082-7884611_mapped_parchment_2023.09.03-1.20.1.jar for modid supplementaries with version 1.20-3.1.43
[10May2026 20:20:51.930] [main/DEBUG] [net.minecraftforge.fml.loading.UniqueModListBuilder/]: Found 2 mods for first modid fantasyfurniture, selecting most recent based on version data
[10May2026 20:20:51.930] [main/DEBUG] [net.minecraftforge.fml.loading.UniqueModListBuilder/]: Selected file fantasys-furniture-579564-4702176_mapped_parchment_2023.09.03-1.20.1.jar for modid fantasyfurniture with version 9.0.0
[10May2026 20:20:51.930] [main/DEBUG] [net.minecraftforge.fml.loading.UniqueModListBuilder/]: Found 2 mods for first modid mcwpaths, selecting most recent based on version data
[10May2026 20:20:51.930] [main/DEBUG] [net.minecraftforge.fml.loading.UniqueModListBuilder/]: Selected file macaws-paths-and-pavings-629153-7029554_mapped_parchment_2023.09.03-1.20.1.jar for modid mcwpaths with version 1.1.1
[10May2026 20:20:51.934] [main/DEBUG] [net.minecraftforge.fml.loading.moddiscovery.AbstractJarFileDependencyLocator/]: Failed to load resource META-INF/jarjar/metadata.json from forge-1.20.1-47.4.10_mapped_parchment_2023.09.03-1.20.1-recomp.jar, it does not contain dependency information.
[10May2026 20:20:51.934] [main/DEBUG] [net.minecraftforge.fml.loading.moddiscovery.AbstractJarFileDependencyLocator/]: Failed to load resource META-INF/jarjar/metadata.json from handcrafted-538214-5118729_mapped_parchment_2023.09.03-1.20.1.jar, it does not contain dependency information.
[10May2026 20:20:51.934] [main/DEBUG] [net.minecraftforge.fml.loading.moddiscovery.AbstractJarFileDependencyLocator/]: Failed to load resource META-INF/jarjar/metadata.json from macaws-roofs-352039-6494466_mapped_parchment_2023.09.03-1.20.1.jar, it does not contain dependency information.
[10May2026 20:20:51.934] [main/DEBUG] [net.minecraftforge.fml.loading.moddiscovery.AbstractJarFileDependencyLocator/]: Failed to load resource META-INF/jarjar/metadata.json from macaws-doors-378646-6146379_mapped_parchment_2023.09.03-1.20.1.jar, it does not contain dependency information.
[10May2026 20:20:51.934] [main/DEBUG] [net.minecraftforge.fml.loading.moddiscovery.AbstractJarFileDependencyLocator/]: Failed to load resource META-INF/jarjar/metadata.json from jei-1.20.1-forge-15.20.0.129_mapped_parchment_2023.09.03-1.20.1.jar, it does not contain dependency information.
[10May2026 20:20:51.935] [main/DEBUG] [net.minecraftforge.fml.loading.moddiscovery.AbstractJarFileDependencyLocator/]: Failed to load resource META-INF/jarjar/metadata.json from , it does not contain dependency information.
[10May2026 20:20:51.935] [main/DEBUG] [net.minecraftforge.fml.loading.moddiscovery.AbstractJarFileDependencyLocator/]: Failed to load resource META-INF/jarjar/metadata.json from main, it does not contain dependency information.
[10May2026 20:20:51.935] [main/DEBUG] [net.minecraftforge.fml.loading.moddiscovery.AbstractJarFileDependencyLocator/]: Failed to load resource META-INF/jarjar/metadata.json from macaws-paths-and-pavings-629153-7029554_mapped_parchment_2023.09.03-1.20.1.jar, it does not contain dependency information.
[10May2026 20:20:51.935] [main/DEBUG] [net.minecraftforge.fml.loading.moddiscovery.AbstractJarFileDependencyLocator/]: Failed to load resource META-INF/jarjar/metadata.json from mclanguage-1.20.1-47.4.10.jar, it does not contain dependency information.
[10May2026 20:20:51.935] [main/DEBUG] [net.minecraftforge.fml.loading.moddiscovery.AbstractJarFileDependencyLocator/]: Failed to load resource META-INF/jarjar/metadata.json from javafmllanguage-1.20.1-47.4.10.jar, it does not contain dependency information.
[10May2026 20:20:51.935] [main/DEBUG] [net.minecraftforge.fml.loading.moddiscovery.AbstractJarFileDependencyLocator/]: Failed to load resource META-INF/jarjar/metadata.json from fmlcore-1.20.1-47.4.10.jar, it does not contain dependency information.
[10May2026 20:20:51.935] [main/DEBUG] [net.minecraftforge.fml.loading.moddiscovery.AbstractJarFileDependencyLocator/]: Failed to load resource META-INF/jarjar/metadata.json from lowcodelanguage-1.20.1-47.4.10.jar, it does not contain dependency information.
[10May2026 20:20:51.985] [main/DEBUG] [net.minecraftforge.fml.loading.moddiscovery.ModFileParser/LOADING]: Considering mod file candidate 
[10May2026 20:20:51.986] [main/DEBUG] [net.minecraftforge.fml.loading.moddiscovery.ModFileInfo/LOADING]: Found valid mod file mixinextras-forge-0.2.0-rc.4.jar with {mixinextras} mods - versions {0.2.0-rc.4}
[10May2026 20:20:51.990] [main/DEBUG] [net.minecraftforge.fml.loading.moddiscovery.ModFileParser/LOADING]: Considering mod file candidate 
[10May2026 20:20:51.990] [main/DEBUG] [net.minecraftforge.fml.loading.moddiscovery.ModFileInfo/LOADING]: Found valid mod file apexcore-1.20.1-10.0.0.jar with {apexcore} mods - versions {10.0.0}
[10May2026 20:20:51.991] [main/DEBUG] [net.minecraftforge.fml.loading.moddiscovery.ModFileParser/LOADING]: Considering mod file candidate 
[10May2026 20:20:51.992] [main/DEBUG] [net.minecraftforge.fml.loading.moddiscovery.ModFileInfo/LOADING]: Found valid mod file mixinextras-forge-0.3.6.jar with {mixinextras} mods - versions {0.3.6}
[10May2026 20:20:51.992] [main/DEBUG] [net.minecraftforge.fml.loading.moddiscovery.ModFileParser/LOADING]: Considering mod file candidate 
[10May2026 20:20:51.993] [main/DEBUG] [net.minecraftforge.fml.loading.moddiscovery.ModFileInfo/LOADING]: Found valid mod file mixinsquared-forge-0.1.1.jar with {mixinsquared} mods - versions {0.1.1}
[10May2026 20:20:51.994] [main/DEBUG] [net.minecraftforge.fml.loading.moddiscovery.ModFileParser/LOADING]: Considering mod file candidate 
[10May2026 20:20:51.994] [main/DEBUG] [net.minecraftforge.fml.loading.moddiscovery.ModFileInfo/LOADING]: Found valid mod file mixinextras-forge-0.3.6.jar with {mixinextras} mods - versions {0.3.6}
[10May2026 20:20:51.995] [main/DEBUG] [net.minecraftforge.fml.loading.moddiscovery.ModFileParser/LOADING]: Considering mod file candidate 
[10May2026 20:20:51.995] [main/DEBUG] [net.minecraftforge.fml.loading.moddiscovery.ModFileInfo/LOADING]: Found valid mod file mixinsquared-forge-0.1.1.jar with {mixinsquared} mods - versions {0.1.1}
[10May2026 20:20:51.997] [main/DEBUG] [net.minecraftforge.fml.loading.moddiscovery.ModFileParser/LOADING]: Considering mod file candidate 
[10May2026 20:20:51.997] [main/DEBUG] [net.minecraftforge.fml.loading.moddiscovery.ModFileInfo/LOADING]: Found valid mod file mixinextras-forge-0.3.6.jar with {mixinextras} mods - versions {0.3.6}
[10May2026 20:20:51.999] [main/DEBUG] [net.minecraftforge.fml.loading.moddiscovery.AbstractJarFileDependencyLocator/]: Failed to load resource META-INF/jarjar/metadata.json from caffeine-3.2.1.jar, it does not contain dependency information.
[10May2026 20:20:52.007] [main/DEBUG] [net.minecraftforge.fml.loading.moddiscovery.ModFileParser/LOADING]: Considering mod file candidate 
[10May2026 20:20:52.008] [main/DEBUG] [net.minecraftforge.fml.loading.moddiscovery.ModFileInfo/LOADING]: Found valid mod file commonality-1.20.1-7.0.0.jar with {commonality} mods - versions {7.0.0}
[10May2026 20:20:52.019] [main/DEBUG] [net.minecraftforge.fml.loading.moddiscovery.AbstractJarFileDependencyLocator/]: Failed to load resource META-INF/jarjar/metadata.json from yabn-1.0.3.jar, it does not contain dependency information.
[10May2026 20:20:52.019] [main/DEBUG] [net.minecraftforge.fml.loading.moddiscovery.AbstractJarFileDependencyLocator/]: Failed to load resource META-INF/jarjar/metadata.json from bytecodecs-1.0.2.jar, it does not contain dependency information.
[10May2026 20:20:52.019] [main/DEBUG] [net.minecraftforge.fml.loading.moddiscovery.AbstractJarFileDependencyLocator/]: Failed to load resource META-INF/jarjar/metadata.json from MixinExtras-0.2.0-rc.4.jar, it does not contain dependency information.
[10May2026 20:20:52.019] [main/DEBUG] [net.minecraftforge.fml.loading.moddiscovery.AbstractJarFileDependencyLocator/]: Failed to load resource META-INF/jarjar/metadata.json from Registrate-MC1.20-1.3.3.jar, it does not contain dependency information.
[10May2026 20:20:52.019] [main/DEBUG] [net.minecraftforge.fml.loading.moddiscovery.AbstractJarFileDependencyLocator/]: Failed to load resource META-INF/jarjar/metadata.json from MixinExtras-0.3.6.jar, it does not contain dependency information.
[10May2026 20:20:52.019] [main/DEBUG] [net.minecraftforge.fml.loading.moddiscovery.AbstractJarFileDependencyLocator/]: Failed to load resource META-INF/jarjar/metadata.json from MixinSquared-0.1.1.jar, it does not contain dependency information.
[10May2026 20:20:52.019] [main/DEBUG] [net.minecraftforge.fml.loading.moddiscovery.AbstractJarFileDependencyLocator/]: Failed to load resource META-INF/jarjar/metadata.json from MixinExtras-0.3.6.jar, it does not contain dependency information.
[10May2026 20:20:52.019] [main/DEBUG] [net.minecraftforge.fml.loading.moddiscovery.AbstractJarFileDependencyLocator/]: Failed to load resource META-INF/jarjar/metadata.json from MixinSquared-0.1.1.jar, it does not contain dependency information.
[10May2026 20:20:52.019] [main/DEBUG] [net.minecraftforge.fml.loading.moddiscovery.AbstractJarFileDependencyLocator/]: Failed to load resource META-INF/jarjar/metadata.json from MixinExtras-0.3.6.jar, it does not contain dependency information.
[10May2026 20:20:52.036] [main/DEBUG] [net.minecraftforge.fml.loading.moddiscovery.ModFileParser/LOADING]: Considering mod file candidate 
[10May2026 20:20:52.036] [main/DEBUG] [net.minecraftforge.fml.loading.moddiscovery.ModFileInfo/LOADING]: Found valid mod file apexcore-1.20.1-10.0.0.jar with {apexcore} mods - versions {10.0.0}
[10May2026 20:20:52.037] [main/DEBUG] [net.minecraftforge.fml.loading.moddiscovery.ModFileParser/LOADING]: Considering mod file candidate 
[10May2026 20:20:52.037] [main/DEBUG] [net.minecraftforge.fml.loading.moddiscovery.ModFileInfo/LOADING]: Found valid mod file mixinsquared-forge-0.1.1.jar with {mixinsquared} mods - versions {0.1.1}
[10May2026 20:20:52.049] [main/DEBUG] [net.minecraftforge.fml.loading.moddiscovery.ModFileParser/LOADING]: Considering mod file candidate 
[10May2026 20:20:52.049] [main/DEBUG] [net.minecraftforge.fml.loading.moddiscovery.ModFileInfo/LOADING]: Found valid mod file mixinextras-forge-0.3.6.jar with {mixinextras} mods - versions {0.3.6}
[10May2026 20:20:52.054] [main/DEBUG] [net.minecraftforge.fml.loading.moddiscovery.ModFileParser/LOADING]: Considering mod file candidate 
[10May2026 20:20:52.054] [main/DEBUG] [net.minecraftforge.fml.loading.moddiscovery.ModFileInfo/LOADING]: Found valid mod file commonality-1.20.1-7.0.0.jar with {commonality} mods - versions {7.0.0}
[10May2026 20:20:52.055] [main/INFO] [net.minecraftforge.fml.loading.moddiscovery.JarInJarDependencyLocator/]: Found 10 dependencies adding them to mods collection
[10May2026 20:20:52.056] [main/DEBUG] [net.minecraftforge.fml.loading.moddiscovery.ModFileInfo/LOADING]: Found valid mod file forge-1.20.1-47.4.10_mapped_parchment_2023.09.03-1.20.1-recomp.jar with {minecraft} mods - versions {1.20.1}
[10May2026 20:20:52.058] [main/DEBUG] [net.minecraftforge.fml.loading.moddiscovery.ModFile/LOADING]: Loading mod file /Users/bowieconnors/.gradle/caches/forge_gradle/minecraft_user_repo/net/minecraftforge/forge/1.20.1-47.4.10_mapped_parchment_2023.09.03-1.20.1/forge-1.20.1-47.4.10_mapped_parchment_2023.09.03-1.20.1-recomp.jar with languages [LanguageSpec[languageName=minecraft, acceptedVersions=1]]
[10May2026 20:20:52.058] [main/DEBUG] [net.minecraftforge.fml.loading.moddiscovery.ModFileParser/LOADING]: Considering mod file candidate /Users/bowieconnors/.gradle/caches/forge_gradle/deobf_dependencies/curse/maven/framedblocks-441647/7386520_mapped_parchment_2023.09.03-1.20.1/framedblocks-441647-7386520_mapped_parchment_2023.09.03-1.20.1.jar
[10May2026 20:20:52.059] [main/DEBUG] [net.minecraftforge.fml.loading.moddiscovery.ModFileInfo/LOADING]: Found valid mod file framedblocks-441647-7386520_mapped_parchment_2023.09.03-1.20.1.jar with {framedblocks} mods - versions {9.4.3}
[10May2026 20:20:52.059] [main/DEBUG] [net.minecraftforge.fml.loading.moddiscovery.ModFile/LOADING]: Loading mod file /Users/bowieconnors/.gradle/caches/forge_gradle/deobf_dependencies/curse/maven/framedblocks-441647/7386520_mapped_parchment_2023.09.03-1.20.1/framedblocks-441647-7386520_mapped_parchment_2023.09.03-1.20.1.jar with languages [LanguageSpec[languageName=javafml, acceptedVersions=[47,)]]
[10May2026 20:20:52.059] [main/DEBUG] [net.minecraftforge.fml.loading.moddiscovery.ModFileParser/LOADING]: Considering mod file candidate /Users/bowieconnors/.gradle/caches/forge_gradle/deobf_dependencies/curse/maven/farmers-delight-398521/8007609_mapped_parchment_2023.09.03-1.20.1/farmers-delight-398521-8007609_mapped_parchment_2023.09.03-1.20.1.jar
[10May2026 20:20:52.059] [main/DEBUG] [net.minecraftforge.fml.loading.moddiscovery.ModFileInfo/LOADING]: Found valid mod file farmers-delight-398521-8007609_mapped_parchment_2023.09.03-1.20.1.jar with {farmersdelight} mods - versions {1.20.1-1.3.1}
[10May2026 20:20:52.059] [main/DEBUG] [net.minecraftforge.fml.loading.moddiscovery.ModFile/LOADING]: Loading mod file /Users/bowieconnors/.gradle/caches/forge_gradle/deobf_dependencies/curse/maven/farmers-delight-398521/8007609_mapped_parchment_2023.09.03-1.20.1/farmers-delight-398521-8007609_mapped_parchment_2023.09.03-1.20.1.jar with languages [LanguageSpec[languageName=javafml, acceptedVersions=[46,)]]
[10May2026 20:20:52.059] [main/DEBUG] [net.minecraftforge.fml.loading.moddiscovery.ModFileParser/LOADING]: Considering mod file candidate /Users/bowieconnors/.gradle/caches/forge_gradle/deobf_dependencies/curse/maven/handcrafted-538214/5118729_mapped_parchment_2023.09.03-1.20.1/handcrafted-538214-5118729_mapped_parchment_2023.09.03-1.20.1.jar
[10May2026 20:20:52.059] [main/DEBUG] [net.minecraftforge.fml.loading.moddiscovery.ModFileInfo/LOADING]: Found valid mod file handcrafted-538214-5118729_mapped_parchment_2023.09.03-1.20.1.jar with {handcrafted} mods - versions {3.0.6}
[10May2026 20:20:52.059] [main/DEBUG] [net.minecraftforge.fml.loading.moddiscovery.ModFile/LOADING]: Loading mod file /Users/bowieconnors/.gradle/caches/forge_gradle/deobf_dependencies/curse/maven/handcrafted-538214/5118729_mapped_parchment_2023.09.03-1.20.1/handcrafted-538214-5118729_mapped_parchment_2023.09.03-1.20.1.jar with languages [LanguageSpec[languageName=javafml, acceptedVersions=[47,)]]
[10May2026 20:20:52.060] [main/DEBUG] [net.minecraftforge.fml.loading.moddiscovery.ModFileParser/LOADING]: Considering mod file candidate /Users/bowieconnors/.gradle/caches/forge_gradle/deobf_dependencies/curse/maven/selene-499980/7540753_mapped_parchment_2023.09.03-1.20.1/selene-499980-7540753_mapped_parchment_2023.09.03-1.20.1.jar
[10May2026 20:20:52.060] [main/DEBUG] [net.minecraftforge.fml.loading.moddiscovery.ModFileInfo/LOADING]: Found valid mod file selene-499980-7540753_mapped_parchment_2023.09.03-1.20.1.jar with {moonlight} mods - versions {1.20-2.16.26}
[10May2026 20:20:52.060] [main/DEBUG] [net.minecraftforge.fml.loading.moddiscovery.ModFile/LOADING]: Loading mod file /Users/bowieconnors/.gradle/caches/forge_gradle/deobf_dependencies/curse/maven/selene-499980/7540753_mapped_parchment_2023.09.03-1.20.1/selene-499980-7540753_mapped_parchment_2023.09.03-1.20.1.jar with languages [LanguageSpec[languageName=javafml, acceptedVersions=[40,)]]
[10May2026 20:20:52.060] [main/DEBUG] [net.minecraftforge.fml.loading.moddiscovery.ModFileParser/LOADING]: Considering mod file candidate 
[10May2026 20:20:52.060] [main/DEBUG] [net.minecraftforge.fml.loading.moddiscovery.ModFileInfo/LOADING]: Found valid mod file commonality-1.20.1-7.0.0.jar with {commonality} mods - versions {7.0.0}
[10May2026 20:20:52.060] [main/DEBUG] [net.minecraftforge.fml.loading.moddiscovery.ModFile/LOADING]: Loading mod file  with languages [LanguageSpec[languageName=javafml, acceptedVersions=[46,48)]]
[10May2026 20:20:52.060] [main/DEBUG] [net.minecraftforge.fml.loading.moddiscovery.ModFileParser/LOADING]: Considering mod file candidate /Users/bowieconnors/.gradle/caches/forge_gradle/deobf_dependencies/curse/maven/resourceful-lib-570073/5659871_mapped_parchment_2023.09.03-1.20.1/resourceful-lib-570073-5659871_mapped_parchment_2023.09.03-1.20.1.jar
[10May2026 20:20:52.060] [main/DEBUG] [net.minecraftforge.fml.loading.moddiscovery.ModFileInfo/LOADING]: Found valid mod file resourceful-lib-570073-5659871_mapped_parchment_2023.09.03-1.20.1.jar with {resourcefullib} mods - versions {2.1.29}
[10May2026 20:20:52.061] [main/DEBUG] [net.minecraftforge.fml.loading.moddiscovery.ModFile/LOADING]: Loading mod file /Users/bowieconnors/.gradle/caches/forge_gradle/deobf_dependencies/curse/maven/resourceful-lib-570073/5659871_mapped_parchment_2023.09.03-1.20.1/resourceful-lib-570073-5659871_mapped_parchment_2023.09.03-1.20.1.jar with languages [LanguageSpec[languageName=javafml, acceptedVersions=[46,)]]
[10May2026 20:20:52.061] [main/DEBUG] [net.minecraftforge.fml.loading.moddiscovery.ModFileParser/LOADING]: Considering mod file candidate /Users/bowieconnors/.gradle/caches/forge_gradle/deobf_dependencies/curse/maven/macaws-roofs-352039/6494466_mapped_parchment_2023.09.03-1.20.1/macaws-roofs-352039-6494466_mapped_parchment_2023.09.03-1.20.1.jar
[10May2026 20:20:52.061] [main/DEBUG] [net.minecraftforge.fml.loading.moddiscovery.ModFileInfo/LOADING]: Found valid mod file macaws-roofs-352039-6494466_mapped_parchment_2023.09.03-1.20.1.jar with {mcwroofs} mods - versions {2.3.2}
[10May2026 20:20:52.061] [main/DEBUG] [net.minecraftforge.fml.loading.moddiscovery.ModFile/LOADING]: Loading mod file /Users/bowieconnors/.gradle/caches/forge_gradle/deobf_dependencies/curse/maven/macaws-roofs-352039/6494466_mapped_parchment_2023.09.03-1.20.1/macaws-roofs-352039-6494466_mapped_parchment_2023.09.03-1.20.1.jar with languages [LanguageSpec[languageName=javafml, acceptedVersions=[28,)]]
[10May2026 20:20:52.061] [main/DEBUG] [net.minecraftforge.fml.loading.moddiscovery.ModFileParser/LOADING]: Considering mod file candidate /Users/bowieconnors/.gradle/caches/forge_gradle/deobf_dependencies/curse/maven/macaws-doors-378646/6146379_mapped_parchment_2023.09.03-1.20.1/macaws-doors-378646-6146379_mapped_parchment_2023.09.03-1.20.1.jar
[10May2026 20:20:52.061] [main/DEBUG] [net.minecraftforge.fml.loading.moddiscovery.ModFileInfo/LOADING]: Found valid mod file macaws-doors-378646-6146379_mapped_parchment_2023.09.03-1.20.1.jar with {mcwdoors} mods - versions {1.1.2}
[10May2026 20:20:52.061] [main/DEBUG] [net.minecraftforge.fml.loading.moddiscovery.ModFile/LOADING]: Loading mod file /Users/bowieconnors/.gradle/caches/forge_gradle/deobf_dependencies/curse/maven/macaws-doors-378646/6146379_mapped_parchment_2023.09.03-1.20.1/macaws-doors-378646-6146379_mapped_parchment_2023.09.03-1.20.1.jar with languages [LanguageSpec[languageName=javafml, acceptedVersions=[28,)]]
[10May2026 20:20:52.061] [main/DEBUG] [net.minecraftforge.fml.loading.moddiscovery.ModFileParser/LOADING]: Considering mod file candidate 
[10May2026 20:20:52.061] [main/DEBUG] [net.minecraftforge.fml.loading.moddiscovery.ModFileInfo/LOADING]: Found valid mod file apexcore-1.20.1-10.0.0.jar with {apexcore} mods - versions {10.0.0}
[10May2026 20:20:52.061] [main/DEBUG] [net.minecraftforge.fml.loading.moddiscovery.ModFile/LOADING]: Loading mod file  with languages [LanguageSpec[languageName=javafml, acceptedVersions=[46,48)]]
[10May2026 20:20:52.062] [main/DEBUG] [net.minecraftforge.fml.loading.moddiscovery.ModFileParser/LOADING]: Considering mod file candidate /Users/bowieconnors/.gradle/caches/forge_gradle/deobf_dependencies/mezz/jei/jei-1.20.1-forge/15.20.0.129_mapped_parchment_2023.09.03-1.20.1/jei-1.20.1-forge-15.20.0.129_mapped_parchment_2023.09.03-1.20.1.jar
[10May2026 20:20:52.062] [main/DEBUG] [net.minecraftforge.fml.loading.moddiscovery.ModFileInfo/LOADING]: Found valid mod file jei-1.20.1-forge-15.20.0.129_mapped_parchment_2023.09.03-1.20.1.jar with {jei} mods - versions {15.20.0.129}
[10May2026 20:20:52.062] [main/DEBUG] [net.minecraftforge.fml.loading.moddiscovery.ModFile/LOADING]: Loading mod file /Users/bowieconnors/.gradle/caches/forge_gradle/deobf_dependencies/mezz/jei/jei-1.20.1-forge/15.20.0.129_mapped_parchment_2023.09.03-1.20.1/jei-1.20.1-forge-15.20.0.129_mapped_parchment_2023.09.03-1.20.1.jar with languages [LanguageSpec[languageName=javafml, acceptedVersions=[47,)]]
[10May2026 20:20:52.062] [main/DEBUG] [net.minecraftforge.fml.loading.moddiscovery.ModFileParser/LOADING]: Considering mod file candidate /
[10May2026 20:20:52.062] [main/DEBUG] [net.minecraftforge.fml.loading.moddiscovery.ModFileInfo/LOADING]: Found valid mod file  with {forge} mods - versions {47.4.10}
[10May2026 20:20:52.062] [main/DEBUG] [net.minecraftforge.fml.loading.moddiscovery.ModFile/LOADING]: Loading mod file / with languages [LanguageSpec[languageName=javafml, acceptedVersions=[24,]]]
[10May2026 20:20:52.063] [main/DEBUG] [net.minecraftforge.fml.loading.moddiscovery.ModFileParser/LOADING]: Found coremod field_to_method with Javascript path coremods/field_to_method.js
[10May2026 20:20:52.064] [main/DEBUG] [net.minecraftforge.fml.loading.moddiscovery.ModFileParser/LOADING]: Found coremod field_to_instanceof with Javascript path coremods/field_to_instanceof.js
[10May2026 20:20:52.064] [main/DEBUG] [net.minecraftforge.fml.loading.moddiscovery.ModFileParser/LOADING]: Found coremod add_bouncer_method with Javascript path coremods/add_bouncer_method.js
[10May2026 20:20:52.064] [main/DEBUG] [net.minecraftforge.fml.loading.moddiscovery.ModFileParser/LOADING]: Found coremod method_redirector with Javascript path coremods/method_redirector.js
[10May2026 20:20:52.064] [main/DEBUG] [net.minecraftforge.fml.loading.moddiscovery.ModFile/LOADING]: Found coremod coremods/field_to_method.js
[10May2026 20:20:52.064] [main/DEBUG] [net.minecraftforge.fml.loading.moddiscovery.ModFile/LOADING]: Found coremod coremods/field_to_instanceof.js
[10May2026 20:20:52.064] [main/DEBUG] [net.minecraftforge.fml.loading.moddiscovery.ModFile/LOADING]: Found coremod coremods/add_bouncer_method.js
[10May2026 20:20:52.064] [main/DEBUG] [net.minecraftforge.fml.loading.moddiscovery.ModFile/LOADING]: Found coremod coremods/method_redirector.js
[10May2026 20:20:52.064] [main/DEBUG] [net.minecraftforge.fml.loading.moddiscovery.ModFileParser/LOADING]: Considering mod file candidate /Users/bowieconnors/Documents/GitHub/Thuumcraft/Thuumcraft/build/resources/main
[10May2026 20:20:52.065] [main/DEBUG] [net.minecraftforge.fml.loading.moddiscovery.ModFileInfo/LOADING]: Found valid mod file main with {thuumcraft} mods - versions {1.0-1.20.1}
[10May2026 20:20:52.065] [main/DEBUG] [net.minecraftforge.fml.loading.moddiscovery.ModFile/LOADING]: Loading mod file /Users/bowieconnors/Documents/GitHub/Thuumcraft/Thuumcraft/build/resources/main with languages [LanguageSpec[languageName=javafml, acceptedVersions=[47,)]]
[10May2026 20:20:52.065] [main/DEBUG] [net.minecraftforge.fml.loading.moddiscovery.ModFileParser/LOADING]: Considering mod file candidate /Users/bowieconnors/.gradle/caches/forge_gradle/deobf_dependencies/curse/maven/supplementaries-412082/7884611_mapped_parchment_2023.09.03-1.20.1/supplementaries-412082-7884611_mapped_parchment_2023.09.03-1.20.1.jar
[10May2026 20:20:52.065] [main/DEBUG] [net.minecraftforge.fml.loading.moddiscovery.ModFileInfo/LOADING]: Found valid mod file supplementaries-412082-7884611_mapped_parchment_2023.09.03-1.20.1.jar with {supplementaries} mods - versions {1.20-3.1.43}
[10May2026 20:20:52.065] [main/DEBUG] [net.minecraftforge.fml.loading.moddiscovery.ModFile/LOADING]: Loading mod file /Users/bowieconnors/.gradle/caches/forge_gradle/deobf_dependencies/curse/maven/supplementaries-412082/7884611_mapped_parchment_2023.09.03-1.20.1/supplementaries-412082-7884611_mapped_parchment_2023.09.03-1.20.1.jar with languages [LanguageSpec[languageName=javafml, acceptedVersions=[4,)]]
[10May2026 20:20:52.065] [main/DEBUG] [net.minecraftforge.fml.loading.moddiscovery.ModFileParser/LOADING]: Considering mod file candidate /Users/bowieconnors/.gradle/caches/forge_gradle/deobf_dependencies/curse/maven/fantasys-furniture-579564/4702176_mapped_parchment_2023.09.03-1.20.1/fantasys-furniture-579564-4702176_mapped_parchment_2023.09.03-1.20.1.jar
[10May2026 20:20:52.066] [main/DEBUG] [net.minecraftforge.fml.loading.moddiscovery.ModFileInfo/LOADING]: Found valid mod file fantasys-furniture-579564-4702176_mapped_parchment_2023.09.03-1.20.1.jar with {fantasyfurniture} mods - versions {9.0.0}
[10May2026 20:20:52.066] [main/DEBUG] [net.minecraftforge.fml.loading.moddiscovery.ModFile/LOADING]: Loading mod file /Users/bowieconnors/.gradle/caches/forge_gradle/deobf_dependencies/curse/maven/fantasys-furniture-579564/4702176_mapped_parchment_2023.09.03-1.20.1/fantasys-furniture-579564-4702176_mapped_parchment_2023.09.03-1.20.1.jar with languages [LanguageSpec[languageName=javafml, acceptedVersions=[46,48)]]
[10May2026 20:20:52.066] [main/DEBUG] [net.minecraftforge.fml.loading.moddiscovery.ModFileParser/LOADING]: Considering mod file candidate /Users/bowieconnors/.gradle/caches/forge_gradle/deobf_dependencies/curse/maven/macaws-paths-and-pavings-629153/7029554_mapped_parchment_2023.09.03-1.20.1/macaws-paths-and-pavings-629153-7029554_mapped_parchment_2023.09.03-1.20.1.jar
[10May2026 20:20:52.066] [main/DEBUG] [net.minecraftforge.fml.loading.moddiscovery.ModFileInfo/LOADING]: Found valid mod file macaws-paths-and-pavings-629153-7029554_mapped_parchment_2023.09.03-1.20.1.jar with {mcwpaths} mods - versions {1.1.1}
[10May2026 20:20:52.066] [main/DEBUG] [net.minecraftforge.fml.loading.moddiscovery.ModFile/LOADING]: Loading mod file /Users/bowieconnors/.gradle/caches/forge_gradle/deobf_dependencies/curse/maven/macaws-paths-and-pavings-629153/7029554_mapped_parchment_2023.09.03-1.20.1/macaws-paths-and-pavings-629153-7029554_mapped_parchment_2023.09.03-1.20.1.jar with languages [LanguageSpec[languageName=javafml, acceptedVersions=[28,)]]
[10May2026 20:20:52.066] [main/DEBUG] [net.minecraftforge.fml.loading.moddiscovery.ModFileParser/LOADING]: Considering mod file candidate 
[10May2026 20:20:52.066] [main/DEBUG] [net.minecraftforge.fml.loading.moddiscovery.ModFileInfo/LOADING]: Found valid mod file mixinextras-forge-0.3.6.jar with {mixinextras} mods - versions {0.3.6}
[10May2026 20:20:52.067] [main/DEBUG] [net.minecraftforge.fml.loading.moddiscovery.ModFile/LOADING]: Loading mod file  with languages [LanguageSpec[languageName=javafml, acceptedVersions=*]]
[10May2026 20:20:52.067] [main/DEBUG] [net.minecraftforge.fml.loading.moddiscovery.ModFileParser/LOADING]: Considering mod file candidate 
[10May2026 20:20:52.067] [main/DEBUG] [net.minecraftforge.fml.loading.moddiscovery.ModFileInfo/LOADING]: Found valid mod file mixinsquared-forge-0.1.1.jar with {mixinsquared} mods - versions {0.1.1}
[10May2026 20:20:52.067] [main/DEBUG] [net.minecraftforge.fml.loading.moddiscovery.ModFile/LOADING]: Loading mod file  with languages [LanguageSpec[languageName=javafml, acceptedVersions=*]]
[10May2026 20:20:52.067] [main/DEBUG] [net.minecraftforge.fml.loading.moddiscovery.ModFile/LOADING]: Loading mod file  with languages []
[10May2026 20:20:52.067] [main/DEBUG] [net.minecraftforge.fml.loading.moddiscovery.ModFile/LOADING]: Loading mod file  with languages []
[10May2026 20:20:52.067] [main/DEBUG] [net.minecraftforge.fml.loading.moddiscovery.ModFile/LOADING]: Loading mod file  with languages []
[10May2026 20:20:52.067] [main/DEBUG] [net.minecraftforge.fml.loading.moddiscovery.ModFile/LOADING]: Loading mod file  with languages []
[10May2026 20:20:52.067] [main/DEBUG] [net.minecraftforge.fml.loading.moddiscovery.ModFile/LOADING]: Loading mod file  with languages []
[10May2026 20:20:52.067] [main/DEBUG] [net.minecraftforge.fml.loading.moddiscovery.ModFile/LOADING]: Loading mod file  with languages []
[10May2026 20:20:52.067] [main/DEBUG] [net.minecraftforge.fml.loading.moddiscovery.ModFileParser/LOADING]: Considering mod file candidate 
[10May2026 20:20:52.067] [main/DEBUG] [net.minecraftforge.fml.loading.moddiscovery.ModFileInfo/LOADING]: Found valid mod file mixinextras-forge-0.3.6.jar with {mixinextras} mods - versions {0.3.6}
[10May2026 20:20:52.067] [main/DEBUG] [net.minecraftforge.fml.loading.moddiscovery.ModFile/LOADING]: Loading mod file  with languages [LanguageSpec[languageName=javafml, acceptedVersions=*]]
[10May2026 20:20:52.067] [main/DEBUG] [net.minecraftforge.fml.loading.moddiscovery.ModFileParser/LOADING]: Considering mod file candidate 
[10May2026 20:20:52.068] [main/DEBUG] [net.minecraftforge.fml.loading.moddiscovery.ModFileInfo/LOADING]: Found valid mod file mixinsquared-forge-0.1.1.jar with {mixinsquared} mods - versions {0.1.1}
[10May2026 20:20:52.068] [main/DEBUG] [net.minecraftforge.fml.loading.moddiscovery.ModFile/LOADING]: Loading mod file  with languages [LanguageSpec[languageName=javafml, acceptedVersions=*]]
[10May2026 20:20:52.068] [main/DEBUG] [net.minecraftforge.fml.loading.moddiscovery.ModFile/LOADING]: Loading mod file  with languages []
[10May2026 20:20:52.068] [main/DEBUG] [net.minecraftforge.fml.loading.moddiscovery.ModFile/LOADING]: Loading mod file  with languages []
[10May2026 20:20:52.068] [main/DEBUG] [net.minecraftforge.fml.loading.moddiscovery.ModFile/LOADING]: Loading mod file  with languages []
[10May2026 20:20:52.068] [main/DEBUG] [net.minecraftforge.fml.loading.moddiscovery.ModFile/LOADING]: Loading mod file  with languages []
[10May2026 20:20:52.068] [main/DEBUG] [net.minecraftforge.fml.loading.moddiscovery.ModFile/LOADING]: Loading mod file  with languages []
[10May2026 20:20:52.068] [main/DEBUG] [net.minecraftforge.fml.loading.moddiscovery.ModFile/LOADING]: Loading mod file  with languages []
[10May2026 20:20:52.068] [main/DEBUG] [cpw.mods.modlauncher.TransformationServiceDecorator/MODLAUNCHER]: End scan trigger - transformation service fml
[10May2026 20:20:52.074] [main/DEBUG] [net.minecraftforge.fml.loading.LanguageLoadingProvider/CORE]: Found 3 language providers
[10May2026 20:20:52.074] [main/DEBUG] [net.minecraftforge.fml.loading.LanguageLoadingProvider/CORE]: Found language provider minecraft, version 1.0
[10May2026 20:20:52.074] [main/DEBUG] [net.minecraftforge.fml.loading.LanguageLoadingProvider/CORE]: Found language provider lowcodefml, version 47
[10May2026 20:20:52.074] [main/DEBUG] [net.minecraftforge.fml.loading.LanguageLoadingProvider/CORE]: Found language provider javafml, version 47
[10May2026 20:20:52.076] [main/DEBUG] [net.minecraftforge.fml.loading.UniqueModListBuilder/]: Found 2 mods for first modid mixinextras, selecting most recent based on version data
[10May2026 20:20:52.076] [main/DEBUG] [net.minecraftforge.fml.loading.UniqueModListBuilder/]: Selected file mixinextras-forge-0.3.6.jar for modid mixinextras with version 0.3.6
[10May2026 20:20:52.076] [main/DEBUG] [net.minecraftforge.fml.loading.UniqueModListBuilder/]: Found 2 mods for first modid mixinsquared, selecting most recent based on version data
[10May2026 20:20:52.076] [main/DEBUG] [net.minecraftforge.fml.loading.UniqueModListBuilder/]: Selected file mixinsquared-forge-0.1.1.jar for modid mixinsquared with version 0.1.1
[10May2026 20:20:52.076] [main/DEBUG] [net.minecraftforge.fml.loading.UniqueModListBuilder/]: Found 2 mods for first modid bytecodecs, selecting most recent based on version data
[10May2026 20:20:52.076] [main/DEBUG] [net.minecraftforge.fml.loading.UniqueModListBuilder/]: Selected file bytecodecs-1.0.2.jar for modid bytecodecs with version 0.0NONE
[10May2026 20:20:52.076] [main/DEBUG] [net.minecraftforge.fml.loading.UniqueModListBuilder/]: Found 2 mods for first modid yabn, selecting most recent based on version data
[10May2026 20:20:52.076] [main/DEBUG] [net.minecraftforge.fml.loading.UniqueModListBuilder/]: Selected file yabn-1.0.3.jar for modid yabn with version 0.0NONE
[10May2026 20:20:52.076] [main/DEBUG] [net.minecraftforge.fml.loading.UniqueModListBuilder/]: Found 2 mods for first modid com.github.benmanes.caffeine, selecting most recent based on version data
[10May2026 20:20:52.076] [main/DEBUG] [net.minecraftforge.fml.loading.UniqueModListBuilder/]: Selected file caffeine-3.2.1.jar for modid com.github.benmanes.caffeine with version 3.2.1
[10May2026 20:20:52.076] [main/DEBUG] [net.minecraftforge.fml.loading.UniqueModListBuilder/]: Found 2 mods for first modid MixinExtras, selecting most recent based on version data
[10May2026 20:20:52.076] [main/DEBUG] [net.minecraftforge.fml.loading.UniqueModListBuilder/]: Selected file MixinExtras-0.3.6.jar for modid MixinExtras with version 0.0NONE
[10May2026 20:20:52.076] [main/DEBUG] [net.minecraftforge.fml.loading.UniqueModListBuilder/]: Found 2 mods for first modid MixinSquared, selecting most recent based on version data
[10May2026 20:20:52.076] [main/DEBUG] [net.minecraftforge.fml.loading.UniqueModListBuilder/]: Selected file MixinSquared-0.1.1.jar for modid MixinSquared with version 0.0NONE
[10May2026 20:20:52.076] [main/DEBUG] [net.minecraftforge.fml.loading.UniqueModListBuilder/]: Found 2 mods for first modid Registrate.MC1._20, selecting most recent based on version data
[10May2026 20:20:52.077] [main/DEBUG] [net.minecraftforge.fml.loading.UniqueModListBuilder/]: Selected file Registrate-MC1.20-1.3.3.jar for modid Registrate.MC1._20 with version 0.0NONE
[10May2026 20:20:52.077] [main/DEBUG] [net.minecraftforge.fml.loading.ModSorter/]: Configured system mods: [minecraft, forge]
[10May2026 20:20:52.077] [main/DEBUG] [net.minecraftforge.fml.loading.ModSorter/]: Found system mod: minecraft
[10May2026 20:20:52.077] [main/DEBUG] [net.minecraftforge.fml.loading.ModSorter/]: Found system mod: forge
[10May2026 20:20:52.078] [main/DEBUG] [net.minecraftforge.fml.loading.ModSorter/LOADING]: Found 49 mod requirements (35 mandatory, 14 optional)
[10May2026 20:20:52.078] [main/DEBUG] [net.minecraftforge.fml.loading.ModSorter/LOADING]: Found 0 mod requirements missing (0 mandatory, 0 optional)
[10May2026 20:20:52.267] [main/DEBUG] [net.minecraftforge.fml.loading.MCPNamingService/CORE]: Loaded 34318 method mappings from methods.csv
[10May2026 20:20:52.288] [main/DEBUG] [net.minecraftforge.fml.loading.MCPNamingService/CORE]: Loaded 31014 field mappings from fields.csv
[10May2026 20:20:52.337] [main/DEBUG] [cpw.mods.modlauncher.TransformationServicesHandler/MODLAUNCHER]: Transformation services loading transformers
[10May2026 20:20:52.338] [main/DEBUG] [cpw.mods.modlauncher.TransformationServiceDecorator/MODLAUNCHER]: Initializing transformers for transformation service mixin
[10May2026 20:20:52.338] [main/DEBUG] [cpw.mods.modlauncher.TransformationServiceDecorator/MODLAUNCHER]: Initialized transformers for transformation service mixin
[10May2026 20:20:52.338] [main/DEBUG] [cpw.mods.modlauncher.TransformationServiceDecorator/MODLAUNCHER]: Initializing transformers for transformation service fml
[10May2026 20:20:52.338] [main/DEBUG] [net.minecraftforge.fml.loading.FMLServiceProvider/CORE]: Loading coremod transformers
[10May2026 20:20:52.338] [main/DEBUG] [net.minecraftforge.coremod.CoreModEngine/COREMOD]: Loading CoreMod from coremods/field_to_method.js
[10May2026 20:20:52.414] [main/DEBUG] [net.minecraftforge.coremod.CoreModEngine/COREMOD]: CoreMod loaded successfully
[10May2026 20:20:52.414] [main/DEBUG] [net.minecraftforge.coremod.CoreModEngine/COREMOD]: Loading CoreMod from coremods/field_to_instanceof.js
[10May2026 20:20:52.445] [main/DEBUG] [net.minecraftforge.coremod.CoreModEngine/COREMOD]: CoreMod loaded successfully
[10May2026 20:20:52.445] [main/DEBUG] [net.minecraftforge.coremod.CoreModEngine/COREMOD]: Loading CoreMod from coremods/add_bouncer_method.js
[10May2026 20:20:52.461] [main/DEBUG] [net.minecraftforge.coremod.CoreModEngine/COREMOD]: CoreMod loaded successfully
[10May2026 20:20:52.461] [main/DEBUG] [net.minecraftforge.coremod.CoreModEngine/COREMOD]: Loading CoreMod from coremods/method_redirector.js
[10May2026 20:20:52.495] [main/DEBUG] [net.minecraftforge.coremod.CoreModEngine/COREMOD]: CoreMod loaded successfully
[10May2026 20:20:52.500] [main/DEBUG] [cpw.mods.modlauncher.TransformStore/MODLAUNCHER]: Adding transformer net.minecraftforge.coremod.transformer.CoreModClassTransformer@3a2e9f5b to Target : CLASS {Lnet/minecraft/world/level/biome/Biome;} {} {V}
[10May2026 20:20:52.501] [main/DEBUG] [cpw.mods.modlauncher.TransformStore/MODLAUNCHER]: Adding transformer net.minecraftforge.coremod.transformer.CoreModClassTransformer@76fe6cdc to Target : CLASS {Lnet/minecraft/world/level/levelgen/structure/Structure;} {} {V}
[10May2026 20:20:52.501] [main/DEBUG] [cpw.mods.modlauncher.TransformStore/MODLAUNCHER]: Adding transformer net.minecraftforge.coremod.transformer.CoreModClassTransformer@2ffb3aec to Target : CLASS {Lnet/minecraft/world/effect/MobEffectInstance;} {} {V}
[10May2026 20:20:52.501] [main/DEBUG] [cpw.mods.modlauncher.TransformStore/MODLAUNCHER]: Adding transformer net.minecraftforge.coremod.transformer.CoreModClassTransformer@786ff1cb to Target : CLASS {Lnet/minecraft/world/level/block/LiquidBlock;} {} {V}
[10May2026 20:20:52.501] [main/DEBUG] [cpw.mods.modlauncher.TransformStore/MODLAUNCHER]: Adding transformer net.minecraftforge.coremod.transformer.CoreModClassTransformer@46039a21 to Target : CLASS {Lnet/minecraft/world/item/BucketItem;} {} {V}
[10May2026 20:20:52.501] [main/DEBUG] [cpw.mods.modlauncher.TransformStore/MODLAUNCHER]: Adding transformer net.minecraftforge.coremod.transformer.CoreModClassTransformer@431e86b1 to Target : CLASS {Lnet/minecraft/world/level/block/StairBlock;} {} {V}
[10May2026 20:20:52.501] [main/DEBUG] [cpw.mods.modlauncher.TransformStore/MODLAUNCHER]: Adding transformer net.minecraftforge.coremod.transformer.CoreModClassTransformer@35c4e864 to Target : CLASS {Lnet/minecraft/world/level/block/FlowerPotBlock;} {} {V}
[10May2026 20:20:52.501] [main/DEBUG] [cpw.mods.modlauncher.TransformStore/MODLAUNCHER]: Adding transformer net.minecraftforge.coremod.transformer.CoreModClassTransformer@32a2a6be to Target : CLASS {Lnet/minecraft/world/item/ItemStack;} {} {V}
[10May2026 20:20:52.501] [main/DEBUG] [cpw.mods.modlauncher.TransformStore/MODLAUNCHER]: Adding transformer net.minecraftforge.coremod.transformer.CoreModClassTransformer@682af059 to Target : CLASS {Lnet/minecraft/network/play/client/CClientSettingsPacket;} {} {V}
[10May2026 20:20:52.501] [main/DEBUG] [cpw.mods.modlauncher.TransformStore/MODLAUNCHER]: Adding transformer net.minecraftforge.coremod.transformer.CoreModClassTransformer@5f36c8e3 to Target : CLASS {Lnet/minecraft/world/entity/animal/frog/Tadpole;} {} {V}
[10May2026 20:20:52.501] [main/DEBUG] [cpw.mods.modlauncher.TransformStore/MODLAUNCHER]: Adding transformer net.minecraftforge.coremod.transformer.CoreModClassTransformer@5f36c8e3 to Target : CLASS {Lnet/minecraft/world/entity/monster/Strider;} {} {V}
[10May2026 20:20:52.502] [main/DEBUG] [cpw.mods.modlauncher.TransformStore/MODLAUNCHER]: Adding transformer net.minecraftforge.coremod.transformer.CoreModClassTransformer@5f36c8e3 to Target : CLASS {Lnet/minecraft/world/entity/animal/horse/SkeletonTrapGoal;} {} {V}
[10May2026 20:20:52.502] [main/DEBUG] [cpw.mods.modlauncher.TransformStore/MODLAUNCHER]: Adding transformer net.minecraftforge.coremod.transformer.CoreModClassTransformer@5f36c8e3 to Target : CLASS {Lnet/minecraft/world/entity/monster/Evoker$EvokerSummonSpellGoal;} {} {V}
[10May2026 20:20:52.502] [main/DEBUG] [cpw.mods.modlauncher.TransformStore/MODLAUNCHER]: Adding transformer net.minecraftforge.coremod.transformer.CoreModClassTransformer@5f36c8e3 to Target : CLASS {Lnet/minecraft/world/entity/raid/Raid;} {} {V}
[10May2026 20:20:52.502] [main/DEBUG] [cpw.mods.modlauncher.TransformStore/MODLAUNCHER]: Adding transformer net.minecraftforge.coremod.transformer.CoreModClassTransformer@5f36c8e3 to Target : CLASS {Lnet/minecraft/world/level/levelgen/PhantomSpawner;} {} {V}
[10May2026 20:20:52.502] [main/DEBUG] [cpw.mods.modlauncher.TransformStore/MODLAUNCHER]: Adding transformer net.minecraftforge.coremod.transformer.CoreModClassTransformer@5f36c8e3 to Target : CLASS {Lnet/minecraft/world/level/levelgen/structure/templatesystem/StructureTemplate;} {} {V}
[10May2026 20:20:52.502] [main/DEBUG] [cpw.mods.modlauncher.TransformStore/MODLAUNCHER]: Adding transformer net.minecraftforge.coremod.transformer.CoreModClassTransformer@5f36c8e3 to Target : CLASS {Lnet/minecraft/server/commands/RaidCommand;} {} {V}
[10May2026 20:20:52.502] [main/DEBUG] [cpw.mods.modlauncher.TransformStore/MODLAUNCHER]: Adding transformer net.minecraftforge.coremod.transformer.CoreModClassTransformer@5f36c8e3 to Target : CLASS {Lnet/minecraft/world/level/levelgen/structure/structures/OceanRuinPieces$OceanRuinPiece;} {} {V}
[10May2026 20:20:52.502] [main/DEBUG] [cpw.mods.modlauncher.TransformStore/MODLAUNCHER]: Adding transformer net.minecraftforge.coremod.transformer.CoreModClassTransformer@5f36c8e3 to Target : CLASS {Lnet/minecraft/world/entity/monster/ZombieVillager;} {} {V}
[10May2026 20:20:52.502] [main/DEBUG] [cpw.mods.modlauncher.TransformStore/MODLAUNCHER]: Adding transformer net.minecraftforge.coremod.transformer.CoreModClassTransformer@5f36c8e3 to Target : CLASS {Lnet/minecraft/world/entity/npc/CatSpawner;} {} {V}
[10May2026 20:20:52.502] [main/DEBUG] [cpw.mods.modlauncher.TransformStore/MODLAUNCHER]: Adding transformer net.minecraftforge.coremod.transformer.CoreModClassTransformer@5f36c8e3 to Target : CLASS {Lnet/minecraft/world/level/levelgen/structure/structures/WoodlandMansionPieces$WoodlandMansionPiece;} {} {V}
[10May2026 20:20:52.502] [main/DEBUG] [cpw.mods.modlauncher.TransformStore/MODLAUNCHER]: Adding transformer net.minecraftforge.coremod.transformer.CoreModClassTransformer@5f36c8e3 to Target : CLASS {Lnet/minecraft/world/level/levelgen/PatrolSpawner;} {} {V}
[10May2026 20:20:52.502] [main/DEBUG] [cpw.mods.modlauncher.TransformStore/MODLAUNCHER]: Adding transformer net.minecraftforge.coremod.transformer.CoreModClassTransformer@5f36c8e3 to Target : CLASS {Lnet/minecraft/server/commands/SummonCommand;} {} {V}
[10May2026 20:20:52.502] [main/DEBUG] [cpw.mods.modlauncher.TransformStore/MODLAUNCHER]: Adding transformer net.minecraftforge.coremod.transformer.CoreModClassTransformer@5f36c8e3 to Target : CLASS {Lnet/minecraft/world/entity/npc/Villager;} {} {V}
[10May2026 20:20:52.502] [main/DEBUG] [cpw.mods.modlauncher.TransformStore/MODLAUNCHER]: Adding transformer net.minecraftforge.coremod.transformer.CoreModClassTransformer@5f36c8e3 to Target : CLASS {Lnet/minecraft/world/level/NaturalSpawner;} {} {V}
[10May2026 20:20:52.502] [main/DEBUG] [cpw.mods.modlauncher.TransformStore/MODLAUNCHER]: Adding transformer net.minecraftforge.coremod.transformer.CoreModClassTransformer@5f36c8e3 to Target : CLASS {Lnet/minecraft/world/entity/ai/village/VillageSiege;} {} {V}
[10May2026 20:20:52.502] [main/DEBUG] [cpw.mods.modlauncher.TransformStore/MODLAUNCHER]: Adding transformer net.minecraftforge.coremod.transformer.CoreModClassTransformer@5f36c8e3 to Target : CLASS {Lnet/minecraft/world/entity/monster/Spider;} {} {V}
[10May2026 20:20:52.502] [main/DEBUG] [cpw.mods.modlauncher.TransformStore/MODLAUNCHER]: Adding transformer net.minecraftforge.coremod.transformer.CoreModClassTransformer@5f36c8e3 to Target : CLASS {Lnet/minecraft/world/level/levelgen/structure/structures/OceanMonumentPieces$OceanMonumentPiece;} {} {V}
[10May2026 20:20:52.502] [main/DEBUG] [cpw.mods.modlauncher.TransformStore/MODLAUNCHER]: Adding transformer net.minecraftforge.coremod.transformer.CoreModClassTransformer@5f36c8e3 to Target : CLASS {Lnet/minecraft/world/entity/EntityType;} {} {V}
[10May2026 20:20:52.502] [main/DEBUG] [cpw.mods.modlauncher.TransformStore/MODLAUNCHER]: Adding transformer net.minecraftforge.coremod.transformer.CoreModClassTransformer@5f36c8e3 to Target : CLASS {Lnet/minecraft/world/entity/monster/Zombie;} {} {V}
[10May2026 20:20:52.502] [main/DEBUG] [cpw.mods.modlauncher.TransformStore/MODLAUNCHER]: Adding transformer net.minecraftforge.coremod.transformer.CoreModClassTransformer@5f36c8e3 to Target : CLASS {Lnet/minecraft/world/level/levelgen/structure/structures/SwampHutPiece;} {} {V}
[10May2026 20:20:52.502] [main/DEBUG] [cpw.mods.modlauncher.TransformationServiceDecorator/MODLAUNCHER]: Initialized transformers for transformation service fml
[10May2026 20:20:52.996] [main/DEBUG] [mixin/]: Processing prepare() for PlatformAgent[MixinPlatformAgentDefault:ModLauncher Root Container(ModLauncher:4f56a0a2)]
[10May2026 20:20:52.996] [main/DEBUG] [mixin/]: Processing launch tasks for PlatformAgent[MixinPlatformAgentDefault:ModLauncher Root Container(ModLauncher:4f56a0a2)]
[10May2026 20:20:52.996] [main/DEBUG] [mixin/]: Adding mixin platform agents for container SecureJarResource(farmersdelight)
[10May2026 20:20:52.996] [main/DEBUG] [mixin/]: Instancing new MixinPlatformAgentMinecraftForge for SecureJarResource(farmersdelight)
[10May2026 20:20:52.996] [main/DEBUG] [mixin/]: MixinPlatformAgentMinecraftForge rejected container SecureJarResource(farmersdelight)
[10May2026 20:20:52.996] [main/DEBUG] [mixin/]: Instancing new MixinPlatformAgentDefault for SecureJarResource(farmersdelight)
[10May2026 20:20:52.996] [main/DEBUG] [mixin/]: MixinPlatformAgentDefault accepted container SecureJarResource(farmersdelight)
[10May2026 20:20:52.996] [main/DEBUG] [mixin/]: Processing prepare() for PlatformAgent[MixinPlatformAgentDefault:SecureJarResource(farmersdelight)]
[10May2026 20:20:52.996] [main/DEBUG] [mixin/]: Registering mixin config: farmersdelight.mixins.json
[10May2026 20:20:53.002] [main/DEBUG] [mixin/]: Compatibility level JAVA_17 specified by farmersdelight.mixins.json is higher than the maximum level supported by this version of mixin (JAVA_13).
[10May2026 20:20:53.004] [main/INFO] [mixin/]: Compatibility level set to JAVA_17
[10May2026 20:20:53.004] [main/DEBUG] [mixin/]: Adding mixin platform agents for container SecureJarResource(framedblocks)
[10May2026 20:20:53.004] [main/DEBUG] [mixin/]: Instancing new MixinPlatformAgentMinecraftForge for SecureJarResource(framedblocks)
[10May2026 20:20:53.004] [main/DEBUG] [mixin/]: MixinPlatformAgentMinecraftForge rejected container SecureJarResource(framedblocks)
[10May2026 20:20:53.004] [main/DEBUG] [mixin/]: Instancing new MixinPlatformAgentDefault for SecureJarResource(framedblocks)
[10May2026 20:20:53.004] [main/DEBUG] [mixin/]: MixinPlatformAgentDefault accepted container SecureJarResource(framedblocks)
[10May2026 20:20:53.004] [main/DEBUG] [mixin/]: Processing prepare() for PlatformAgent[MixinPlatformAgentDefault:SecureJarResource(framedblocks)]
[10May2026 20:20:53.004] [main/DEBUG] [mixin/]: Registering mixin config: framedblocks.mixin.json
[10May2026 20:20:53.005] [main/DEBUG] [mixin/]: Adding mixin platform agents for container SecureJarResource(minecraft)
[10May2026 20:20:53.005] [main/DEBUG] [mixin/]: Instancing new MixinPlatformAgentMinecraftForge for SecureJarResource(minecraft)
[10May2026 20:20:53.005] [main/DEBUG] [mixin/]: MixinPlatformAgentMinecraftForge rejected container SecureJarResource(minecraft)
[10May2026 20:20:53.005] [main/DEBUG] [mixin/]: Instancing new MixinPlatformAgentDefault for SecureJarResource(minecraft)
[10May2026 20:20:53.005] [main/DEBUG] [mixin/]: MixinPlatformAgentDefault accepted container SecureJarResource(minecraft)
[10May2026 20:20:53.005] [main/DEBUG] [mixin/]: Processing prepare() for PlatformAgent[MixinPlatformAgentDefault:SecureJarResource(minecraft)]
[10May2026 20:20:53.005] [main/DEBUG] [mixin/]: Adding mixin platform agents for container SecureJarResource(handcrafted)
[10May2026 20:20:53.005] [main/DEBUG] [mixin/]: Instancing new MixinPlatformAgentMinecraftForge for SecureJarResource(handcrafted)
[10May2026 20:20:53.005] [main/DEBUG] [mixin/]: MixinPlatformAgentMinecraftForge rejected container SecureJarResource(handcrafted)
[10May2026 20:20:53.005] [main/DEBUG] [mixin/]: Instancing new MixinPlatformAgentDefault for SecureJarResource(handcrafted)
[10May2026 20:20:53.005] [main/DEBUG] [mixin/]: MixinPlatformAgentDefault accepted container SecureJarResource(handcrafted)
[10May2026 20:20:53.005] [main/DEBUG] [mixin/]: Processing prepare() for PlatformAgent[MixinPlatformAgentDefault:SecureJarResource(handcrafted)]
[10May2026 20:20:53.005] [main/DEBUG] [mixin/]: Registering mixin config: handcrafted-common.mixins.json
[10May2026 20:20:53.006] [main/DEBUG] [mixin/]: Registering mixin config: handcrafted.mixins.json
[10May2026 20:20:53.007] [main/DEBUG] [mixin/]: Adding mixin platform agents for container SecureJarResource(mixinextras)
[10May2026 20:20:53.007] [main/DEBUG] [mixin/]: Instancing new MixinPlatformAgentMinecraftForge for SecureJarResource(mixinextras)
[10May2026 20:20:53.007] [main/DEBUG] [mixin/]: MixinPlatformAgentMinecraftForge rejected container SecureJarResource(mixinextras)
[10May2026 20:20:53.007] [main/DEBUG] [mixin/]: Instancing new MixinPlatformAgentDefault for SecureJarResource(mixinextras)
[10May2026 20:20:53.007] [main/DEBUG] [mixin/]: MixinPlatformAgentDefault accepted container SecureJarResource(mixinextras)
[10May2026 20:20:53.007] [main/DEBUG] [mixin/]: Processing prepare() for PlatformAgent[MixinPlatformAgentDefault:SecureJarResource(mixinextras)]
[10May2026 20:20:53.007] [main/DEBUG] [mixin/]: Registering mixin config: mixinextras.init.mixins.json
[10May2026 20:20:53.008] [main/DEBUG] [mixin/]: Adding mixin platform agents for container SecureJarResource(moonlight)
[10May2026 20:20:53.008] [main/DEBUG] [mixin/]: Instancing new MixinPlatformAgentMinecraftForge for SecureJarResource(moonlight)
[10May2026 20:20:53.008] [main/DEBUG] [mixin/]: MixinPlatformAgentMinecraftForge rejected container SecureJarResource(moonlight)
[10May2026 20:20:53.008] [main/DEBUG] [mixin/]: Instancing new MixinPlatformAgentDefault for SecureJarResource(moonlight)
[10May2026 20:20:53.008] [main/DEBUG] [mixin/]: MixinPlatformAgentDefault accepted container SecureJarResource(moonlight)
[10May2026 20:20:53.008] [main/DEBUG] [mixin/]: Processing prepare() for PlatformAgent[MixinPlatformAgentDefault:SecureJarResource(moonlight)]
[10May2026 20:20:53.008] [main/DEBUG] [mixin/]: Registering mixin config: moonlight-common.mixins.json
[10May2026 20:20:53.008] [main/DEBUG] [mixin/]: Registering mixin config: moonlight.mixins.json
[10May2026 20:20:53.009] [main/DEBUG] [mixin/]: Adding mixin platform agents for container SecureJarResource(resourcefullib)
[10May2026 20:20:53.009] [main/DEBUG] [mixin/]: Instancing new MixinPlatformAgentMinecraftForge for SecureJarResource(resourcefullib)
[10May2026 20:20:53.009] [main/DEBUG] [mixin/]: MixinPlatformAgentMinecraftForge rejected container SecureJarResource(resourcefullib)
[10May2026 20:20:53.009] [main/DEBUG] [mixin/]: Instancing new MixinPlatformAgentDefault for SecureJarResource(resourcefullib)
[10May2026 20:20:53.009] [main/DEBUG] [mixin/]: MixinPlatformAgentDefault accepted container SecureJarResource(resourcefullib)
[10May2026 20:20:53.009] [main/DEBUG] [mixin/]: Processing prepare() for PlatformAgent[MixinPlatformAgentDefault:SecureJarResource(resourcefullib)]
[10May2026 20:20:53.009] [main/DEBUG] [mixin/]: Adding mixin platform agents for container SecureJarResource(mixinsquared)
[10May2026 20:20:53.009] [main/DEBUG] [mixin/]: Instancing new MixinPlatformAgentMinecraftForge for SecureJarResource(mixinsquared)
[10May2026 20:20:53.009] [main/DEBUG] [mixin/]: MixinPlatformAgentMinecraftForge rejected container SecureJarResource(mixinsquared)
[10May2026 20:20:53.009] [main/DEBUG] [mixin/]: Instancing new MixinPlatformAgentDefault for SecureJarResource(mixinsquared)
[10May2026 20:20:53.009] [main/DEBUG] [mixin/]: MixinPlatformAgentDefault accepted container SecureJarResource(mixinsquared)
[10May2026 20:20:53.009] [main/DEBUG] [mixin/]: Processing prepare() for PlatformAgent[MixinPlatformAgentDefault:SecureJarResource(mixinsquared)]
[10May2026 20:20:53.009] [main/DEBUG] [mixin/]: Registering mixin config: mixinsquared.init.mixins.json
[10May2026 20:20:53.010] [main/DEBUG] [mixin/]: Adding mixin platform agents for container SecureJarResource(mcwroofs)
[10May2026 20:20:53.010] [main/DEBUG] [mixin/]: Instancing new MixinPlatformAgentMinecraftForge for SecureJarResource(mcwroofs)
[10May2026 20:20:53.010] [main/DEBUG] [mixin/]: MixinPlatformAgentMinecraftForge rejected container SecureJarResource(mcwroofs)
[10May2026 20:20:53.010] [main/DEBUG] [mixin/]: Instancing new MixinPlatformAgentDefault for SecureJarResource(mcwroofs)
[10May2026 20:20:53.010] [main/DEBUG] [mixin/]: MixinPlatformAgentDefault accepted container SecureJarResource(mcwroofs)
[10May2026 20:20:53.010] [main/DEBUG] [mixin/]: Processing prepare() for PlatformAgent[MixinPlatformAgentDefault:SecureJarResource(mcwroofs)]
[10May2026 20:20:53.010] [main/DEBUG] [mixin/]: Adding mixin platform agents for container SecureJarResource(mcwdoors)
[10May2026 20:20:53.010] [main/DEBUG] [mixin/]: Instancing new MixinPlatformAgentMinecraftForge for SecureJarResource(mcwdoors)
[10May2026 20:20:53.010] [main/DEBUG] [mixin/]: MixinPlatformAgentMinecraftForge rejected container SecureJarResource(mcwdoors)
[10May2026 20:20:53.010] [main/DEBUG] [mixin/]: Instancing new MixinPlatformAgentDefault for SecureJarResource(mcwdoors)
[10May2026 20:20:53.010] [main/DEBUG] [mixin/]: MixinPlatformAgentDefault accepted container SecureJarResource(mcwdoors)
[10May2026 20:20:53.010] [main/DEBUG] [mixin/]: Processing prepare() for PlatformAgent[MixinPlatformAgentDefault:SecureJarResource(mcwdoors)]
[10May2026 20:20:53.010] [main/DEBUG] [mixin/]: Adding mixin platform agents for container SecureJarResource(jei)
[10May2026 20:20:53.010] [main/DEBUG] [mixin/]: Instancing new MixinPlatformAgentMinecraftForge for SecureJarResource(jei)
[10May2026 20:20:53.010] [main/DEBUG] [mixin/]: MixinPlatformAgentMinecraftForge rejected container SecureJarResource(jei)
[10May2026 20:20:53.010] [main/DEBUG] [mixin/]: Instancing new MixinPlatformAgentDefault for SecureJarResource(jei)
[10May2026 20:20:53.010] [main/DEBUG] [mixin/]: MixinPlatformAgentDefault accepted container SecureJarResource(jei)
[10May2026 20:20:53.010] [main/DEBUG] [mixin/]: Processing prepare() for PlatformAgent[MixinPlatformAgentDefault:SecureJarResource(jei)]
[10May2026 20:20:53.010] [main/DEBUG] [mixin/]: Adding mixin platform agents for container SecureJarResource(forge)
[10May2026 20:20:53.010] [main/DEBUG] [mixin/]: Instancing new MixinPlatformAgentMinecraftForge for SecureJarResource(forge)
[10May2026 20:20:53.010] [main/DEBUG] [mixin/]: MixinPlatformAgentMinecraftForge rejected container SecureJarResource(forge)
[10May2026 20:20:53.011] [main/DEBUG] [mixin/]: Instancing new MixinPlatformAgentDefault for SecureJarResource(forge)
[10May2026 20:20:53.011] [main/DEBUG] [mixin/]: MixinPlatformAgentDefault accepted container SecureJarResource(forge)
[10May2026 20:20:53.011] [main/DEBUG] [mixin/]: Processing prepare() for PlatformAgent[MixinPlatformAgentDefault:SecureJarResource(forge)]
[10May2026 20:20:53.011] [main/DEBUG] [mixin/]: Adding mixin platform agents for container SecureJarResource(commonality)
[10May2026 20:20:53.011] [main/DEBUG] [mixin/]: Instancing new MixinPlatformAgentMinecraftForge for SecureJarResource(commonality)
[10May2026 20:20:53.011] [main/DEBUG] [mixin/]: MixinPlatformAgentMinecraftForge rejected container SecureJarResource(commonality)
[10May2026 20:20:53.011] [main/DEBUG] [mixin/]: Instancing new MixinPlatformAgentDefault for SecureJarResource(commonality)
[10May2026 20:20:53.011] [main/DEBUG] [mixin/]: MixinPlatformAgentDefault accepted container SecureJarResource(commonality)
[10May2026 20:20:53.011] [main/DEBUG] [mixin/]: Processing prepare() for PlatformAgent[MixinPlatformAgentDefault:SecureJarResource(commonality)]
[10May2026 20:20:53.011] [main/DEBUG] [mixin/]: Adding mixin platform agents for container SecureJarResource(apexcore)
[10May2026 20:20:53.011] [main/DEBUG] [mixin/]: Instancing new MixinPlatformAgentMinecraftForge for SecureJarResource(apexcore)
[10May2026 20:20:53.011] [main/DEBUG] [mixin/]: MixinPlatformAgentMinecraftForge rejected container SecureJarResource(apexcore)
[10May2026 20:20:53.011] [main/DEBUG] [mixin/]: Instancing new MixinPlatformAgentDefault for SecureJarResource(apexcore)
[10May2026 20:20:53.011] [main/DEBUG] [mixin/]: MixinPlatformAgentDefault accepted container SecureJarResource(apexcore)
[10May2026 20:20:53.011] [main/DEBUG] [mixin/]: Processing prepare() for PlatformAgent[MixinPlatformAgentDefault:SecureJarResource(apexcore)]
[10May2026 20:20:53.011] [main/DEBUG] [mixin/]: Registering mixin config: apexcore.mixins.json
[10May2026 20:20:53.012] [main/DEBUG] [mixin/]: Adding mixin platform agents for container SecureJarResource(supplementaries)
[10May2026 20:20:53.012] [main/DEBUG] [mixin/]: Instancing new MixinPlatformAgentMinecraftForge for SecureJarResource(supplementaries)
[10May2026 20:20:53.012] [main/DEBUG] [mixin/]: MixinPlatformAgentMinecraftForge rejected container SecureJarResource(supplementaries)
[10May2026 20:20:53.012] [main/DEBUG] [mixin/]: Instancing new MixinPlatformAgentDefault for SecureJarResource(supplementaries)
[10May2026 20:20:53.012] [main/DEBUG] [mixin/]: MixinPlatformAgentDefault accepted container SecureJarResource(supplementaries)
[10May2026 20:20:53.012] [main/DEBUG] [mixin/]: Processing prepare() for PlatformAgent[MixinPlatformAgentDefault:SecureJarResource(supplementaries)]
[10May2026 20:20:53.012] [main/DEBUG] [mixin/]: Registering mixin config: supplementaries-common.mixins.json
[10May2026 20:20:53.013] [main/DEBUG] [mixin/]: Registering mixin config: supplementaries.mixins.json
[10May2026 20:20:53.013] [main/DEBUG] [mixin/]: Adding mixin platform agents for container SecureJarResource(fantasyfurniture)
[10May2026 20:20:53.013] [main/DEBUG] [mixin/]: Instancing new MixinPlatformAgentMinecraftForge for SecureJarResource(fantasyfurniture)
[10May2026 20:20:53.013] [main/DEBUG] [mixin/]: MixinPlatformAgentMinecraftForge rejected container SecureJarResource(fantasyfurniture)
[10May2026 20:20:53.013] [main/DEBUG] [mixin/]: Instancing new MixinPlatformAgentDefault for SecureJarResource(fantasyfurniture)
[10May2026 20:20:53.013] [main/DEBUG] [mixin/]: MixinPlatformAgentDefault accepted container SecureJarResource(fantasyfurniture)
[10May2026 20:20:53.013] [main/DEBUG] [mixin/]: Processing prepare() for PlatformAgent[MixinPlatformAgentDefault:SecureJarResource(fantasyfurniture)]
[10May2026 20:20:53.013] [main/DEBUG] [mixin/]: Registering mixin config: fantasyfurniture.mixins.json
[10May2026 20:20:53.014] [main/DEBUG] [mixin/]: Adding mixin platform agents for container SecureJarResource(mcwpaths)
[10May2026 20:20:53.014] [main/DEBUG] [mixin/]: Instancing new MixinPlatformAgentMinecraftForge for SecureJarResource(mcwpaths)
[10May2026 20:20:53.014] [main/DEBUG] [mixin/]: MixinPlatformAgentMinecraftForge rejected container SecureJarResource(mcwpaths)
[10May2026 20:20:53.014] [main/DEBUG] [mixin/]: Instancing new MixinPlatformAgentDefault for SecureJarResource(mcwpaths)
[10May2026 20:20:53.014] [main/DEBUG] [mixin/]: MixinPlatformAgentDefault accepted container SecureJarResource(mcwpaths)
[10May2026 20:20:53.014] [main/DEBUG] [mixin/]: Processing prepare() for PlatformAgent[MixinPlatformAgentDefault:SecureJarResource(mcwpaths)]
[10May2026 20:20:53.014] [main/DEBUG] [mixin/]: Adding mixin platform agents for container SecureJarResource(thuumcraft)
[10May2026 20:20:53.014] [main/DEBUG] [mixin/]: Instancing new MixinPlatformAgentMinecraftForge for SecureJarResource(thuumcraft)
[10May2026 20:20:53.014] [main/DEBUG] [mixin/]: MixinPlatformAgentMinecraftForge rejected container SecureJarResource(thuumcraft)
[10May2026 20:20:53.014] [main/DEBUG] [mixin/]: Instancing new MixinPlatformAgentDefault for SecureJarResource(thuumcraft)
[10May2026 20:20:53.015] [main/DEBUG] [mixin/]: MixinPlatformAgentDefault accepted container SecureJarResource(thuumcraft)
[10May2026 20:20:53.015] [main/DEBUG] [mixin/]: Processing prepare() for PlatformAgent[MixinPlatformAgentDefault:SecureJarResource(thuumcraft)]
[10May2026 20:20:53.015] [main/DEBUG] [mixin/]: Adding mixin platform agents for container SecureJarResource(bytecodecs)
[10May2026 20:20:53.015] [main/DEBUG] [mixin/]: Instancing new MixinPlatformAgentMinecraftForge for SecureJarResource(bytecodecs)
[10May2026 20:20:53.015] [main/DEBUG] [mixin/]: MixinPlatformAgentMinecraftForge rejected container SecureJarResource(bytecodecs)
[10May2026 20:20:53.015] [main/DEBUG] [mixin/]: Instancing new MixinPlatformAgentDefault for SecureJarResource(bytecodecs)
[10May2026 20:20:53.015] [main/DEBUG] [mixin/]: MixinPlatformAgentDefault accepted container SecureJarResource(bytecodecs)
[10May2026 20:20:53.015] [main/DEBUG] [mixin/]: Processing prepare() for PlatformAgent[MixinPlatformAgentDefault:SecureJarResource(bytecodecs)]
[10May2026 20:20:53.015] [main/DEBUG] [mixin/]: Adding mixin platform agents for container SecureJarResource(yabn)
[10May2026 20:20:53.015] [main/DEBUG] [mixin/]: Instancing new MixinPlatformAgentMinecraftForge for SecureJarResource(yabn)
[10May2026 20:20:53.015] [main/DEBUG] [mixin/]: MixinPlatformAgentMinecraftForge rejected container SecureJarResource(yabn)
[10May2026 20:20:53.015] [main/DEBUG] [mixin/]: Instancing new MixinPlatformAgentDefault for SecureJarResource(yabn)
[10May2026 20:20:53.015] [main/DEBUG] [mixin/]: MixinPlatformAgentDefault accepted container SecureJarResource(yabn)
[10May2026 20:20:53.015] [main/DEBUG] [mixin/]: Processing prepare() for PlatformAgent[MixinPlatformAgentDefault:SecureJarResource(yabn)]
[10May2026 20:20:53.015] [main/DEBUG] [mixin/]: Adding mixin platform agents for container SecureJarResource(com.github.benmanes.caffeine)
[10May2026 20:20:53.015] [main/DEBUG] [mixin/]: Instancing new MixinPlatformAgentMinecraftForge for SecureJarResource(com.github.benmanes.caffeine)
[10May2026 20:20:53.015] [main/DEBUG] [mixin/]: MixinPlatformAgentMinecraftForge rejected container SecureJarResource(com.github.benmanes.caffeine)
[10May2026 20:20:53.015] [main/DEBUG] [mixin/]: Instancing new MixinPlatformAgentDefault for SecureJarResource(com.github.benmanes.caffeine)
[10May2026 20:20:53.015] [main/DEBUG] [mixin/]: MixinPlatformAgentDefault accepted container SecureJarResource(com.github.benmanes.caffeine)
[10May2026 20:20:53.015] [main/DEBUG] [mixin/]: Processing prepare() for PlatformAgent[MixinPlatformAgentDefault:SecureJarResource(com.github.benmanes.caffeine)]
[10May2026 20:20:53.015] [main/DEBUG] [mixin/]: Adding mixin platform agents for container SecureJarResource(MixinExtras)
[10May2026 20:20:53.015] [main/DEBUG] [mixin/]: Instancing new MixinPlatformAgentMinecraftForge for SecureJarResource(MixinExtras)
[10May2026 20:20:53.015] [main/DEBUG] [mixin/]: MixinPlatformAgentMinecraftForge rejected container SecureJarResource(MixinExtras)
[10May2026 20:20:53.015] [main/DEBUG] [mixin/]: Instancing new MixinPlatformAgentDefault for SecureJarResource(MixinExtras)
[10May2026 20:20:53.015] [main/DEBUG] [mixin/]: MixinPlatformAgentDefault accepted container SecureJarResource(MixinExtras)
[10May2026 20:20:53.015] [main/DEBUG] [mixin/]: Processing prepare() for PlatformAgent[MixinPlatformAgentDefault:SecureJarResource(MixinExtras)]
[10May2026 20:20:53.015] [main/DEBUG] [mixin/]: Adding mixin platform agents for container SecureJarResource(MixinSquared)
[10May2026 20:20:53.015] [main/DEBUG] [mixin/]: Instancing new MixinPlatformAgentMinecraftForge for SecureJarResource(MixinSquared)
[10May2026 20:20:53.015] [main/DEBUG] [mixin/]: MixinPlatformAgentMinecraftForge rejected container SecureJarResource(MixinSquared)
[10May2026 20:20:53.015] [main/DEBUG] [mixin/]: Instancing new MixinPlatformAgentDefault for SecureJarResource(MixinSquared)
[10May2026 20:20:53.015] [main/DEBUG] [mixin/]: MixinPlatformAgentDefault accepted container SecureJarResource(MixinSquared)
[10May2026 20:20:53.015] [main/DEBUG] [mixin/]: Processing prepare() for PlatformAgent[MixinPlatformAgentDefault:SecureJarResource(MixinSquared)]
[10May2026 20:20:53.016] [main/DEBUG] [mixin/]: Adding mixin platform agents for container SecureJarResource(Registrate.MC1._20)
[10May2026 20:20:53.016] [main/DEBUG] [mixin/]: Instancing new MixinPlatformAgentMinecraftForge for SecureJarResource(Registrate.MC1._20)
[10May2026 20:20:53.016] [main/DEBUG] [mixin/]: MixinPlatformAgentMinecraftForge rejected container SecureJarResource(Registrate.MC1._20)
[10May2026 20:20:53.016] [main/DEBUG] [mixin/]: Instancing new MixinPlatformAgentDefault for SecureJarResource(Registrate.MC1._20)
[10May2026 20:20:53.016] [main/DEBUG] [mixin/]: MixinPlatformAgentDefault accepted container SecureJarResource(Registrate.MC1._20)
[10May2026 20:20:53.016] [main/DEBUG] [mixin/]: Processing prepare() for PlatformAgent[MixinPlatformAgentDefault:SecureJarResource(Registrate.MC1._20)]
[10May2026 20:20:53.016] [main/DEBUG] [mixin/]: inject() running with 25 agents
[10May2026 20:20:53.016] [main/DEBUG] [mixin/]: Processing inject() for PlatformAgent[MixinPlatformAgentDefault:ModLauncher Root Container(ModLauncher:4f56a0a2)]
[10May2026 20:20:53.016] [main/DEBUG] [mixin/]: Processing inject() for PlatformAgent[MixinPlatformAgentDefault:SecureJarResource(farmersdelight)]
[10May2026 20:20:53.016] [main/DEBUG] [mixin/]: Processing inject() for PlatformAgent[MixinPlatformAgentDefault:SecureJarResource(framedblocks)]
[10May2026 20:20:53.016] [main/DEBUG] [mixin/]: Processing inject() for PlatformAgent[MixinPlatformAgentDefault:SecureJarResource(minecraft)]
[10May2026 20:20:53.016] [main/DEBUG] [mixin/]: Processing inject() for PlatformAgent[MixinPlatformAgentDefault:SecureJarResource(handcrafted)]
[10May2026 20:20:53.016] [main/DEBUG] [mixin/]: Processing inject() for PlatformAgent[MixinPlatformAgentDefault:SecureJarResource(mixinextras)]
[10May2026 20:20:53.016] [main/DEBUG] [mixin/]: Processing inject() for PlatformAgent[MixinPlatformAgentDefault:SecureJarResource(moonlight)]
[10May2026 20:20:53.016] [main/DEBUG] [mixin/]: Processing inject() for PlatformAgent[MixinPlatformAgentDefault:SecureJarResource(resourcefullib)]
[10May2026 20:20:53.016] [main/DEBUG] [mixin/]: Processing inject() for PlatformAgent[MixinPlatformAgentDefault:SecureJarResource(mixinsquared)]
[10May2026 20:20:53.016] [main/DEBUG] [mixin/]: Processing inject() for PlatformAgent[MixinPlatformAgentDefault:SecureJarResource(mcwroofs)]
[10May2026 20:20:53.016] [main/DEBUG] [mixin/]: Processing inject() for PlatformAgent[MixinPlatformAgentDefault:SecureJarResource(mcwdoors)]
[10May2026 20:20:53.016] [main/DEBUG] [mixin/]: Processing inject() for PlatformAgent[MixinPlatformAgentDefault:SecureJarResource(jei)]
[10May2026 20:20:53.016] [main/DEBUG] [mixin/]: Processing inject() for PlatformAgent[MixinPlatformAgentDefault:SecureJarResource(forge)]
[10May2026 20:20:53.016] [main/DEBUG] [mixin/]: Processing inject() for PlatformAgent[MixinPlatformAgentDefault:SecureJarResource(commonality)]
[10May2026 20:20:53.016] [main/DEBUG] [mixin/]: Processing inject() for PlatformAgent[MixinPlatformAgentDefault:SecureJarResource(apexcore)]
[10May2026 20:20:53.016] [main/DEBUG] [mixin/]: Processing inject() for PlatformAgent[MixinPlatformAgentDefault:SecureJarResource(supplementaries)]
[10May2026 20:20:53.016] [main/DEBUG] [mixin/]: Processing inject() for PlatformAgent[MixinPlatformAgentDefault:SecureJarResource(fantasyfurniture)]
[10May2026 20:20:53.016] [main/DEBUG] [mixin/]: Processing inject() for PlatformAgent[MixinPlatformAgentDefault:SecureJarResource(mcwpaths)]
[10May2026 20:20:53.016] [main/DEBUG] [mixin/]: Processing inject() for PlatformAgent[MixinPlatformAgentDefault:SecureJarResource(thuumcraft)]
[10May2026 20:20:53.016] [main/DEBUG] [mixin/]: Processing inject() for PlatformAgent[MixinPlatformAgentDefault:SecureJarResource(bytecodecs)]
[10May2026 20:20:53.016] [main/DEBUG] [mixin/]: Processing inject() for PlatformAgent[MixinPlatformAgentDefault:SecureJarResource(yabn)]
[10May2026 20:20:53.016] [main/DEBUG] [mixin/]: Processing inject() for PlatformAgent[MixinPlatformAgentDefault:SecureJarResource(com.github.benmanes.caffeine)]
[10May2026 20:20:53.016] [main/DEBUG] [mixin/]: Processing inject() for PlatformAgent[MixinPlatformAgentDefault:SecureJarResource(MixinExtras)]
[10May2026 20:20:53.016] [main/DEBUG] [mixin/]: Processing inject() for PlatformAgent[MixinPlatformAgentDefault:SecureJarResource(MixinSquared)]
[10May2026 20:20:53.016] [main/DEBUG] [mixin/]: Processing inject() for PlatformAgent[MixinPlatformAgentDefault:SecureJarResource(Registrate.MC1._20)]
[10May2026 20:20:53.017] [main/INFO] [cpw.mods.modlauncher.LaunchServiceHandler/MODLAUNCHER]: Launching target 'forgeclientuserdev' with arguments [--version, MOD_DEV, --gameDir, ., --assetsDir, /Users/bowieconnors/.gradle/caches/forge_gradle/assets, --assetIndex, 5]
[10May2026 20:20:53.030] [main/DEBUG] [mixin/]: Error cleaning class output directory: .mixin.out
[10May2026 20:20:53.031] [main/DEBUG] [mixin/]: Preparing mixins for MixinEnvironment[DEFAULT]
[10May2026 20:20:53.031] [main/DEBUG] [mixin/]: Selecting config farmersdelight.mixins.json
[10May2026 20:20:53.179] [main/INFO] [mixin/]: Remapping refMap farmersdelight.refmap.json using /Users/bowieconnors/Documents/GitHub/Thuumcraft/Thuumcraft/build/createSrgToMcp/output.srg
[10May2026 20:20:53.179] [main/DEBUG] [mixin/]: Selecting config framedblocks.mixin.json
[10May2026 20:20:53.183] [main/INFO] [mixin/]: Remapping refMap framedblocks.refmap.json using /Users/bowieconnors/Documents/GitHub/Thuumcraft/Thuumcraft/build/createSrgToMcp/output.srg
[10May2026 20:20:53.183] [main/DEBUG] [mixin/]: Selecting config handcrafted-common.mixins.json
[10May2026 20:20:53.184] [main/INFO] [mixin/]: Remapping refMap handcrafted-common-1.20.1-common-refmap.json using /Users/bowieconnors/Documents/GitHub/Thuumcraft/Thuumcraft/build/createSrgToMcp/output.srg
[10May2026 20:20:53.184] [main/DEBUG] [mixin/]: Selecting config handcrafted.mixins.json
[10May2026 20:20:53.184] [main/WARN] [mixin/]: Reference map 'handcrafted-forge-1.20.1-forge-refmap.json' for handcrafted.mixins.json could not be read. If this is a development environment you can ignore this message
[10May2026 20:20:53.184] [main/DEBUG] [mixin/]: Selecting config mixinextras.init.mixins.json
[10May2026 20:20:53.196] [main/DEBUG] [MixinExtras|Service/]: com.llamalad7.mixinextras.service.MixinExtrasServiceImpl(version=0.3.6) is taking over from null
[10May2026 20:20:53.211] [main/DEBUG] [mixin/]: Registering new injector for @Inject with org.spongepowered.asm.mixin.injection.struct.CallbackInjectionInfo
[10May2026 20:20:53.212] [main/DEBUG] [mixin/]: Registering new injector for @ModifyArg with org.spongepowered.asm.mixin.injection.struct.ModifyArgInjectionInfo
[10May2026 20:20:53.212] [main/DEBUG] [mixin/]: Registering new injector for @ModifyArgs with org.spongepowered.asm.mixin.injection.struct.ModifyArgsInjectionInfo
[10May2026 20:20:53.213] [main/DEBUG] [mixin/]: Registering new injector for @Redirect with org.spongepowered.asm.mixin.injection.struct.RedirectInjectionInfo
[10May2026 20:20:53.214] [main/DEBUG] [mixin/]: Registering new injector for @ModifyVariable with org.spongepowered.asm.mixin.injection.struct.ModifyVariableInjectionInfo
[10May2026 20:20:53.214] [main/DEBUG] [mixin/]: Registering new injector for @ModifyConstant with org.spongepowered.asm.mixin.injection.struct.ModifyConstantInjectionInfo
[10May2026 20:20:53.219] [main/DEBUG] [mixin/]: Selecting config moonlight-common.mixins.json
[10May2026 20:20:53.221] [main/INFO] [mixin/]: Remapping refMap moonlight-common-refmap.json using /Users/bowieconnors/Documents/GitHub/Thuumcraft/Thuumcraft/build/createSrgToMcp/output.srg
[10May2026 20:20:53.222] [main/DEBUG] [mixin/]: Selecting config moonlight.mixins.json
[10May2026 20:20:53.222] [main/INFO] [mixin/]: Remapping refMap moonlight-forge-refmap.json using /Users/bowieconnors/Documents/GitHub/Thuumcraft/Thuumcraft/build/createSrgToMcp/output.srg
[10May2026 20:20:53.222] [main/DEBUG] [mixin/]: Selecting config mixinsquared.init.mixins.json
[10May2026 20:20:53.227] [main/DEBUG] [mixin/]: Registering new target selector for @mixinsquared:handler with com.bawnorton.mixinsquared.selector.DynamicSelectorHandler
[10May2026 20:20:53.229] [main/DEBUG] [mixin/]: Selecting config apexcore.mixins.json
[10May2026 20:20:53.230] [main/WARN] [mixin/]: Reference map 'apexcore.refmap.json' for apexcore.mixins.json could not be read. If this is a development environment you can ignore this message
[10May2026 20:20:53.230] [main/DEBUG] [mixin/]: Selecting config supplementaries-common.mixins.json
[10May2026 20:20:53.232] [main/INFO] [mixin/]: Remapping refMap supplementaries-common-refmap.json using /Users/bowieconnors/Documents/GitHub/Thuumcraft/Thuumcraft/build/createSrgToMcp/output.srg
[10May2026 20:20:53.232] [main/DEBUG] [mixin/]: Selecting config supplementaries.mixins.json
[10May2026 20:20:53.233] [main/INFO] [mixin/]: Remapping refMap supplementaries-forge-refmap.json using /Users/bowieconnors/Documents/GitHub/Thuumcraft/Thuumcraft/build/createSrgToMcp/output.srg
[10May2026 20:20:53.233] [main/DEBUG] [mixin/]: Selecting config fantasyfurniture.mixins.json
[10May2026 20:20:53.233] [main/INFO] [mixin/]: Remapping refMap fantasyfurniture.refmap.json using /Users/bowieconnors/Documents/GitHub/Thuumcraft/Thuumcraft/build/createSrgToMcp/output.srg
[10May2026 20:20:53.233] [main/DEBUG] [mixin/]: Preparing farmersdelight.mixins.json (14)
[10May2026 20:20:53.272] [main/DEBUG] [mixin/]: Preparing framedblocks.mixin.json (5)
[10May2026 20:20:53.298] [main/DEBUG] [mixin/]: Preparing handcrafted-common.mixins.json (1)
[10May2026 20:20:53.315] [main/DEBUG] [mixin/]: @Mixin target net/minecraft/client/renderer/block/model/BlockElement$Deserializer is public in handcrafted-common.mixins.json:common.BlockElementMixin and should be specified in value
[10May2026 20:20:53.315] [main/DEBUG] [mixin/]: Preparing handcrafted.mixins.json (0)
[10May2026 20:20:53.315] [main/DEBUG] [mixin/]: Preparing mixinextras.init.mixins.json (0)
[10May2026 20:20:53.315] [main/DEBUG] [mixin/]: Preparing moonlight-common.mixins.json (40)
[10May2026 20:20:53.386] [main/DEBUG] [net.minecraftforge.coremod.transformer.CoreModBaseTransformer/COREMOD]: Transforming net/minecraft/world/entity/npc/Villager
[10May2026 20:20:53.550] [main/DEBUG] [mixin/]: @Mixin target net/minecraft/client/gui/MapRenderer$MapInstance is public in moonlight-common.mixins.json:MapInstanceMixin and should be specified in value
[10May2026 20:20:53.560] [main/DEBUG] [mixin/]: Preparing moonlight.mixins.json (13)
[10May2026 20:20:53.574] [main/DEBUG] [mixin/]: Preparing mixinsquared.init.mixins.json (0)
[10May2026 20:20:53.574] [main/DEBUG] [mixin/]: Preparing apexcore.mixins.json (0)
[10May2026 20:20:53.574] [main/DEBUG] [mixin/]: Preparing supplementaries-common.mixins.json (79)
[10May2026 20:20:53.686] [main/DEBUG] [mixin/]: Preparing supplementaries.mixins.json (28)
[10May2026 20:20:53.714] [main/WARN] [mixin/]: Error loading class: me/jellysquid/mods/sodium/client/render/chunk/compile/pipeline/FluidRenderer (java.lang.ClassNotFoundException: me.jellysquid.mods.sodium.client.render.chunk.compile.pipeline.FluidRenderer)
[10May2026 20:20:53.714] [main/DEBUG] [mixin/]: Skipping virtual target me.jellysquid.mods.sodium.client.render.chunk.compile.pipeline.FluidRenderer for supplementaries.mixins.json:CompatEmbFluidRendererMixin
[10May2026 20:20:53.715] [main/WARN] [mixin/]: Error loading class: net/raphimc/immediatelyfast/feature/map_atlas_generation/MapAtlasTexture (java.lang.ClassNotFoundException: net.raphimc.immediatelyfast.feature.map_atlas_generation.MapAtlasTexture)
[10May2026 20:20:53.715] [main/DEBUG] [mixin/]: Skipping virtual target net.raphimc.immediatelyfast.feature.map_atlas_generation.MapAtlasTexture for supplementaries.mixins.json:CompatIFMapAtlasTextureMixin
[10May2026 20:20:53.715] [main/DEBUG] [mixin/]: Preparing fantasyfurniture.mixins.json (1)
[10May2026 20:20:53.733] [main/DEBUG] [mixin/]: Inner class net/mehvahdjukaar/moonlight/core/mixins/forge/ItemMixin$1 in net/mehvahdjukaar/moonlight/core/mixins/forge/ItemMixin on net/minecraft/world/item/Item gets unique name net/minecraft/world/item/Item$Anonymous$ffd2d18a64014f9f8fb7293ba3cb8912
[10May2026 20:20:53.755] [main/DEBUG] [mixin/]: Inner class net/mehvahdjukaar/supplementaries/mixins/forge/self/SelfFlammableFluidBlockMixin$1 in net/mehvahdjukaar/supplementaries/mixins/forge/self/SelfFlammableFluidBlockMixin on net/mehvahdjukaar/supplementaries/common/fluids/FlammableLiquidBlock gets unique name net/mehvahdjukaar/supplementaries/common/fluids/FlammableLiquidBlock$Anonymous$94a3dc1abbae4e639a8966e312534dfe
[10May2026 20:20:53.757] [main/DEBUG] [mixin/]: Prepared 175 mixins in 0.725 sec (4.1ms avg) (0ms load, 0ms transform, 0ms plugin)
[10May2026 20:20:53.768] [main/INFO] [MixinExtras|Service/]: Initializing MixinExtras via com.llamalad7.mixinextras.service.MixinExtrasServiceImpl(version=0.3.6).
[10May2026 20:20:53.769] [main/DEBUG] [mixin/]: Registering new injector for @SugarWrapper with com.llamalad7.mixinextras.sugar.impl.SugarWrapperInjectionInfo
[10May2026 20:20:53.769] [main/DEBUG] [mixin/]: Registering new injector for @FactoryRedirectWrapper with com.llamalad7.mixinextras.wrapper.factory.FactoryRedirectWrapperInjectionInfo
[10May2026 20:20:53.771] [main/DEBUG] [mixin/]: Mixing MinecraftMixin from moonlight-common.mixins.json into net.minecraft.client.Minecraft
[10May2026 20:20:53.776] [main/DEBUG] [net.minecraftforge.coremod.transformer.CoreModBaseTransformer/COREMOD]: Transforming net/minecraft/world/item/ItemStack
[10May2026 20:20:53.789] [main/DEBUG] [mixin/]: Mixing MinecraftMixin from supplementaries-common.mixins.json into net.minecraft.client.Minecraft
[10May2026 20:20:53.981] [main/DEBUG] [io.netty.util.internal.logging.InternalLoggerFactory/]: Using SLF4J as the default logging framework
[10May2026 20:20:53.982] [main/DEBUG] [io.netty.util.ResourceLeakDetector/]: -Dio.netty.leakDetection.level: simple
[10May2026 20:20:53.982] [main/DEBUG] [io.netty.util.ResourceLeakDetector/]: -Dio.netty.leakDetection.targetRecords: 4
[10May2026 20:20:54.027] [main/DEBUG] [oshi.util.FileUtil/]: No oshi.properties file found from ClassLoader cpw.mods.modlauncher.TransformingClassLoader@111d5c97
[10May2026 20:20:54.571] [main/DEBUG] [oshi.util.FileUtil/]: No oshi.architecture.properties file found from ClassLoader cpw.mods.modlauncher.TransformingClassLoader@111d5c97
[10May2026 20:20:55.008] [pool-4-thread-1/DEBUG] [mixin/]: Mixing MixinBlockStateBase from framedblocks.mixin.json into net.minecraft.world.level.block.state.BlockBehaviour$BlockStateBase
[10May2026 20:20:55.014] [pool-4-thread-1/DEBUG] [mixin/]: Mixing BlockBehaviourPlanterMixin from supplementaries-common.mixins.json into net.minecraft.world.level.block.state.BlockBehaviour$BlockStateBase
[10May2026 20:20:55.050] [pool-4-thread-1/DEBUG] [mixin/]: Mixing EntityMixin from supplementaries-common.mixins.json into net.minecraft.world.entity.Entity
[10May2026 20:20:55.083] [pool-4-thread-1/DEBUG] [mixin/]: Mixing LivingEntityAccessor from supplementaries-common.mixins.json into net.minecraft.world.entity.LivingEntity
[10May2026 20:20:55.093] [pool-4-thread-1/DEBUG] [mixin/]: Mixing LivingEntityMixin from supplementaries-common.mixins.json into net.minecraft.world.entity.LivingEntity
[10May2026 20:20:55.103] [pool-4-thread-1/DEBUG] [net.minecraftforge.coremod.transformer.CoreModBaseTransformer/COREMOD]: Transforming net/minecraft/world/effect/MobEffectInstance
[10May2026 20:20:55.112] [pool-4-thread-1/DEBUG] [mixin/]: Mixing LivingEntityMixin from supplementaries.mixins.json into net.minecraft.world.entity.LivingEntity
[10May2026 20:20:55.118] [pool-4-thread-1/DEBUG] [net.minecraftforge.coremod.transformer.CoreModBaseTransformer/COREMOD]: Transforming net/minecraft/world/entity/EntityType
[10May2026 20:20:55.226] [pool-4-thread-1/DEBUG] [mixin/]: Mixing ServerLevelMixin from moonlight-common.mixins.json into net.minecraft.server.level.ServerLevel
[10May2026 20:20:55.234] [pool-4-thread-1/DEBUG] [mixin/]: Mixing ServerLevelMixin from supplementaries-common.mixins.json into net.minecraft.server.level.ServerLevel
[10May2026 20:20:55.235] [pool-4-thread-1/DEBUG] [mixin/]: Discarding sythetic bridge method synthetic in getChunk because existing method in supplementaries-common.mixins.json:ServerLevelMixin is compatible
[10May2026 20:20:55.235] [pool-4-thread-1/DEBUG] [mixin/]: Renaming synthetic method lambda$unluckyLightning$0(Lnet/minecraft/world/entity/LivingEntity;)Z to md2f2977$lambda$unluckyLightning$0$0 in supplementaries-common.mixins.json:ServerLevelMixin
[10May2026 20:20:55.320] [pool-4-thread-1/DEBUG] [mixin/]: Mixing NourishmentAlwaysEatMixin from farmersdelight.mixins.json into net.minecraft.world.entity.player.Player
[10May2026 20:20:55.322] [pool-4-thread-1/DEBUG] [mixin/]: Mixing PlayerMixin from supplementaries-common.mixins.json into net.minecraft.world.entity.player.Player
[10May2026 20:20:55.322] [pool-4-thread-1/DEBUG] [mixin/]: Mixing PlayerProjectileMixin from supplementaries.mixins.json into net.minecraft.world.entity.player.Player
[10May2026 20:20:55.353] [pool-4-thread-1/DEBUG] [mixin/]: Mixing PlacePumpkinPieMixin from farmersdelight.mixins.json into net.minecraft.world.item.Item
[10May2026 20:20:55.362] [pool-4-thread-1/DEBUG] [mixin/]: Mixing ItemMixin from moonlight-common.mixins.json into net.minecraft.world.item.Item
[10May2026 20:20:55.363] [pool-4-thread-1/DEBUG] [mixin/]: Mixing ItemMixin from moonlight.mixins.json into net.minecraft.world.item.Item
[10May2026 20:20:55.382] [pool-4-thread-1/DEBUG] [net.minecraftforge.coremod.transformer.CoreModBaseTransformer/COREMOD]: Transforming net/minecraft/world/entity/EntityType
[10May2026 20:20:55.424] [pool-4-thread-1/DEBUG] [mixin/]: Mixing PoiMixin from moonlight-common.mixins.json into net.minecraft.world.entity.ai.village.poi.PoiType
[10May2026 20:20:55.438] [pool-4-thread-1/DEBUG] [mixin/]: Mixing KeepRichSoilGiantTreeMixin from farmersdelight.mixins.json into net.minecraft.world.level.levelgen.feature.Feature
[10May2026 20:20:55.438] [pool-4-thread-1/DEBUG] [mixin/]: Renaming synthetic method lambda$keepRichSoil$0(Lnet/minecraft/world/level/block/state/BlockState;)Z to md2f2977$lambda$keepRichSoil$0$0 in farmersdelight.mixins.json:KeepRichSoilGiantTreeMixin
[10May2026 20:20:55.459] [pool-4-thread-1/DEBUG] [mixin/]: Mixing FireBlockMixin from moonlight.mixins.json into net.minecraft.world.level.block.FireBlock
[10May2026 20:20:55.462] [pool-4-thread-1/DEBUG] [mixin/]: Mixing FireBlockMixin from supplementaries-common.mixins.json into net.minecraft.world.level.block.FireBlock
[10May2026 20:20:55.464] [pool-4-thread-1/DEBUG] [mixin/]: Mixing FireBlockAccessor from supplementaries.mixins.json into net.minecraft.world.level.block.FireBlock
[10May2026 20:20:55.607] [pool-4-thread-1/DEBUG] [net.minecraftforge.coremod.transformer.CoreModBaseTransformer/COREMOD]: Transforming net/minecraft/world/level/block/LiquidBlock
[10May2026 20:20:55.617] [pool-4-thread-1/DEBUG] [mixin/]: Mixing CuttingBoardDispenserMixin from farmersdelight.mixins.json into net.minecraft.world.level.block.DispenserBlock
[10May2026 20:20:55.620] [pool-4-thread-1/DEBUG] [mixin/]: Mixing accessor.DispenserBlockAccessor from moonlight-common.mixins.json into net.minecraft.world.level.block.DispenserBlock
[10May2026 20:20:55.620] [pool-4-thread-1/DEBUG] [mixin/]: Renaming @Accessor method getDispenserRegistry()Ljava/util/Map; to getDispenserRegistry_$md$2f2977$0 in moonlight-common.mixins.json:accessor.DispenserBlockAccessor
[10May2026 20:20:55.643] [pool-4-thread-1/DEBUG] [net.minecraftforge.coremod.transformer.CoreModBaseTransformer/COREMOD]: Transforming net/minecraft/world/level/block/StairBlock
[10May2026 20:20:55.649] [pool-4-thread-1/DEBUG] [mixin/]: Mixing KeepRichSoilUntrampledMixin from farmersdelight.mixins.json into net.minecraft.world.level.block.FarmBlock
[10May2026 20:20:55.678] [pool-4-thread-1/DEBUG] [mixin/]: Mixing RopeFenceConnectionMixin from farmersdelight.mixins.json into net.minecraft.world.level.block.FenceBlock
[10May2026 20:20:55.702] [pool-4-thread-1/DEBUG] [mixin/]: Mixing IronBarsBlockMixin from supplementaries-common.mixins.json into net.minecraft.world.level.block.IronBarsBlock
[10May2026 20:20:55.736] [pool-4-thread-1/DEBUG] [net.minecraftforge.coremod.transformer.CoreModBaseTransformer/COREMOD]: Transforming net/minecraft/world/level/block/FlowerPotBlock
[10May2026 20:20:55.743] [pool-4-thread-1/DEBUG] [mixin/]: Mixing ComparatorBlockMixin from supplementaries-common.mixins.json into net.minecraft.world.level.block.ComparatorBlock
[10May2026 20:20:55.764] [pool-4-thread-1/DEBUG] [mixin/]: Mixing ObserverBlockMixin from supplementaries-common.mixins.json into net.minecraft.world.level.block.ObserverBlock
[10May2026 20:20:55.789] [pool-4-thread-1/DEBUG] [mixin/]: Mixing LanternBlockPlacementMixin from supplementaries-common.mixins.json into net.minecraft.world.level.block.LanternBlock
[10May2026 20:20:55.795] [pool-4-thread-1/DEBUG] [mixin/]: Mixing CampfireBaleMixin from farmersdelight.mixins.json into net.minecraft.world.level.block.CampfireBlock
[10May2026 20:20:55.795] [pool-4-thread-1/DEBUG] [mixin/]: Mixing CampfireBlockMixin from supplementaries-common.mixins.json into net.minecraft.world.level.block.CampfireBlock
[10May2026 20:20:55.879] [pool-4-thread-1/DEBUG] [mixin/]: Mixing FallingBlockEntityMixin from supplementaries-common.mixins.json into net.minecraft.world.entity.item.FallingBlockEntity
[10May2026 20:20:55.915] [pool-4-thread-1/DEBUG] [mixin/]: Mixing accessor.DispenserBlockEntityAccessor from moonlight-common.mixins.json into net.minecraft.world.level.block.entity.DispenserBlockEntity
[10May2026 20:20:55.995] [pool-4-thread-1/DEBUG] [mixin/]: Mixing PistonBlockEntityMixin from moonlight-common.mixins.json into net.minecraft.world.level.block.piston.PistonMovingBlockEntity
[10May2026 20:20:56.027] [pool-4-thread-1/DEBUG] [mixin/]: Mixing KeepRichSoilTreeMixin from farmersdelight.mixins.json into net.minecraft.world.level.levelgen.feature.trunkplacers.TrunkPlacer
[10May2026 20:20:56.027] [pool-4-thread-1/DEBUG] [mixin/]: Renaming synthetic method lambda$cancelSetDirtIfRichSoil$0(Lnet/minecraft/world/level/block/state/BlockState;)Z to md2f2977$lambda$cancelSetDirtIfRichSoil$0$0 in farmersdelight.mixins.json:KeepRichSoilTreeMixin
[10May2026 20:20:56.147] [pool-4-thread-1/DEBUG] [mixin/]: Mixing AbstractArrowMixin from supplementaries-common.mixins.json into net.minecraft.world.entity.projectile.AbstractArrow
[10May2026 20:20:56.169] [pool-4-thread-1/DEBUG] [mixin/]: Mixing EntityMixin from moonlight-common.mixins.json into net.minecraft.world.entity.Mob
[10May2026 20:20:56.216] [pool-4-thread-1/DEBUG] [net.minecraftforge.coremod.transformer.CoreModBaseTransformer/COREMOD]: Transforming net/minecraft/world/item/ItemStack
[10May2026 20:20:56.296] [pool-4-thread-1/DEBUG] [mixin/]: Mixing ShulkerBoxBlockEntityMixin from supplementaries-common.mixins.json into net.minecraft.world.level.block.entity.ShulkerBoxBlockEntity
[10May2026 20:20:56.423] [pool-4-thread-1/DEBUG] [mixin/]: Mixing LoomMenuMixin from supplementaries-common.mixins.json into net.minecraft.world.inventory.LoomMenu
[10May2026 20:20:56.437] [pool-4-thread-1/DEBUG] [mixin/]: Mixing CartographyTableMixin from supplementaries-common.mixins.json into net.minecraft.world.inventory.CartographyTableMenu
[10May2026 20:20:56.452] [pool-4-thread-1/DEBUG] [mixin/]: Mixing GrindstoneMenuMixin from moonlight-common.mixins.json into net.minecraft.world.inventory.GrindstoneMenu
[10May2026 20:20:56.452] [pool-4-thread-1/DEBUG] [mixin/]: Mixing GrindstoneMenuMixin from supplementaries-common.mixins.json into net.minecraft.world.inventory.GrindstoneMenu
[10May2026 20:20:56.518] [pool-4-thread-1/DEBUG] [mixin/]: Mixing LightningEntityMixin from moonlight-common.mixins.json into net.minecraft.world.entity.LightningBolt
[10May2026 20:20:56.552] [pool-4-thread-1/DEBUG] [net.minecraftforge.coremod.transformer.CoreModBaseTransformer/COREMOD]: Transforming net/minecraft/world/entity/animal/frog/Tadpole
[10May2026 20:20:56.567] [pool-4-thread-1/DEBUG] [mixin/]: Mixing BlockItemMixin from moonlight-common.mixins.json into net.minecraft.world.item.BlockItem
[10May2026 20:20:56.587] [pool-4-thread-1/DEBUG] [mixin/]: Mixing BowMixin from supplementaries-common.mixins.json into net.minecraft.world.item.BowItem
[10May2026 20:20:56.587] [pool-4-thread-1/DEBUG] [mixin/]: Renaming synthetic method lambda$getAllSupportedProjectiles$0(Ljava/util/function/Predicate;Lnet/minecraft/world/item/ItemStack;)Z to md2f2977$lambda$getAllSupportedProjectiles$0$0 in supplementaries-common.mixins.json:BowMixin
[10May2026 20:20:56.591] [pool-4-thread-1/DEBUG] [mixin/]: Mixing ProjectileWeaponItemMixin from supplementaries-common.mixins.json into net.minecraft.world.item.ProjectileWeaponItem
[10May2026 20:20:56.599] [pool-4-thread-1/DEBUG] [mixin/]: Mixing SoupItemMixin from farmersdelight.mixins.json into net.minecraft.world.item.BowlFoodItem
[10May2026 20:20:56.607] [pool-4-thread-1/DEBUG] [mixin/]: Mixing PaintingItemMixin from supplementaries-common.mixins.json into net.minecraft.world.item.HangingEntityItem
[10May2026 20:20:56.612] [pool-4-thread-1/DEBUG] [net.minecraftforge.coremod.transformer.CoreModBaseTransformer/COREMOD]: Transforming net/minecraft/world/item/BucketItem
[10May2026 20:20:56.615] [pool-4-thread-1/DEBUG] [mixin/]: Mixing MobBucketItemAccessor from supplementaries.mixins.json into net.minecraft.world.item.MobBucketItem
[10May2026 20:20:56.616] [pool-4-thread-1/DEBUG] [net.minecraftforge.coremod.transformer.CoreModBaseTransformer/COREMOD]: Transforming net/minecraft/world/item/BucketItem
[10May2026 20:20:56.621] [pool-4-thread-1/DEBUG] [mixin/]: Mixing InkSackMixin from supplementaries-common.mixins.json into net.minecraft.world.item.InkSacItem
[10May2026 20:20:56.628] [pool-4-thread-1/DEBUG] [mixin/]: Mixing MapItemMixin from moonlight-common.mixins.json into net.minecraft.world.item.MapItem
[10May2026 20:20:56.629] [pool-4-thread-1/DEBUG] [mixin/]: Renaming synthetic method lambda$update$1(Lnet/minecraft/world/level/saveddata/maps/MapItemSavedData;Lnet/minecraft/world/entity/Entity;Ljava/util/concurrent/atomic/AtomicBoolean;Lnet/minecraft/resources/ResourceLocation;Lnet/mehvahdjukaar/moonlight/api/map/CustomMapData;)V to md2f2977$lambda$update$1$0 in moonlight-common.mixins.json:MapItemMixin
[10May2026 20:20:56.629] [pool-4-thread-1/DEBUG] [mixin/]: Renaming synthetic method lambda$appendHoverText$0(Lnet/minecraft/world/level/saveddata/maps/MapItemSavedData;Lnet/minecraft/world/item/ItemStack;Ljava/util/List;Lnet/minecraft/resources/ResourceLocation;Lnet/mehvahdjukaar/moonlight/api/map/CustomMapData;)V to md2f2977$lambda$appendHoverText$0$1 in moonlight-common.mixins.json:MapItemMixin
[10May2026 20:20:56.629] [pool-4-thread-1/DEBUG] [mixin/]: Mixing MapItemMixin from supplementaries-common.mixins.json into net.minecraft.world.item.MapItem
[10May2026 20:20:56.630] [pool-4-thread-1/DEBUG] [mixin/]: Renaming synthetic method lambda$updateCustomColor$3(Lorg/joml/Vector2i;)D to md2f2977$lambda$updateCustomColor$3$2 in supplementaries-common.mixins.json:MapItemMixin
[10May2026 20:20:56.630] [pool-4-thread-1/DEBUG] [mixin/]: Renaming synthetic method lambda$updateCustomColor$2(Lorg/joml/Vector2i;)D to md2f2977$lambda$updateCustomColor$2$3 in supplementaries-common.mixins.json:MapItemMixin
[10May2026 20:20:56.630] [pool-4-thread-1/DEBUG] [mixin/]: Renaming synthetic method lambda$removeXrayAndAddAccurateColor$1(Lnet/minecraft/core/BlockPos;Lorg/joml/Vector2i;)Lcom/mojang/datafixers/util/Pair; to md2f2977$lambda$removeXrayAndAddAccurateColor$1$4 in supplementaries-common.mixins.json:MapItemMixin
[10May2026 20:20:56.630] [pool-4-thread-1/DEBUG] [mixin/]: Renaming synthetic method lambda$removeXrayAndAddAccurateColor$0(Lorg/joml/Vector2i;)Ljava/util/List; to md2f2977$lambda$removeXrayAndAddAccurateColor$0$5 in supplementaries-common.mixins.json:MapItemMixin
[10May2026 20:20:56.679] [pool-4-thread-1/DEBUG] [mixin/]: Mixing ShearItemMixin from moonlight-common.mixins.json into net.minecraft.world.item.ShearsItem
[10May2026 20:20:56.698] [pool-4-thread-1/DEBUG] [mixin/]: Mixing CrossbowItemRopeMixin from supplementaries-common.mixins.json into net.minecraft.world.item.CrossbowItem
[10May2026 20:20:56.704] [pool-4-thread-1/DEBUG] [mixin/]: Mixing BannerPatternItemMixin from supplementaries-common.mixins.json into net.minecraft.world.item.BannerPatternItem
[10May2026 20:20:56.705] [pool-4-thread-1/DEBUG] [mixin/]: Mixing BrushItemMixin from supplementaries-common.mixins.json into net.minecraft.world.item.BrushItem
[10May2026 20:20:57.090] [pool-4-thread-1/DEBUG] [mixin/]: Mixing BeeGoalMixin from moonlight-common.mixins.json into net.minecraft.world.entity.animal.Bee$BeeGrowCropGoal
[10May2026 20:20:57.109] [pool-4-thread-1/DEBUG] [mixin/]: Mixing AbstractHorseMixin from supplementaries-common.mixins.json into net.minecraft.world.entity.animal.horse.AbstractHorse
[10May2026 20:20:57.132] [pool-4-thread-1/DEBUG] [mixin/]: Mixing CatSitOnBlockGoalMixin from supplementaries-common.mixins.json into net.minecraft.world.entity.ai.goal.CatSitOnBlockGoal
[10May2026 20:20:57.141] [pool-4-thread-1/DEBUG] [net.minecraftforge.coremod.transformer.CoreModBaseTransformer/COREMOD]: Transforming net/minecraft/world/entity/monster/Spider
[10May2026 20:20:57.143] [Datafixer Bootstrap/INFO] [com.mojang.datafixers.DataFixerBuilder/]: 188 Datafixer optimizations took 73 milliseconds
[10May2026 20:20:57.149] [pool-4-thread-1/DEBUG] [mixin/]: Mixing SkeletonMixin from supplementaries-common.mixins.json into net.minecraft.world.entity.monster.Skeleton
[10May2026 20:20:57.161] [pool-4-thread-1/DEBUG] [mixin/]: Mixing AbstractSkeletonMixin from supplementaries-common.mixins.json into net.minecraft.world.entity.monster.AbstractSkeleton
[10May2026 20:20:57.188] [pool-4-thread-1/DEBUG] [mixin/]: Mixing CreeperMixin from supplementaries-common.mixins.json into net.minecraft.world.entity.monster.Creeper
[10May2026 20:20:57.212] [pool-4-thread-1/DEBUG] [net.minecraftforge.coremod.transformer.CoreModBaseTransformer/COREMOD]: Transforming net/minecraft/world/entity/monster/Zombie
[10May2026 20:20:57.236] [pool-4-thread-1/DEBUG] [net.minecraftforge.coremod.transformer.CoreModBaseTransformer/COREMOD]: Transforming net/minecraft/world/entity/monster/ZombieVillager
[10May2026 20:20:57.268] [pool-4-thread-1/DEBUG] [mixin/]: Mixing EndermanMixin from supplementaries-common.mixins.json into net.minecraft.world.entity.monster.EnderMan
[10May2026 20:20:57.277] [pool-4-thread-1/DEBUG] [mixin/]: Mixing EvokerMixin from supplementaries-common.mixins.json into net.minecraft.world.entity.monster.Evoker
[10May2026 20:20:57.283] [pool-4-thread-1/DEBUG] [net.minecraftforge.coremod.transformer.CoreModBaseTransformer/COREMOD]: Transforming net/minecraft/world/entity/monster/Evoker$EvokerSummonSpellGoal
[10May2026 20:20:57.290] [pool-4-thread-1/DEBUG] [mixin/]: Mixing FixBlockPlaceContextMixin from moonlight-common.mixins.json into net.minecraft.world.item.context.BlockPlaceContext
[10May2026 20:20:57.338] [pool-4-thread-1/DEBUG] [mixin/]: Mixing SlimeMixin from supplementaries-common.mixins.json into net.minecraft.world.entity.monster.Slime
[10May2026 20:20:57.367] [pool-4-thread-1/DEBUG] [mixin/]: Mixing ParrotMixin from supplementaries-common.mixins.json into net.minecraft.world.entity.animal.Parrot
[10May2026 20:20:57.368] [pool-4-thread-1/DEBUG] [mixin/]: Renaming synthetic method lambda$supplementaries$fluteAi$0(Lnet/minecraft/world/entity/player/Player;)Z to md2f2977$lambda$supplementaries$fluteAi$0$0 in supplementaries-common.mixins.json:ParrotMixin
[10May2026 20:20:57.398] [pool-4-thread-1/DEBUG] [mixin/]: Mixing ThrownPotionMixin from moonlight-common.mixins.json into net.minecraft.world.entity.projectile.ThrownPotion
[10May2026 20:20:57.408] [pool-4-thread-1/DEBUG] [mixin/]: Mixing RabbitsEatCabbageMixin from farmersdelight.mixins.json into net.minecraft.world.entity.animal.Rabbit
[10May2026 20:20:57.431] [pool-4-thread-1/DEBUG] [mixin/]: Mixing SkellyHorseMixin from supplementaries-common.mixins.json into net.minecraft.world.entity.animal.horse.SkeletonHorse
[10May2026 20:20:57.431] [pool-4-thread-1/DEBUG] [mixin/]: Renaming synthetic method lambda$tick$0(Ljava/lang/Integer;)V to md2f2977$lambda$tick$0$0 in supplementaries-common.mixins.json:SkellyHorseMixin
[10May2026 20:20:57.453] [pool-4-thread-1/DEBUG] [net.minecraftforge.coremod.transformer.CoreModBaseTransformer/COREMOD]: Transforming net/minecraft/world/entity/animal/horse/SkeletonTrapGoal
[10May2026 20:20:57.464] [pool-4-thread-1/DEBUG] [mixin/]: Mixing StrayMixin from supplementaries-common.mixins.json into net.minecraft.world.entity.monster.Stray
[10May2026 20:20:57.468] [pool-4-thread-1/DEBUG] [net.minecraftforge.coremod.transformer.CoreModBaseTransformer/COREMOD]: Transforming net/minecraft/world/entity/monster/Strider
[10May2026 20:20:57.484] [pool-4-thread-1/DEBUG] [mixin/]: Mixing FriendlyByteBufMixin from supplementaries.mixins.json into net.minecraft.network.FriendlyByteBuf
[10May2026 20:20:57.503] [pool-4-thread-1/DEBUG] [mixin/]: Mixing ServerPlayerMixin from moonlight-common.mixins.json into net.minecraft.server.level.ServerPlayer
[10May2026 20:20:57.516] [pool-4-thread-1/DEBUG] [mixin/]: Mixing VillagersTargetRichSoilMixin from farmersdelight.mixins.json into net.minecraft.world.entity.ai.sensing.SecondaryPoiSensor
[10May2026 20:20:57.549] [pool-4-thread-1/DEBUG] [mixin/]: Mixing LevelChunkMixin from moonlight-common.mixins.json into net.minecraft.world.level.chunk.LevelChunk
[10May2026 20:20:57.568] [pool-4-thread-1/DEBUG] [net.minecraftforge.coremod.transformer.CoreModBaseTransformer/COREMOD]: Transforming net/minecraft/world/entity/npc/Villager
[10May2026 20:20:57.585] [pool-4-thread-1/DEBUG] [mixin/]: Mixing VillagerMixin from moonlight-common.mixins.json into net.minecraft.world.entity.npc.Villager
[10May2026 20:20:57.597] [pool-4-thread-1/DEBUG] [mixin/]: Mixing WanderingTraderMixin from supplementaries-common.mixins.json into net.minecraft.world.entity.npc.WanderingTrader
[10May2026 20:20:57.610] [pool-4-thread-1/DEBUG] [mixin/]: Mixing ZombieHorseMixin from supplementaries-common.mixins.json into net.minecraft.world.entity.animal.horse.ZombieHorse
[10May2026 20:20:57.631] [pool-4-thread-1/DEBUG] [net.minecraftforge.coremod.transformer.CoreModBaseTransformer/COREMOD]: Transforming net/minecraft/world/effect/MobEffectInstance
[10May2026 20:20:57.650] [pool-4-thread-1/DEBUG] [mixin/]: Mixing ServerGamePacketListenerMixin from supplementaries-common.mixins.json into net.minecraft.server.network.ServerGamePacketListenerImpl
[10May2026 20:20:57.650] [pool-4-thread-1/DEBUG] [mixin/]: Renaming synthetic method lambda$addAntiqueInk$0(Ljava/util/function/UnaryOperator;Ljava/lang/String;)Ljava/lang/String; to md2f2977$lambda$addAntiqueInk$0$0 in supplementaries-common.mixins.json:ServerGamePacketListenerMixin
[10May2026 20:20:57.695] [pool-4-thread-1/DEBUG] [mixin/]: Mixing AbstractProjectileBehaviorAccessor from supplementaries-common.mixins.json into net.minecraft.core.dispenser.AbstractProjectileDispenseBehavior
[10May2026 20:20:57.770] [pool-4-thread-1/DEBUG] [mixin/]: Mixing InventoryMixin from moonlight-common.mixins.json into net.minecraft.world.entity.player.Inventory
[10May2026 20:20:57.782] [pool-4-thread-1/DEBUG] [mixin/]: Mixing GrindstoneInputSlotMixin from supplementaries-common.mixins.json into net.minecraft.world.inventory.GrindstoneMenu$2
[10May2026 20:20:57.786] [pool-4-thread-1/DEBUG] [mixin/]: Mixing GrindstoneMenuSlotMixin from moonlight-common.mixins.json into net.minecraft.world.inventory.GrindstoneMenu$4
[10May2026 20:20:57.787] [pool-4-thread-1/DEBUG] [mixin/]: Mixing GrindstoneTestSlotMixin from supplementaries-common.mixins.json into net.minecraft.world.inventory.GrindstoneMenu$4
[10May2026 20:20:57.795] [pool-4-thread-1/DEBUG] [mixin/]: Mixing LoomInputSlotMixin from supplementaries-common.mixins.json into net.minecraft.world.inventory.LoomMenu$3
[10May2026 20:20:57.800] [pool-4-thread-1/DEBUG] [mixin/]: Mixing CartographyTableInputSlotMixin from supplementaries-common.mixins.json into net.minecraft.world.inventory.CartographyTableMenu$4
[10May2026 20:20:57.808] [pool-4-thread-1/DEBUG] [mixin/]: Mixing MapExtendingRecipeMixin from moonlight-common.mixins.json into net.minecraft.world.item.crafting.MapExtendingRecipe
[10May2026 20:20:57.850] [pool-4-thread-1/DEBUG] [mixin/]: Mixing ExplorationMapSerializerMixin from supplementaries-common.mixins.json into net.minecraft.world.level.storage.loot.functions.ExplorationMapFunction$Serializer
[10May2026 20:20:57.865] [pool-4-thread-1/DEBUG] [mixin/]: Mixing ExplorationMapFunctionMixin from supplementaries-common.mixins.json into net.minecraft.world.level.storage.loot.functions.ExplorationMapFunction
[10May2026 20:20:57.982] [pool-4-thread-1/DEBUG] [net.minecraftforge.coremod.transformer.CoreModBaseTransformer/COREMOD]: Transforming net/minecraft/world/level/levelgen/structure/Structure
[10May2026 20:20:57.990] [pool-4-thread-1/DEBUG] [mixin/]: Mixing MineshaftCorridorMixin from supplementaries-common.mixins.json into net.minecraft.world.level.levelgen.structure.structures.MineshaftPieces$MineShaftCorridor
[10May2026 20:20:58.007] [pool-4-thread-1/DEBUG] [mixin/]: Mixing StrongholdCrossingSconceMixin from supplementaries-common.mixins.json into net.minecraft.world.level.levelgen.structure.structures.StrongholdPieces$FiveCrossing
[10May2026 20:20:58.022] [pool-4-thread-1/DEBUG] [mixin/]: Mixing StrongholdRoomSconceMixin from supplementaries-common.mixins.json into net.minecraft.world.level.levelgen.structure.structures.StrongholdPieces$RoomCrossing
[10May2026 20:20:58.035] [pool-4-thread-1/DEBUG] [net.minecraftforge.coremod.transformer.CoreModBaseTransformer/COREMOD]: Transforming net/minecraft/world/level/levelgen/structure/structures/OceanRuinPieces$OceanRuinPiece
[10May2026 20:20:58.042] [pool-4-thread-1/DEBUG] [net.minecraftforge.coremod.transformer.CoreModBaseTransformer/COREMOD]: Transforming net/minecraft/world/level/levelgen/structure/structures/SwampHutPiece
[10May2026 20:20:58.049] [pool-4-thread-1/DEBUG] [net.minecraftforge.coremod.transformer.CoreModBaseTransformer/COREMOD]: Transforming net/minecraft/world/level/levelgen/structure/structures/OceanMonumentPieces$OceanMonumentPiece
[10May2026 20:20:58.061] [pool-4-thread-1/DEBUG] [net.minecraftforge.coremod.transformer.CoreModBaseTransformer/COREMOD]: Transforming net/minecraft/world/level/levelgen/structure/structures/WoodlandMansionPieces$WoodlandMansionPiece
[10May2026 20:20:58.108] [pool-4-thread-1/DEBUG] [net.minecraftforge.coremod.transformer.CoreModBaseTransformer/COREMOD]: Transforming net/minecraft/world/level/biome/Biome
[10May2026 20:20:58.184] [pool-4-thread-1/DEBUG] [net.minecraftforge.registries.GameData/REGISTRIES]: Creating vanilla freeze snapshot
[10May2026 20:20:58.184] [pool-4-thread-1/DEBUG] [net.minecraftforge.registries.ForgeRegistry/REGISTRIES]: Registry minecraft:block Sync: VANILLA -> ACTIVE
[10May2026 20:20:58.190] [pool-4-thread-1/DEBUG] [net.minecraftforge.registries.ForgeRegistry/REGISTRIES]: Registry minecraft:fluid Sync: VANILLA -> ACTIVE
[10May2026 20:20:58.190] [pool-4-thread-1/DEBUG] [net.minecraftforge.registries.ForgeRegistry/REGISTRIES]: Registry minecraft:item Sync: VANILLA -> ACTIVE
[10May2026 20:20:58.194] [pool-4-thread-1/DEBUG] [net.minecraftforge.registries.ForgeRegistry/REGISTRIES]: Registry minecraft:mob_effect Sync: VANILLA -> ACTIVE
[10May2026 20:20:58.195] [pool-4-thread-1/DEBUG] [net.minecraftforge.registries.ForgeRegistry/REGISTRIES]: Registry minecraft:sound_event Sync: VANILLA -> ACTIVE
[10May2026 20:20:58.198] [pool-4-thread-1/DEBUG] [net.minecraftforge.registries.ForgeRegistry/REGISTRIES]: Registry minecraft:potion Sync: VANILLA -> ACTIVE
[10May2026 20:20:58.198] [pool-4-thread-1/DEBUG] [net.minecraftforge.registries.ForgeRegistry/REGISTRIES]: Registry minecraft:enchantment Sync: VANILLA -> ACTIVE
[10May2026 20:20:58.198] [pool-4-thread-1/DEBUG] [net.minecraftforge.registries.ForgeRegistry/REGISTRIES]: Registry minecraft:entity_type Sync: VANILLA -> ACTIVE
[10May2026 20:20:58.198] [pool-4-thread-1/DEBUG] [net.minecraftforge.registries.ForgeRegistry/REGISTRIES]: Registry minecraft:block_entity_type Sync: VANILLA -> ACTIVE
[10May2026 20:20:58.198] [pool-4-thread-1/DEBUG] [net.minecraftforge.registries.ForgeRegistry/REGISTRIES]: Registry minecraft:particle_type Sync: VANILLA -> ACTIVE
[10May2026 20:20:58.199] [pool-4-thread-1/DEBUG] [net.minecraftforge.registries.ForgeRegistry/REGISTRIES]: Registry minecraft:menu Sync: VANILLA -> ACTIVE
[10May2026 20:20:58.199] [pool-4-thread-1/DEBUG] [net.minecraftforge.registries.ForgeRegistry/REGISTRIES]: Registry minecraft:painting_variant Sync: VANILLA -> ACTIVE
[10May2026 20:20:58.199] [pool-4-thread-1/DEBUG] [net.minecraftforge.registries.ForgeRegistry/REGISTRIES]: Registry minecraft:recipe_type Sync: VANILLA -> ACTIVE
[10May2026 20:20:58.199] [pool-4-thread-1/DEBUG] [net.minecraftforge.registries.ForgeRegistry/REGISTRIES]: Registry minecraft:recipe_serializer Sync: VANILLA -> ACTIVE
[10May2026 20:20:58.199] [pool-4-thread-1/DEBUG] [net.minecraftforge.registries.ForgeRegistry/REGISTRIES]: Registry minecraft:attribute Sync: VANILLA -> ACTIVE
[10May2026 20:20:58.199] [pool-4-thread-1/DEBUG] [net.minecraftforge.registries.ForgeRegistry/REGISTRIES]: Registry minecraft:stat_type Sync: VANILLA -> ACTIVE
[10May2026 20:20:58.199] [pool-4-thread-1/DEBUG] [net.minecraftforge.registries.ForgeRegistry/REGISTRIES]: Registry minecraft:command_argument_type Sync: VANILLA -> ACTIVE
[10May2026 20:20:58.199] [pool-4-thread-1/DEBUG] [net.minecraftforge.registries.ForgeRegistry/REGISTRIES]: Registry minecraft:villager_profession Sync: VANILLA -> ACTIVE
[10May2026 20:20:58.199] [pool-4-thread-1/DEBUG] [net.minecraftforge.registries.ForgeRegistry/REGISTRIES]: Registry minecraft:point_of_interest_type Sync: VANILLA -> ACTIVE
[10May2026 20:20:58.201] [pool-4-thread-1/DEBUG] [net.minecraftforge.registries.ForgeRegistry/REGISTRIES]: Registry minecraft:memory_module_type Sync: VANILLA -> ACTIVE
[10May2026 20:20:58.201] [pool-4-thread-1/DEBUG] [net.minecraftforge.registries.ForgeRegistry/REGISTRIES]: Registry minecraft:sensor_type Sync: VANILLA -> ACTIVE
[10May2026 20:20:58.201] [pool-4-thread-1/DEBUG] [net.minecraftforge.registries.ForgeRegistry/REGISTRIES]: Registry minecraft:schedule Sync: VANILLA -> ACTIVE
[10May2026 20:20:58.201] [pool-4-thread-1/DEBUG] [net.minecraftforge.registries.ForgeRegistry/REGISTRIES]: Registry minecraft:activity Sync: VANILLA -> ACTIVE
[10May2026 20:20:58.201] [pool-4-thread-1/DEBUG] [net.minecraftforge.registries.ForgeRegistry/REGISTRIES]: Registry minecraft:worldgen/carver Sync: VANILLA -> ACTIVE
[10May2026 20:20:58.201] [pool-4-thread-1/DEBUG] [net.minecraftforge.registries.ForgeRegistry/REGISTRIES]: Registry minecraft:worldgen/feature Sync: VANILLA -> ACTIVE
[10May2026 20:20:58.202] [pool-4-thread-1/DEBUG] [net.minecraftforge.registries.ForgeRegistry/REGISTRIES]: Registry minecraft:chunk_status Sync: VANILLA -> ACTIVE
[10May2026 20:20:58.202] [pool-4-thread-1/DEBUG] [net.minecraftforge.registries.ForgeRegistry/REGISTRIES]: Registry minecraft:worldgen/block_state_provider_type Sync: VANILLA -> ACTIVE
[10May2026 20:20:58.202] [pool-4-thread-1/DEBUG] [net.minecraftforge.registries.ForgeRegistry/REGISTRIES]: Registry minecraft:worldgen/foliage_placer_type Sync: VANILLA -> ACTIVE
[10May2026 20:20:58.202] [pool-4-thread-1/DEBUG] [net.minecraftforge.registries.ForgeRegistry/REGISTRIES]: Registry minecraft:worldgen/tree_decorator_type Sync: VANILLA -> ACTIVE
[10May2026 20:20:58.202] [pool-4-thread-1/DEBUG] [net.minecraftforge.registries.ForgeRegistry/REGISTRIES]: Registry minecraft:worldgen/biome Sync: VANILLA -> ACTIVE
[10May2026 20:20:58.205] [pool-4-thread-1/DEBUG] [net.minecraftforge.registries.GameData/REGISTRIES]: Vanilla freeze snapshot created
[10May2026 20:20:58.213] [pool-4-thread-1/DEBUG] [io.netty.util.internal.PlatformDependent0/]: -Dio.netty.noUnsafe: false
[10May2026 20:20:58.213] [pool-4-thread-1/DEBUG] [io.netty.util.internal.PlatformDependent0/]: Java version: 17
[10May2026 20:20:58.213] [pool-4-thread-1/DEBUG] [io.netty.util.internal.PlatformDependent0/]: sun.misc.Unsafe.theUnsafe: available
[10May2026 20:20:58.213] [pool-4-thread-1/DEBUG] [io.netty.util.internal.PlatformDependent0/]: sun.misc.Unsafe.copyMemory: available
[10May2026 20:20:58.213] [pool-4-thread-1/DEBUG] [io.netty.util.internal.PlatformDependent0/]: sun.misc.Unsafe.storeFence: available
[10May2026 20:20:58.213] [pool-4-thread-1/DEBUG] [io.netty.util.internal.PlatformDependent0/]: java.nio.Buffer.address: available
[10May2026 20:20:58.214] [pool-4-thread-1/DEBUG] [io.netty.util.internal.PlatformDependent0/]: direct buffer constructor: unavailable
java.lang.UnsupportedOperationException: Reflective setAccessible(true) disabled
	at io.netty.util.internal.ReflectionUtil.trySetAccessible(ReflectionUtil.java:31) ~[netty-common-4.1.82.Final.jar%23144!/:4.1.82.Final]
	at io.netty.util.internal.PlatformDependent0$5.run(PlatformDependent0.java:288) ~[netty-common-4.1.82.Final.jar%23144!/:4.1.82.Final]
	at java.security.AccessController.doPrivileged(AccessController.java:318) ~[?:?]
	at io.netty.util.internal.PlatformDependent0.<clinit>(PlatformDependent0.java:282) ~[netty-common-4.1.82.Final.jar%23144!/:4.1.82.Final]
	at io.netty.util.internal.PlatformDependent.isAndroid(PlatformDependent.java:333) ~[netty-common-4.1.82.Final.jar%23144!/:4.1.82.Final]
	at io.netty.util.internal.PlatformDependent.<clinit>(PlatformDependent.java:88) ~[netty-common-4.1.82.Final.jar%23144!/:4.1.82.Final]
	at io.netty.util.ConstantPool.<init>(ConstantPool.java:34) ~[netty-common-4.1.82.Final.jar%23144!/:4.1.82.Final]
	at io.netty.util.AttributeKey$1.<init>(AttributeKey.java:27) ~[netty-common-4.1.82.Final.jar%23144!/:4.1.82.Final]
	at io.netty.util.AttributeKey.<clinit>(AttributeKey.java:27) ~[netty-common-4.1.82.Final.jar%23144!/:4.1.82.Final]
	at net.minecraftforge.network.NetworkConstants.<clinit>(NetworkConstants.java:34) ~[forge-1.20.1-47.4.10_mapped_parchment_2023.09.03-1.20.1-recomp.jar%23183%23190!/:?]
	at net.minecraftforge.network.NetworkHooks.init(NetworkHooks.java:52) ~[forge-1.20.1-47.4.10_mapped_parchment_2023.09.03-1.20.1-recomp.jar%23183%23190!/:?]
	at net.minecraft.server.Bootstrap.bootStrap(Bootstrap.java:66) ~[forge-1.20.1-47.4.10_mapped_parchment_2023.09.03-1.20.1-recomp.jar%23184!/:?]
	at net.minecraft.client.main.Main.lambda$main$0(Main.java:151) ~[forge-1.20.1-47.4.10_mapped_parchment_2023.09.03-1.20.1-recomp.jar%23184!/:?]
	at java.util.concurrent.Executors$RunnableAdapter.call(Executors.java:539) ~[?:?]
	at java.util.concurrent.FutureTask.run(FutureTask.java:264) ~[?:?]
	at java.util.concurrent.ThreadPoolExecutor.runWorker(ThreadPoolExecutor.java:1136) ~[?:?]
	at java.util.concurrent.ThreadPoolExecutor$Worker.run(ThreadPoolExecutor.java:635) ~[?:?]
	at java.lang.Thread.run(Thread.java:840) ~[?:?]
[10May2026 20:20:58.214] [pool-4-thread-1/DEBUG] [io.netty.util.internal.PlatformDependent0/]: java.nio.Bits.unaligned: available, true
[10May2026 20:20:58.215] [pool-4-thread-1/DEBUG] [io.netty.util.internal.PlatformDependent0/]: jdk.internal.misc.Unsafe.allocateUninitializedArray(int): unavailable
java.lang.IllegalAccessException: class io.netty.util.internal.PlatformDependent0$7 (in module io.netty.common) cannot access class jdk.internal.misc.Unsafe (in module java.base) because module java.base does not export jdk.internal.misc to module io.netty.common
	at jdk.internal.reflect.Reflection.newIllegalAccessException(Reflection.java:392) ~[?:?]
	at java.lang.reflect.AccessibleObject.checkAccess(AccessibleObject.java:674) ~[?:?]
	at java.lang.reflect.Method.invoke(Method.java:561) ~[?:?]
	at io.netty.util.internal.PlatformDependent0$7.run(PlatformDependent0.java:410) ~[netty-common-4.1.82.Final.jar%23144!/:4.1.82.Final]
	at java.security.AccessController.doPrivileged(AccessController.java:318) ~[?:?]
	at io.netty.util.internal.PlatformDependent0.<clinit>(PlatformDependent0.java:401) ~[netty-common-4.1.82.Final.jar%23144!/:4.1.82.Final]
	at io.netty.util.internal.PlatformDependent.isAndroid(PlatformDependent.java:333) ~[netty-common-4.1.82.Final.jar%23144!/:4.1.82.Final]
	at io.netty.util.internal.PlatformDependent.<clinit>(PlatformDependent.java:88) ~[netty-common-4.1.82.Final.jar%23144!/:4.1.82.Final]
	at io.netty.util.ConstantPool.<init>(ConstantPool.java:34) ~[netty-common-4.1.82.Final.jar%23144!/:4.1.82.Final]
	at io.netty.util.AttributeKey$1.<init>(AttributeKey.java:27) ~[netty-common-4.1.82.Final.jar%23144!/:4.1.82.Final]
	at io.netty.util.AttributeKey.<clinit>(AttributeKey.java:27) ~[netty-common-4.1.82.Final.jar%23144!/:4.1.82.Final]
	at net.minecraftforge.network.NetworkConstants.<clinit>(NetworkConstants.java:34) ~[forge-1.20.1-47.4.10_mapped_parchment_2023.09.03-1.20.1-recomp.jar%23183%23190!/:?]
	at net.minecraftforge.network.NetworkHooks.init(NetworkHooks.java:52) ~[forge-1.20.1-47.4.10_mapped_parchment_2023.09.03-1.20.1-recomp.jar%23183%23190!/:?]
	at net.minecraft.server.Bootstrap.bootStrap(Bootstrap.java:66) ~[forge-1.20.1-47.4.10_mapped_parchment_2023.09.03-1.20.1-recomp.jar%23184!/:?]
	at net.minecraft.client.main.Main.lambda$main$0(Main.java:151) ~[forge-1.20.1-47.4.10_mapped_parchment_2023.09.03-1.20.1-recomp.jar%23184!/:?]
	at java.util.concurrent.Executors$RunnableAdapter.call(Executors.java:539) ~[?:?]
	at java.util.concurrent.FutureTask.run(FutureTask.java:264) ~[?:?]
	at java.util.concurrent.ThreadPoolExecutor.runWorker(ThreadPoolExecutor.java:1136) ~[?:?]
	at java.util.concurrent.ThreadPoolExecutor$Worker.run(ThreadPoolExecutor.java:635) ~[?:?]
	at java.lang.Thread.run(Thread.java:840) ~[?:?]
[10May2026 20:20:58.215] [pool-4-thread-1/DEBUG] [io.netty.util.internal.PlatformDependent0/]: java.nio.DirectByteBuffer.<init>(long, int): unavailable
[10May2026 20:20:58.215] [pool-4-thread-1/DEBUG] [io.netty.util.internal.PlatformDependent/]: sun.misc.Unsafe: available
[10May2026 20:20:58.216] [pool-4-thread-1/DEBUG] [io.netty.util.internal.PlatformDependent/]: maxDirectMemory: 4294967296 bytes (maybe)
[10May2026 20:20:58.216] [pool-4-thread-1/DEBUG] [io.netty.util.internal.PlatformDependent/]: -Dio.netty.tmpdir: /var/folders/yb/q5rljk2d6zq7cvp6w66whrs80000gp/T (java.io.tmpdir)
[10May2026 20:20:58.216] [pool-4-thread-1/DEBUG] [io.netty.util.internal.PlatformDependent/]: -Dio.netty.bitMode: 64 (sun.arch.data.model)
[10May2026 20:20:58.216] [pool-4-thread-1/DEBUG] [io.netty.util.internal.PlatformDependent/]: Platform: MacOS
[10May2026 20:20:58.216] [pool-4-thread-1/DEBUG] [io.netty.util.internal.PlatformDependent/]: -Dio.netty.maxDirectMemory: -1 bytes
[10May2026 20:20:58.216] [pool-4-thread-1/DEBUG] [io.netty.util.internal.PlatformDependent/]: -Dio.netty.uninitializedArrayAllocationThreshold: -1
[10May2026 20:20:58.217] [pool-4-thread-1/DEBUG] [io.netty.util.internal.CleanerJava9/]: java.nio.ByteBuffer.cleaner(): available
[10May2026 20:20:58.217] [pool-4-thread-1/DEBUG] [io.netty.util.internal.PlatformDependent/]: -Dio.netty.noPreferDirect: false
[10May2026 20:20:58.259] [pool-4-thread-1/DEBUG] [net.minecraftforge.network.NetworkHooks/]: Loading Network data for FML net version: FML3
[10May2026 20:20:58.345] [Render thread/DEBUG] [mixin/]: Mixing ChatMixin from supplementaries.mixins.json into net.minecraft.client.gui.screens.ChatScreen
[10May2026 20:20:58.351] [Render thread/DEBUG] [mixin/]: Mixing ClientLevelMixin from supplementaries-common.mixins.json into net.minecraft.client.multiplayer.ClientLevel
[10May2026 20:20:58.359] [Render thread/DEBUG] [mixin/]: Mixing CanvasSignEditScreenMixin from farmersdelight.mixins.json into net.minecraft.client.player.LocalPlayer
[10May2026 20:20:58.361] [Render thread/DEBUG] [mixin/]: Mixing LocalPlayerMixin from supplementaries-common.mixins.json into net.minecraft.client.player.LocalPlayer
[10May2026 20:20:58.399] [Render thread/DEBUG] [mixin/]: Mixing ConditionHackMixin from moonlight.mixins.json into net.minecraft.server.packs.resources.SimplePreparableReloadListener
[10May2026 20:20:58.435] [Render thread/WARN] [net.minecraft.server.packs.VanillaPackResourcesBuilder/]: Assets URL 'union:/Users/bowieconnors/.gradle/caches/forge_gradle/minecraft_user_repo/net/minecraftforge/forge/1.20.1-47.4.10_mapped_parchment_2023.09.03-1.20.1/forge-1.20.1-47.4.10_mapped_parchment_2023.09.03-1.20.1-recomp.jar%23184!/assets/.mcassetsroot' uses unexpected schema
[10May2026 20:20:58.436] [Render thread/WARN] [net.minecraft.server.packs.VanillaPackResourcesBuilder/]: Assets URL 'union:/Users/bowieconnors/.gradle/caches/forge_gradle/minecraft_user_repo/net/minecraftforge/forge/1.20.1-47.4.10_mapped_parchment_2023.09.03-1.20.1/forge-1.20.1-47.4.10_mapped_parchment_2023.09.03-1.20.1-recomp.jar%23184!/data/.mcassetsroot' uses unexpected schema
[10May2026 20:20:58.443] [Render thread/INFO] [com.mojang.authlib.yggdrasil.YggdrasilAuthenticationService/]: Environment: authHost='https://authserver.mojang.com', accountsHost='https://api.mojang.com', sessionHost='https://sessionserver.mojang.com', servicesHost='https://api.minecraftservices.com', name='PROD'
[10May2026 20:20:58.446] [Render thread/INFO] [net.minecraft.client.Minecraft/]: Setting user: Dev
[10May2026 20:20:58.485] [Render thread/INFO] [net.minecraft.client.Minecraft/]: Backend library: LWJGL version 3.3.1 build 7
[10May2026 20:20:58.715] [Render thread/DEBUG] [mixin/]: Mixing MouseHandlerMixin from supplementaries-common.mixins.json into net.minecraft.client.MouseHandler
[10May2026 20:20:58.727] [Render thread/DEBUG] [mixin/]: Mixing KeyboardHandlerMixin from supplementaries-common.mixins.json into net.minecraft.client.KeyboardHandler
[10May2026 20:20:58.757] [Render thread/DEBUG] [mixin/]: Mixing ReloadableClientResourcesMixin from moonlight-common.mixins.json into net.minecraft.server.packs.resources.ReloadableResourceManager
[10May2026 20:20:58.757] [Render thread/DEBUG] [mixin/]: Renaming synthetic method lambda$moonlight$clientDynamicPackEarlyReload$0(Lcom/llamalad7/mixinextras/injector/wrapoperation/Operation;Lnet/minecraft/server/packs/resources/ResourceManager;Ljava/util/List;Ljava/util/concurrent/Executor;Ljava/util/concurrent/Executor;Ljava/util/concurrent/CompletableFuture;Z)Lnet/minecraft/server/packs/resources/ReloadInstance; to md2f2977$lambda$moonlight$clientDynamicPackEarlyReload$0$0 in moonlight-common.mixins.json:ReloadableClientResourcesMixin
[10May2026 20:20:58.782] [Render thread/DEBUG] [net.minecraftforge.common.ForgeI18n/CORE]: Loading I18N data entries: 6434
[10May2026 20:20:58.791] [Render thread/DEBUG] [net.minecraftforge.fml.ModWorkManager/LOADING]: Using 8 threads for parallel mod-loading
[10May2026 20:20:58.799] [Render thread/DEBUG] [net.minecraftforge.fml.javafmlmod.FMLJavaModLanguageProvider/LOADING]: Loading FMLModContainer from classloader cpw.mods.modlauncher.TransformingClassLoader@111d5c97 - got cpw.mods.cl.ModuleClassLoader@746cd757
[10May2026 20:20:58.801] [Render thread/DEBUG] [net.minecraftforge.fml.javafmlmod.FMLModContainer/LOADING]: Creating FMLModContainer instance for vectorwing.farmersdelight.FarmersDelight
[10May2026 20:20:58.802] [Render thread/DEBUG] [net.minecraftforge.fml.javafmlmod.FMLJavaModLanguageProvider/LOADING]: Loading FMLModContainer from classloader cpw.mods.modlauncher.TransformingClassLoader@111d5c97 - got cpw.mods.cl.ModuleClassLoader@746cd757
[10May2026 20:20:58.802] [Render thread/DEBUG] [net.minecraftforge.fml.javafmlmod.FMLModContainer/LOADING]: Creating FMLModContainer instance for xfacthd.framedblocks.FramedBlocks
[10May2026 20:20:58.803] [Render thread/DEBUG] [net.minecraftforge.fml.javafmlmod.FMLJavaModLanguageProvider/LOADING]: Loading FMLModContainer from classloader cpw.mods.modlauncher.TransformingClassLoader@111d5c97 - got cpw.mods.cl.ModuleClassLoader@746cd757
[10May2026 20:20:58.803] [Render thread/DEBUG] [net.minecraftforge.fml.javafmlmod.FMLModContainer/LOADING]: Creating FMLModContainer instance for earth.terrarium.handcrafted.forge.HandcraftedForge
[10May2026 20:20:58.803] [Render thread/DEBUG] [net.minecraftforge.fml.javafmlmod.FMLJavaModLanguageProvider/LOADING]: Loading FMLModContainer from classloader cpw.mods.modlauncher.TransformingClassLoader@111d5c97 - got cpw.mods.cl.ModuleClassLoader@746cd757
[10May2026 20:20:58.803] [Render thread/DEBUG] [net.minecraftforge.fml.javafmlmod.FMLModContainer/LOADING]: Creating FMLModContainer instance for com.llamalad7.mixinextras.platform.forge.MixinExtrasMod
[10May2026 20:20:58.804] [Render thread/DEBUG] [net.minecraftforge.fml.javafmlmod.FMLJavaModLanguageProvider/LOADING]: Loading FMLModContainer from classloader cpw.mods.modlauncher.TransformingClassLoader@111d5c97 - got cpw.mods.cl.ModuleClassLoader@746cd757
[10May2026 20:20:58.804] [Render thread/DEBUG] [net.minecraftforge.fml.javafmlmod.FMLModContainer/LOADING]: Creating FMLModContainer instance for net.mehvahdjukaar.moonlight.forge.MoonlightForge
[10May2026 20:20:58.805] [Render thread/DEBUG] [net.minecraftforge.fml.javafmlmod.FMLJavaModLanguageProvider/LOADING]: Loading FMLModContainer from classloader cpw.mods.modlauncher.TransformingClassLoader@111d5c97 - got cpw.mods.cl.ModuleClassLoader@746cd757
[10May2026 20:20:58.805] [Render thread/DEBUG] [net.minecraftforge.fml.javafmlmod.FMLModContainer/LOADING]: Creating FMLModContainer instance for com.teamresourceful.resourcefullib.forge.ResourcefulLibForge
[10May2026 20:20:58.805] [Render thread/DEBUG] [net.minecraftforge.fml.javafmlmod.FMLJavaModLanguageProvider/LOADING]: Loading FMLModContainer from classloader cpw.mods.modlauncher.TransformingClassLoader@111d5c97 - got cpw.mods.cl.ModuleClassLoader@746cd757
[10May2026 20:20:58.805] [Render thread/DEBUG] [net.minecraftforge.fml.javafmlmod.FMLModContainer/LOADING]: Creating FMLModContainer instance for com.bawnorton.mixinsquared.platform.forge.MixinSquaredMod
[10May2026 20:20:58.805] [Render thread/DEBUG] [net.minecraftforge.fml.javafmlmod.FMLJavaModLanguageProvider/LOADING]: Loading FMLModContainer from classloader cpw.mods.modlauncher.TransformingClassLoader@111d5c97 - got cpw.mods.cl.ModuleClassLoader@746cd757
[10May2026 20:20:58.805] [Render thread/DEBUG] [net.minecraftforge.fml.javafmlmod.FMLModContainer/LOADING]: Creating FMLModContainer instance for com.mcwroofs.kikoz.MacawsRoofs
[10May2026 20:20:58.806] [Render thread/DEBUG] [net.minecraftforge.fml.javafmlmod.FMLJavaModLanguageProvider/LOADING]: Loading FMLModContainer from classloader cpw.mods.modlauncher.TransformingClassLoader@111d5c97 - got cpw.mods.cl.ModuleClassLoader@746cd757
[10May2026 20:20:58.806] [Render thread/DEBUG] [net.minecraftforge.fml.javafmlmod.FMLModContainer/LOADING]: Creating FMLModContainer instance for com.mcwdoors.kikoz.MacawsDoors
[10May2026 20:20:58.806] [Render thread/DEBUG] [net.minecraftforge.fml.javafmlmod.FMLJavaModLanguageProvider/LOADING]: Loading FMLModContainer from classloader cpw.mods.modlauncher.TransformingClassLoader@111d5c97 - got cpw.mods.cl.ModuleClassLoader@746cd757
[10May2026 20:20:58.806] [Render thread/DEBUG] [net.minecraftforge.fml.javafmlmod.FMLModContainer/LOADING]: Creating FMLModContainer instance for mezz.jei.forge.JustEnoughItems
[10May2026 20:20:58.806] [Render thread/DEBUG] [net.minecraftforge.fml.javafmlmod.FMLJavaModLanguageProvider/LOADING]: Loading FMLModContainer from classloader cpw.mods.modlauncher.TransformingClassLoader@111d5c97 - got cpw.mods.cl.ModuleClassLoader@746cd757
[10May2026 20:20:58.806] [Render thread/DEBUG] [net.minecraftforge.fml.javafmlmod.FMLModContainer/LOADING]: Creating FMLModContainer instance for net.minecraftforge.common.ForgeMod
[10May2026 20:20:58.807] [Render thread/DEBUG] [net.minecraftforge.fml.javafmlmod.FMLJavaModLanguageProvider/LOADING]: Loading FMLModContainer from classloader cpw.mods.modlauncher.TransformingClassLoader@111d5c97 - got cpw.mods.cl.ModuleClassLoader@746cd757
[10May2026 20:20:58.807] [Render thread/DEBUG] [net.minecraftforge.fml.javafmlmod.FMLModContainer/LOADING]: Creating FMLModContainer instance for xyz.apex.forge.commonality.Mods$CommonalityMod
[10May2026 20:20:58.807] [Render thread/DEBUG] [net.minecraftforge.fml.javafmlmod.FMLJavaModLanguageProvider/LOADING]: Loading FMLModContainer from classloader cpw.mods.modlauncher.TransformingClassLoader@111d5c97 - got cpw.mods.cl.ModuleClassLoader@746cd757
[10May2026 20:20:58.808] [Render thread/DEBUG] [net.minecraftforge.fml.javafmlmod.FMLModContainer/LOADING]: Creating FMLModContainer instance for xyz.apex.forge.apexcore.core.ApexCore
[10May2026 20:20:58.808] [Render thread/DEBUG] [net.minecraftforge.fml.javafmlmod.FMLJavaModLanguageProvider/LOADING]: Loading FMLModContainer from classloader cpw.mods.modlauncher.TransformingClassLoader@111d5c97 - got cpw.mods.cl.ModuleClassLoader@746cd757
[10May2026 20:20:58.808] [Render thread/DEBUG] [net.minecraftforge.fml.javafmlmod.FMLModContainer/LOADING]: Creating FMLModContainer instance for net.mehvahdjukaar.supplementaries.forge.SupplementariesForge
[10May2026 20:20:58.808] [Render thread/DEBUG] [net.minecraftforge.fml.javafmlmod.FMLJavaModLanguageProvider/LOADING]: Loading FMLModContainer from classloader cpw.mods.modlauncher.TransformingClassLoader@111d5c97 - got cpw.mods.cl.ModuleClassLoader@746cd757
[10May2026 20:20:58.808] [Render thread/DEBUG] [net.minecraftforge.fml.javafmlmod.FMLModContainer/LOADING]: Creating FMLModContainer instance for xyz.apex.forge.fantasyfurniture.core.ModInitializer
[10May2026 20:20:58.808] [Render thread/DEBUG] [net.minecraftforge.fml.javafmlmod.FMLJavaModLanguageProvider/LOADING]: Loading FMLModContainer from classloader cpw.mods.modlauncher.TransformingClassLoader@111d5c97 - got cpw.mods.cl.ModuleClassLoader@746cd757
[10May2026 20:20:58.808] [Render thread/DEBUG] [net.minecraftforge.fml.javafmlmod.FMLModContainer/LOADING]: Creating FMLModContainer instance for com.mcwpaths.kikoz.MacawsPaths
[10May2026 20:20:58.809] [Render thread/DEBUG] [net.minecraftforge.fml.javafmlmod.FMLJavaModLanguageProvider/LOADING]: Loading FMLModContainer from classloader cpw.mods.modlauncher.TransformingClassLoader@111d5c97 - got cpw.mods.cl.ModuleClassLoader@746cd757
[10May2026 20:20:58.809] [Render thread/DEBUG] [net.minecraftforge.fml.javafmlmod.FMLModContainer/LOADING]: Creating FMLModContainer instance for net.apotheoticstudios.thuumcraft.Thuumcraft
[10May2026 20:20:58.824] [modloading-worker-0/DEBUG] [net.minecraftforge.fml.javafmlmod.AutomaticEventSubscriber/LOADING]: Attempting to inject @EventBusSubscriber classes into the eventbus for mixinextras
[10May2026 20:20:58.830] [modloading-worker-0/DEBUG] [net.minecraftforge.fml.javafmlmod.AutomaticEventSubscriber/LOADING]: Attempting to inject @EventBusSubscriber classes into the eventbus for mixinsquared
[10May2026 20:20:58.839] [modloading-worker-0/DEBUG] [mixin/]: Mixing LevelRendererMixin from supplementaries-common.mixins.json into net.minecraft.client.renderer.LevelRenderer
[10May2026 20:20:58.841] [modloading-worker-0/DEBUG] [mixin/]: Mixing LevelRendererMixin from supplementaries.mixins.json into net.minecraft.client.renderer.LevelRenderer
[10May2026 20:20:58.841] [modloading-worker-0/DEBUG] [mixin/]: Mixing client.MixinLevelRenderer from framedblocks.mixin.json into net.minecraft.client.renderer.LevelRenderer
[10May2026 20:20:58.899] [modloading-worker-0/DEBUG] [mixin/]: Mixing CameraMixin from supplementaries-common.mixins.json into net.minecraft.client.Camera
[10May2026 20:20:58.901] [modloading-worker-0/DEBUG] [net.minecraftforge.fml.config.ConfigTracker/CONFIG]: Config file jei-server.toml for jei tracking
[10May2026 20:20:58.907] [modloading-worker-0/DEBUG] [net.minecraftforge.fml.config.ConfigTracker/CONFIG]: Config file farmersdelight-common.toml for farmersdelight tracking
[10May2026 20:20:58.908] [modloading-worker-0/DEBUG] [net.minecraftforge.fml.config.ConfigTracker/CONFIG]: Config file farmersdelight-client.toml for farmersdelight tracking
[10May2026 20:20:58.909] [modloading-worker-0/DEBUG] [net.minecraftforge.fml.config.ConfigTracker/CONFIG]: Config file moonlight-common.toml for moonlight tracking
[10May2026 20:20:58.913] [modloading-worker-0/DEBUG] [net.minecraftforge.fml.javafmlmod.AutomaticEventSubscriber/LOADING]: Attempting to inject @EventBusSubscriber classes into the eventbus for resourcefullib
[10May2026 20:20:58.937] [modloading-worker-0/DEBUG] [mezz.jei.common.platform.Services/]: Loaded mezz.jei.forge.platform.PlatformHelper@a579bfd for service interface mezz.jei.common.platform.IPlatformHelper
[10May2026 20:20:58.946] [modloading-worker-0/DEBUG] [net.minecraftforge.versions.forge.ForgeVersion/CORE]: Forge Version package package net.minecraftforge.versions.forge, Forge, version 47.4 from cpw.mods.modlauncher.TransformingClassLoader@111d5c97
[10May2026 20:20:58.946] [modloading-worker-0/DEBUG] [net.minecraftforge.versions.forge.ForgeVersion/CORE]: Found Forge version 47.4.10
[10May2026 20:20:58.946] [modloading-worker-0/DEBUG] [net.minecraftforge.versions.forge.ForgeVersion/CORE]: Found Forge spec 47.4
[10May2026 20:20:58.946] [modloading-worker-0/DEBUG] [net.minecraftforge.versions.forge.ForgeVersion/CORE]: Found Forge group net.minecraftforge
[10May2026 20:20:58.947] [modloading-worker-0/DEBUG] [net.minecraftforge.versions.mcp.MCPVersion/CORE]: MCP Version package package net.minecraftforge.versions.mcp, Minecraft, version 1.20.1 from cpw.mods.modlauncher.TransformingClassLoader@111d5c97
[10May2026 20:20:58.947] [modloading-worker-0/DEBUG] [net.minecraftforge.versions.mcp.MCPVersion/CORE]: Found MC version information 1.20.1
[10May2026 20:20:58.947] [modloading-worker-0/DEBUG] [net.minecraftforge.versions.mcp.MCPVersion/CORE]: Found MCP version information 20230612.114412
[10May2026 20:20:58.948] [modloading-worker-0/INFO] [net.minecraftforge.common.ForgeMod/FORGEMOD]: Forge mod loading, version 47.4.10, for MC 1.20.1 with MCP 20230612.114412
[10May2026 20:20:58.948] [modloading-worker-0/INFO] [net.minecraftforge.common.MinecraftForge/FORGE]: MinecraftForge v47.4.10 Initialized
[10May2026 20:20:58.997] [modloading-worker-0/DEBUG] [mixin/]: Mixing MinecraftServerMixin from moonlight.mixins.json into net.minecraft.server.MinecraftServer
[10May2026 20:20:59.028] [modloading-worker-0/DEBUG] [mezz.jei.common.config.file.ConfigSerializer/]: Loading config file: /Users/bowieconnors/Documents/GitHub/Thuumcraft/Thuumcraft/run/config/jei/jei-debug.ini
[10May2026 20:20:59.030] [modloading-worker-0/DEBUG] [net.minecraftforge.fml.config.ConfigTracker/CONFIG]: Config file forge-client.toml for forge tracking
[10May2026 20:20:59.030] [modloading-worker-0/DEBUG] [net.minecraftforge.fml.config.ConfigTracker/CONFIG]: Config file forge-server.toml for forge tracking
[10May2026 20:20:59.030] [modloading-worker-0/DEBUG] [net.minecraftforge.fml.ModLoadingContext/]: Attempted to register an empty config for type COMMON on mod forge
[10May2026 20:20:59.031] [modloading-worker-0/DEBUG] [mezz.jei.common.config.file.ConfigSerializer/]: Saving config file: /Users/bowieconnors/Documents/GitHub/Thuumcraft/Thuumcraft/run/config/jei/jei-debug.ini
[10May2026 20:20:59.040] [modloading-worker-0/DEBUG] [mezz.jei.common.config.file.ConfigSerializer/]: Loading config file: /Users/bowieconnors/Documents/GitHub/Thuumcraft/Thuumcraft/run/config/jei/jei-mod-id-format.ini
[10May2026 20:20:59.046] [modloading-worker-0/DEBUG] [mezz.jei.common.config.file.ConfigSerializer/]: Saving config file: /Users/bowieconnors/Documents/GitHub/Thuumcraft/Thuumcraft/run/config/jei/jei-mod-id-format.ini
[10May2026 20:20:59.046] [modloading-worker-0/DEBUG] [mixin/]: Mixing ReloadableServerResourcesMixin from moonlight-common.mixins.json into net.minecraft.server.ReloadableServerResources
[10May2026 20:20:59.069] [modloading-worker-0/DEBUG] [mezz.jei.common.config.file.ConfigSerializer/]: Loading config file: /Users/bowieconnors/Documents/GitHub/Thuumcraft/Thuumcraft/run/config/jei/jei-colors.ini
[10May2026 20:20:59.074] [modloading-worker-0/DEBUG] [mezz.jei.common.config.file.ConfigSerializer/]: Saving config file: /Users/bowieconnors/Documents/GitHub/Thuumcraft/Thuumcraft/run/config/jei/jei-colors.ini
[10May2026 20:20:59.079] [modloading-worker-0/DEBUG] [net.minecraftforge.fml.javafmlmod.AutomaticEventSubscriber/LOADING]: Attempting to inject @EventBusSubscriber classes into the eventbus for forge
[10May2026 20:20:59.089] [modloading-worker-0/DEBUG] [net.minecraftforge.fml.javafmlmod.AutomaticEventSubscriber/LOADING]: Auto-subscribing net.minecraftforge.common.ForgeSpawnEggItem$CommonHandler to MOD
[10May2026 20:20:59.091] [modloading-worker-0/DEBUG] [net.minecraftforge.fml.javafmlmod.AutomaticEventSubscriber/LOADING]: Auto-subscribing net.minecraftforge.common.ForgeSpawnEggItem$ColorRegisterHandler to MOD
[10May2026 20:20:59.093] [modloading-worker-0/DEBUG] [mezz.jei.common.config.file.ConfigSerializer/]: Loading config file: /Users/bowieconnors/Documents/GitHub/Thuumcraft/Thuumcraft/run/config/jei/jei-client.ini
[10May2026 20:20:59.096] [modloading-worker-0/DEBUG] [mezz.jei.common.config.file.ConfigSerializer/]: Saving config file: /Users/bowieconnors/Documents/GitHub/Thuumcraft/Thuumcraft/run/config/jei/jei-client.ini
[10May2026 20:20:59.100] [modloading-worker-0/DEBUG] [net.minecraftforge.fml.javafmlmod.AutomaticEventSubscriber/LOADING]: Auto-subscribing net.minecraftforge.client.model.data.ModelDataManager to FORGE
[10May2026 20:20:59.100] [modloading-worker-0/DEBUG] [mixin/]: Mixing client.MixinModelDataManager from framedblocks.mixin.json into net.minecraftforge.client.model.data.ModelDataManager
[10May2026 20:20:59.107] [modloading-worker-0/DEBUG] [net.minecraftforge.fml.javafmlmod.AutomaticEventSubscriber/LOADING]: Auto-subscribing net.minecraftforge.client.ForgeHooksClient$ClientEvents to MOD
[10May2026 20:20:59.108] [modloading-worker-0/DEBUG] [net.minecraftforge.fml.javafmlmod.AutomaticEventSubscriber/LOADING]: Attempting to inject @EventBusSubscriber classes into the eventbus for mcwdoors
[10May2026 20:20:59.109] [modloading-worker-0/DEBUG] [net.minecraftforge.fml.javafmlmod.AutomaticEventSubscriber/LOADING]: Auto-subscribing com.mcwdoors.kikoz.MacawsDoors to MOD
[10May2026 20:20:59.110] [modloading-worker-0/INFO] [xyz.apex.forge.commonality.Mods.CommonalityMod/]: Running Minecraft '1.20.1', & Forge '47.4.10' on Java '17.0.17, Eclipse Adoptium'
[10May2026 20:20:59.113] [modloading-worker-0/WARN] [TrustManager/]: Currently running in a Development Environment, All mods will be forcefully trusted!
[10May2026 20:20:59.114] [modloading-worker-0/INFO] [mezz.jei.library.load.PluginCaller/]: Sending ConfigManager...
[10May2026 20:20:59.117] [modloading-worker-0/INFO] [TrustedSourceList/]: Currently running in Development Environment, Disabling trusted source list!
[10May2026 20:20:59.119] [modloading-worker-0/DEBUG] [net.minecraftforge.fml.javafmlmod.AutomaticEventSubscriber/LOADING]: Auto-subscribing net.minecraftforge.client.ClientForgeMod to MOD
[10May2026 20:20:59.119] [modloading-worker-0/DEBUG] [net.minecraftforge.fml.javafmlmod.AutomaticEventSubscriber/LOADING]: Attempting to inject @EventBusSubscriber classes into the eventbus for commonality
[10May2026 20:20:59.122] [modloading-worker-0/DEBUG] [mixin/]: Mixing PacketDistributorHackMixin from moonlight.mixins.json into net.minecraftforge.network.PacketDistributor
[10May2026 20:20:59.150] [modloading-worker-0/DEBUG] [net.minecraftforge.fml.javafmlmod.AutomaticEventSubscriber/LOADING]: Attempting to inject @EventBusSubscriber classes into the eventbus for mcwroofs
[10May2026 20:20:59.150] [modloading-worker-0/DEBUG] [net.minecraftforge.fml.javafmlmod.AutomaticEventSubscriber/LOADING]: Auto-subscribing com.mcwroofs.kikoz.MacawsRoofs to MOD
[10May2026 20:20:59.151] [modloading-worker-0/DEBUG] [mezz.jei.library.load.PluginCallerTimerRunnable/]: Sending ConfigManager: jei:minecraft...
[10May2026 20:20:59.151] [modloading-worker-0/DEBUG] [mezz.jei.library.load.PluginCallerTimerRunnable/]: Sending ConfigManager: farmersdelight:jei_plugin...
[10May2026 20:20:59.151] [modloading-worker-0/DEBUG] [mezz.jei.library.load.PluginCallerTimerRunnable/]: Sending ConfigManager: framedblocks:jei_plugin...
[10May2026 20:20:59.151] [modloading-worker-0/DEBUG] [mezz.jei.library.load.PluginCallerTimerRunnable/]: Sending ConfigManager: jei:debug...
[10May2026 20:20:59.151] [modloading-worker-0/DEBUG] [mezz.jei.library.load.PluginCallerTimerRunnable/]: Sending ConfigManager: jei:gui...
[10May2026 20:20:59.151] [modloading-worker-0/DEBUG] [mezz.jei.library.load.PluginCallerTimerRunnable/]: Sending ConfigManager: jei:forge_gui...
[10May2026 20:20:59.151] [modloading-worker-0/DEBUG] [mezz.jei.library.load.PluginCallerTimerRunnable/]: Sending ConfigManager: supplementaries:jei_plugin...
[10May2026 20:20:59.151] [modloading-worker-0/DEBUG] [mezz.jei.library.load.PluginCallerTimerRunnable/]: Sending ConfigManager: jei:internal...
[10May2026 20:20:59.152] [modloading-worker-0/INFO] [mezz.jei.library.load.PluginCaller/]: Sending ConfigManager took 34.30 ms
[10May2026 20:20:59.157] [modloading-worker-0/DEBUG] [net.minecraftforge.fml.javafmlmod.AutomaticEventSubscriber/LOADING]: Attempting to inject @EventBusSubscriber classes into the eventbus for farmersdelight
[10May2026 20:20:59.157] [modloading-worker-0/DEBUG] [net.minecraftforge.fml.javafmlmod.AutomaticEventSubscriber/LOADING]: Auto-subscribing vectorwing.farmersdelight.data.DataGenerators to MOD
[10May2026 20:20:59.158] [modloading-worker-0/DEBUG] [net.minecraftforge.fml.javafmlmod.AutomaticEventSubscriber/LOADING]: Auto-subscribing vectorwing.farmersdelight.common.item.SkilletItem$SkilletEvents to FORGE
[10May2026 20:20:59.160] [modloading-worker-0/DEBUG] [net.minecraftforge.fml.javafmlmod.AutomaticEventSubscriber/LOADING]: Attempting to inject @EventBusSubscriber classes into the eventbus for handcrafted
[10May2026 20:20:59.160] [modloading-worker-0/DEBUG] [net.minecraftforge.fml.javafmlmod.AutomaticEventSubscriber/LOADING]: Auto-subscribing earth.terrarium.handcrafted.client.forge.HandcraftedClientForge to MOD
[10May2026 20:20:59.160] [modloading-worker-0/DEBUG] [mixin/]: Mixing accessor.RecipeManagerAccessor from farmersdelight.mixins.json into net.minecraft.world.item.crafting.RecipeManager
[10May2026 20:20:59.167] [modloading-worker-0/DEBUG] [net.minecraftforge.fml.javafmlmod.AutomaticEventSubscriber/LOADING]: Auto-subscribing vectorwing.farmersdelight.common.item.KnifeItem$KnifeEvents to FORGE
[10May2026 20:20:59.171] [modloading-worker-0/DEBUG] [net.minecraftforge.fml.javafmlmod.AutomaticEventSubscriber/LOADING]: Attempting to inject @EventBusSubscriber classes into the eventbus for jei
[10May2026 20:20:59.173] [modloading-worker-0/DEBUG] [net.minecraftforge.fml.config.ConfigTracker/CONFIG]: Config file thuumcraft-common.toml for thuumcraft tracking
[10May2026 20:20:59.173] [modloading-worker-0/DEBUG] [net.minecraftforge.fml.javafmlmod.AutomaticEventSubscriber/LOADING]: Auto-subscribing vectorwing.farmersdelight.common.item.HorseFeedItem$HorseFeedEvent to FORGE
[10May2026 20:20:59.178] [modloading-worker-0/DEBUG] [net.minecraftforge.fml.javafmlmod.AutomaticEventSubscriber/LOADING]: Auto-subscribing vectorwing.farmersdelight.common.item.enchantment.BackstabbingEnchantment$BackstabbingEvent to FORGE
[10May2026 20:20:59.180] [modloading-worker-0/DEBUG] [net.minecraftforge.fml.javafmlmod.AutomaticEventSubscriber/LOADING]: Auto-subscribing vectorwing.farmersdelight.common.item.DogFoodItem$DogFoodEvent to FORGE
[10May2026 20:20:59.182] [modloading-worker-0/DEBUG] [net.minecraftforge.fml.javafmlmod.AutomaticEventSubscriber/LOADING]: Auto-subscribing vectorwing.farmersdelight.common.event.VillagerEvents to FORGE
[10May2026 20:20:59.198] [modloading-worker-0/DEBUG] [net.minecraftforge.fml.javafmlmod.AutomaticEventSubscriber/LOADING]: Auto-subscribing vectorwing.farmersdelight.common.event.SetupEvents to MOD
[10May2026 20:20:59.199] [modloading-worker-0/DEBUG] [net.minecraftforge.fml.javafmlmod.AutomaticEventSubscriber/LOADING]: Auto-subscribing vectorwing.farmersdelight.common.event.CommonEvents to FORGE
[10May2026 20:20:59.203] [modloading-worker-0/DEBUG] [net.minecraftforge.fml.javafmlmod.AutomaticEventSubscriber/LOADING]: Auto-subscribing vectorwing.farmersdelight.common.block.CuttingBoardBlock$ToolCarvingEvent to FORGE
[10May2026 20:20:59.204] [modloading-worker-0/DEBUG] [com.tterrag.registrate.AbstractRegistrate/REGISTRATE.REGISTER]: Captured registration for entry fantasyfurniture of type minecraft:creative_mode_tab
[10May2026 20:20:59.205] [modloading-worker-0/DEBUG] [net.minecraftforge.fml.javafmlmod.AutomaticEventSubscriber/LOADING]: Auto-subscribing vectorwing.farmersdelight.client.event.TooltipEvents to FORGE
[10May2026 20:20:59.207] [modloading-worker-0/DEBUG] [net.minecraftforge.fml.javafmlmod.AutomaticEventSubscriber/LOADING]: Auto-subscribing vectorwing.farmersdelight.client.event.KeybindEvents to FORGE
[10May2026 20:20:59.209] [modloading-worker-0/DEBUG] [net.minecraftforge.fml.javafmlmod.AutomaticEventSubscriber/LOADING]: Auto-subscribing vectorwing.farmersdelight.client.event.ClientSetupEvents to MOD
[10May2026 20:20:59.225] [modloading-worker-0/DEBUG] [net.minecraftforge.fml.config.ConfigTracker/CONFIG]: Config file supplementaries-common.toml for supplementaries tracking
[10May2026 20:20:59.235] [modloading-worker-0/DEBUG] [net.minecraftforge.fml.config.ConfigTracker/CONFIG]: Config file moonlight-client.toml for moonlight tracking
[10May2026 20:20:59.257] [modloading-worker-0/DEBUG] [mixin/]: Mixing SelfItemDisplayTileMixin from moonlight.mixins.json into net.mehvahdjukaar.moonlight.api.block.ItemDisplayTile
[10May2026 20:20:59.262] [modloading-worker-0/DEBUG] [mixin/]: Mixing SelfExtraModelDataProvider from moonlight.mixins.json into net.mehvahdjukaar.moonlight.api.client.model.IExtraModelDataProvider
[10May2026 20:20:59.274] [modloading-worker-0/DEBUG] [net.minecraftforge.fml.javafmlmod.AutomaticEventSubscriber/LOADING]: Attempting to inject @EventBusSubscriber classes into the eventbus for thuumcraft
[10May2026 20:20:59.274] [modloading-worker-0/DEBUG] [net.minecraftforge.fml.javafmlmod.AutomaticEventSubscriber/LOADING]: Auto-subscribing net.apotheoticstudios.thuumcraft.loot.AddRandomBookLoot to FORGE
[10May2026 20:20:59.277] [modloading-worker-0/DEBUG] [net.minecraftforge.fml.javafmlmod.AutomaticEventSubscriber/LOADING]: Auto-subscribing net.apotheoticstudios.thuumcraft.Thuumcraft$ClientModEvents to MOD
[10May2026 20:20:59.278] [modloading-worker-0/DEBUG] [net.minecraftforge.fml.javafmlmod.AutomaticEventSubscriber/LOADING]: Auto-subscribing net.apotheoticstudios.thuumcraft.event.ModEventBusClientEvents to MOD
[10May2026 20:20:59.279] [modloading-worker-0/DEBUG] [net.minecraftforge.fml.javafmlmod.AutomaticEventSubscriber/LOADING]: Auto-subscribing net.apotheoticstudios.thuumcraft.event.ModEventBusEvents to MOD
[10May2026 20:20:59.284] [modloading-worker-0/DEBUG] [net.minecraftforge.fml.config.ConfigTracker/CONFIG]: Config file supplementaries-client.toml for supplementaries tracking
[10May2026 20:20:59.285] [modloading-worker-0/DEBUG] [net.minecraftforge.fml.javafmlmod.AutomaticEventSubscriber/LOADING]: Auto-subscribing net.apotheoticstudios.thuumcraft.event.ModEvents to FORGE
[10May2026 20:20:59.286] [modloading-worker-0/DEBUG] [com.tterrag.registrate.AbstractRegistrate/REGISTRATE.REGISTER]: Captured registration for entry seat of type minecraft:entity_type
[10May2026 20:20:59.286] [modloading-worker-0/DEBUG] [net.minecraftforge.fml.javafmlmod.AutomaticEventSubscriber/LOADING]: Attempting to inject @EventBusSubscriber classes into the eventbus for apexcore
[10May2026 20:20:59.286] [modloading-worker-0/DEBUG] [net.minecraftforge.fml.javafmlmod.AutomaticEventSubscriber/LOADING]: Auto-subscribing xyz.apex.forge.apexcore.core.client.BlockVisualizer to FORGE
[10May2026 20:20:59.287] [modloading-worker-0/DEBUG] [net.minecraftforge.fml.javafmlmod.AutomaticEventSubscriber/LOADING]: Auto-subscribing net.apotheoticstudios.thuumcraft.datagen.DataGenerators to MOD
[10May2026 20:20:59.293] [modloading-worker-0/DEBUG] [net.minecraftforge.fml.javafmlmod.AutomaticEventSubscriber/LOADING]: Attempting to inject @EventBusSubscriber classes into the eventbus for moonlight
[10May2026 20:20:59.294] [modloading-worker-0/DEBUG] [net.minecraftforge.fml.javafmlmod.AutomaticEventSubscriber/LOADING]: Auto-subscribing net.mehvahdjukaar.moonlight.forge.MoonlightForgeClient to FORGE
[10May2026 20:20:59.312] [modloading-worker-0/DEBUG] [com.tterrag.registrate.AbstractRegistrate/REGISTRATE.REGISTER]: Captured registration for entry decorations/berry_basket_empty of type minecraft:block
[10May2026 20:20:59.313] [modloading-worker-0/DEBUG] [com.tterrag.registrate.AbstractRegistrate/REGISTRATE.REGISTER]: Captured registration for entry decorations/berry_basket_sweetberry of type minecraft:block
[10May2026 20:20:59.313] [modloading-worker-0/DEBUG] [com.tterrag.registrate.AbstractRegistrate/REGISTRATE.REGISTER]: Captured registration for entry decorations/berry_basket_blueberry of type minecraft:block
[10May2026 20:20:59.313] [modloading-worker-0/DEBUG] [com.tterrag.registrate.AbstractRegistrate/REGISTRATE.REGISTER]: Captured registration for entry decorations/berry_basket_strawberry of type minecraft:block
[10May2026 20:20:59.314] [modloading-worker-0/DEBUG] [com.tterrag.registrate.AbstractRegistrate/REGISTRATE.REGISTER]: Captured registration for entry decorations/bolts_of_cloth of type minecraft:block
[10May2026 20:20:59.316] [modloading-worker-0/DEBUG] [com.tterrag.registrate.AbstractRegistrate/REGISTRATE.REGISTER]: Captured registration for entry decorations/book_stack of type minecraft:block
[10May2026 20:20:59.318] [modloading-worker-0/DEBUG] [com.tterrag.registrate.AbstractRegistrate/REGISTRATE.REGISTER]: Captured registration for entry decorations/bowl_empty of type minecraft:block
[10May2026 20:20:59.318] [modloading-worker-0/DEBUG] [com.tterrag.registrate.AbstractRegistrate/REGISTRATE.REGISTER]: Captured registration for entry decorations/bowl_beetroot_soup of type minecraft:block
[10May2026 20:20:59.318] [modloading-worker-0/DEBUG] [com.tterrag.registrate.AbstractRegistrate/REGISTRATE.REGISTER]: Captured registration for entry decorations/bowl_mushroom_stew of type minecraft:block
[10May2026 20:20:59.320] [modloading-worker-0/DEBUG] [com.tterrag.registrate.AbstractRegistrate/REGISTRATE.REGISTER]: Captured registration for entry decorations/tankards_empty of type minecraft:block
[10May2026 20:20:59.320] [modloading-worker-0/DEBUG] [com.tterrag.registrate.AbstractRegistrate/REGISTRATE.REGISTER]: Captured registration for entry decorations/tankards_honeymead of type minecraft:block
[10May2026 20:20:59.320] [modloading-worker-0/DEBUG] [com.tterrag.registrate.AbstractRegistrate/REGISTRATE.REGISTER]: Captured registration for entry decorations/tankards_milk of type minecraft:block
[10May2026 20:20:59.320] [modloading-worker-0/DEBUG] [com.tterrag.registrate.AbstractRegistrate/REGISTRATE.REGISTER]: Captured registration for entry decorations/tankards_sweetberry of type minecraft:block
[10May2026 20:20:59.322] [modloading-worker-0/DEBUG] [net.minecraftforge.fml.javafmlmod.AutomaticEventSubscriber/LOADING]: Attempting to inject @EventBusSubscriber classes into the eventbus for mcwpaths
[10May2026 20:20:59.322] [modloading-worker-0/DEBUG] [net.minecraftforge.fml.javafmlmod.AutomaticEventSubscriber/LOADING]: Auto-subscribing com.mcwpaths.kikoz.MacawsPaths to MOD
[10May2026 20:20:59.322] [modloading-worker-0/DEBUG] [com.tterrag.registrate.AbstractRegistrate/REGISTRATE.REGISTER]: Captured registration for entry decorations/mushrooms_red of type minecraft:block
[10May2026 20:20:59.324] [modloading-worker-0/DEBUG] [com.tterrag.registrate.AbstractRegistrate/REGISTRATE.REGISTER]: Captured registration for entry decorations/coin_stack_gold of type minecraft:block
[10May2026 20:20:59.324] [modloading-worker-0/DEBUG] [com.tterrag.registrate.AbstractRegistrate/REGISTRATE.REGISTER]: Captured registration for entry decorations/coin_stack_iron of type minecraft:block
[10May2026 20:20:59.325] [modloading-worker-0/DEBUG] [com.tterrag.registrate.AbstractRegistrate/REGISTRATE.REGISTER]: Captured registration for entry decorations/muffins_blueberry of type minecraft:block
[10May2026 20:20:59.326] [modloading-worker-0/DEBUG] [com.tterrag.registrate.AbstractRegistrate/REGISTRATE.REGISTER]: Captured registration for entry decorations/muffins_chocolate of type minecraft:block
[10May2026 20:20:59.326] [modloading-worker-0/DEBUG] [com.tterrag.registrate.AbstractRegistrate/REGISTRATE.REGISTER]: Captured registration for entry decorations/muffins_sweetberry of type minecraft:block
[10May2026 20:20:59.327] [modloading-worker-0/DEBUG] [com.tterrag.registrate.AbstractRegistrate/REGISTRATE.REGISTER]: Captured registration for entry decorations/paper_stack of type minecraft:block
[10May2026 20:20:59.327] [modloading-worker-0/DEBUG] [mixin/]: Mixing self.SelfLumiseneFluidMixin from supplementaries.mixins.json into net.mehvahdjukaar.supplementaries.common.fluids.LumiseneFluid
[10May2026 20:20:59.332] [modloading-worker-0/DEBUG] [mixin/]: Mixing self.SelfFlammableFluidBlockMixin from supplementaries.mixins.json into net.mehvahdjukaar.supplementaries.common.fluids.FlammableLiquidBlock
[10May2026 20:20:59.332] [modloading-worker-0/DEBUG] [com.tterrag.registrate.AbstractRegistrate/REGISTRATE.REGISTER]: Captured registration for entry decorations/cookie_jar of type minecraft:block
[10May2026 20:20:59.338] [modloading-worker-0/DEBUG] [com.tterrag.registrate.AbstractRegistrate/REGISTRATE.REGISTER]: Captured registration for entry decorations/brewing_cauldron of type minecraft:block
[10May2026 20:20:59.340] [modloading-worker-0/DEBUG] [com.tterrag.registrate.AbstractRegistrate/REGISTRATE.REGISTER]: Captured registration for entry decorations/floating_tomes of type minecraft:block
[10May2026 20:20:59.342] [modloading-worker-0/DEBUG] [com.tterrag.registrate.AbstractRegistrate/REGISTRATE.REGISTER]: Captured registration for entry decorations/gravestone of type minecraft:block
[10May2026 20:20:59.345] [modloading-worker-0/DEBUG] [com.tterrag.registrate.AbstractRegistrate/REGISTRATE.REGISTER]: Captured registration for entry decorations/hanging_herbs of type minecraft:block
[10May2026 20:20:59.345] [modloading-worker-0/DEBUG] [com.tterrag.registrate.AbstractRegistrate/REGISTRATE.REGISTER]: Captured registration for entry decorations/spider_web_small of type minecraft:block
[10May2026 20:20:59.347] [modloading-worker-0/DEBUG] [com.tterrag.registrate.AbstractRegistrate/REGISTRATE.REGISTER]: Captured registration for entry decorations/spider_web_wide of type minecraft:block
[10May2026 20:20:59.348] [modloading-worker-0/DEBUG] [com.tterrag.registrate.AbstractRegistrate/REGISTRATE.REGISTER]: Captured registration for entry decorations/stackable_pumpkins of type minecraft:block
[10May2026 20:20:59.349] [modloading-worker-0/DEBUG] [com.tterrag.registrate.AbstractRegistrate/REGISTRATE.REGISTER]: Captured registration for entry decorations/bronze_chain of type minecraft:block
[10May2026 20:20:59.349] [modloading-worker-0/DEBUG] [com.tterrag.registrate.AbstractRegistrate/REGISTRATE.REGISTER]: Captured registration for entry decorations/mushrooms_brown of type minecraft:block
[10May2026 20:20:59.351] [modloading-worker-0/DEBUG] [com.tterrag.registrate.AbstractRegistrate/REGISTRATE.REGISTER]: Captured registration for entry decorations/potion_bottles of type minecraft:block
[10May2026 20:20:59.352] [modloading-worker-0/DEBUG] [mixin/]: Mixing self.SelfSafeMixin from supplementaries.mixins.json into net.mehvahdjukaar.supplementaries.common.block.blocks.SafeBlock
[10May2026 20:20:59.352] [modloading-worker-0/DEBUG] [com.tterrag.registrate.AbstractRegistrate/REGISTRATE.REGISTER]: Captured registration for entry decorations/potion_bottles_dyeable of type minecraft:block
[10May2026 20:20:59.355] [modloading-worker-0/DEBUG] [com.tterrag.registrate.AbstractRegistrate/REGISTRATE.REGISTER]: Captured registration for entry decorations/fairy_lights_1 of type minecraft:block
[10May2026 20:20:59.356] [modloading-worker-0/DEBUG] [com.tterrag.registrate.AbstractRegistrate/REGISTRATE.REGISTER]: Captured registration for entry decorations/fairy_lights_2 of type minecraft:block
[10May2026 20:20:59.357] [modloading-worker-0/DEBUG] [com.tterrag.registrate.AbstractRegistrate/REGISTRATE.REGISTER]: Captured registration for entry decorations/presents_stack_1 of type minecraft:block
[10May2026 20:20:59.358] [modloading-worker-0/DEBUG] [com.tterrag.registrate.AbstractRegistrate/REGISTRATE.REGISTER]: Captured registration for entry decorations/presents_stack_2 of type minecraft:block
[10May2026 20:20:59.359] [modloading-worker-0/DEBUG] [com.tterrag.registrate.AbstractRegistrate/REGISTRATE.REGISTER]: Captured registration for entry decorations/snowballs of type minecraft:block
[10May2026 20:20:59.360] [modloading-worker-0/DEBUG] [com.tterrag.registrate.AbstractRegistrate/REGISTRATE.REGISTER]: Captured registration for entry decorations/stocking of type minecraft:block
[10May2026 20:20:59.362] [modloading-worker-0/DEBUG] [com.tterrag.registrate.AbstractRegistrate/REGISTRATE.REGISTER]: Captured registration for entry decorations/nordic_boiled_creme_treats of type minecraft:block
[10May2026 20:20:59.362] [modloading-worker-0/DEBUG] [mixin/]: Mixing self.SelfWrenchMixin from supplementaries.mixins.json into net.mehvahdjukaar.supplementaries.common.items.WrenchItem
[10May2026 20:20:59.363] [modloading-worker-0/DEBUG] [mixin/]: Renaming synthetic method lambda$onLeftClickEntity$0(Lnet/minecraft/world/entity/player/Player;Lnet/minecraft/world/entity/player/Player;)V to md2f2977$lambda$onLeftClickEntity$0$0 in supplementaries.mixins.json:self.SelfWrenchMixin
[10May2026 20:20:59.363] [modloading-worker-0/DEBUG] [com.tterrag.registrate.AbstractRegistrate/REGISTRATE.REGISTER]: Captured registration for entry decorations/nordic_sweetrolls of type minecraft:block
[10May2026 20:20:59.367] [modloading-worker-0/DEBUG] [com.tterrag.registrate.AbstractRegistrate/REGISTRATE.REGISTER]: Captured registration for entry decorations/nordic_mead_bottles of type minecraft:block
[10May2026 20:20:59.368] [modloading-worker-0/DEBUG] [mixin/]: Mixing self.SelfSlingshotMixin from supplementaries.mixins.json into net.mehvahdjukaar.supplementaries.common.items.SlingshotItem
[10May2026 20:20:59.369] [modloading-worker-0/DEBUG] [com.tterrag.registrate.AbstractRegistrate/REGISTRATE.REGISTER]: Captured registration for entry decorations/nordic_soul_gems_light of type minecraft:block
[10May2026 20:20:59.370] [modloading-worker-0/DEBUG] [com.tterrag.registrate.AbstractRegistrate/REGISTRATE.REGISTER]: Captured registration for entry decorations/nordic_soul_gems_dark of type minecraft:block
[10May2026 20:20:59.371] [modloading-worker-0/DEBUG] [com.tterrag.registrate.AbstractRegistrate/REGISTRATE.REGISTER]: Captured registration for entry decorations/venthyr_food_0 of type minecraft:block
[10May2026 20:20:59.372] [modloading-worker-0/DEBUG] [com.tterrag.registrate.AbstractRegistrate/REGISTRATE.REGISTER]: Captured registration for entry decorations/venthyr_food_1 of type minecraft:block
[10May2026 20:20:59.374] [modloading-worker-0/DEBUG] [com.tterrag.registrate.AbstractRegistrate/REGISTRATE.REGISTER]: Captured registration for entry decorations/venthyr_tea_set of type minecraft:block
[10May2026 20:20:59.376] [modloading-worker-0/DEBUG] [com.tterrag.registrate.AbstractRegistrate/REGISTRATE.REGISTER]: Captured registration for entry decorations/venthyr_tea_cups of type minecraft:block
[10May2026 20:20:59.378] [modloading-worker-0/DEBUG] [com.tterrag.registrate.AbstractRegistrate/REGISTRATE.REGISTER]: Captured registration for entry decorations/venthyr_platter of type minecraft:block
[10May2026 20:20:59.380] [modloading-worker-0/DEBUG] [com.tterrag.registrate.AbstractRegistrate/REGISTRATE.REGISTER]: Captured registration for entry decorations/venthyr_widow_bloom of type minecraft:block
[10May2026 20:20:59.381] [modloading-worker-0/DEBUG] [mixin/]: Mixing self.SelfSoapItemMixin from supplementaries.mixins.json into net.mehvahdjukaar.supplementaries.common.items.SoapItem
[10May2026 20:20:59.382] [modloading-worker-0/DEBUG] [com.tterrag.registrate.AbstractRegistrate/REGISTRATE.REGISTER]: Captured registration for entry decorations/venthyr_tomes of type minecraft:block
[10May2026 20:20:59.384] [modloading-worker-0/DEBUG] [com.tterrag.registrate.AbstractRegistrate/REGISTRATE.REGISTER]: Captured registration for entry decorations/venthyr_chalices of type minecraft:block
[10May2026 20:20:59.384] [modloading-worker-0/DEBUG] [mixin/]: Mixing self.SelfGunpowderMixin from supplementaries.mixins.json into net.mehvahdjukaar.supplementaries.common.block.blocks.GunpowderBlock
[10May2026 20:20:59.385] [modloading-worker-0/DEBUG] [com.tterrag.registrate.AbstractRegistrate/REGISTRATE.REGISTER]: Captured registration for entry decorations/venthyr_candles of type minecraft:block
[10May2026 20:20:59.387] [modloading-worker-0/DEBUG] [com.tterrag.registrate.AbstractRegistrate/REGISTRATE.REGISTER]: Captured registration for entry decorations/venthyr_banner of type minecraft:block
[10May2026 20:20:59.390] [modloading-worker-0/DEBUG] [com.tterrag.registrate.AbstractRegistrate/REGISTRATE.REGISTER]: Captured registration for entry decorations/dunmer_pottery_0 of type minecraft:block
[10May2026 20:20:59.391] [modloading-worker-0/DEBUG] [com.tterrag.registrate.AbstractRegistrate/REGISTRATE.REGISTER]: Captured registration for entry decorations/dunmer_pottery_1 of type minecraft:block
[10May2026 20:20:59.391] [modloading-worker-0/DEBUG] [com.tterrag.registrate.AbstractRegistrate/REGISTRATE.REGISTER]: Captured registration for entry decorations/bone_candles of type minecraft:block
[10May2026 20:20:59.392] [modloading-worker-0/DEBUG] [com.tterrag.registrate.AbstractRegistrate/REGISTRATE.REGISTER]: Captured registration for entry decorations/bone_skeleton_chalices of type minecraft:block
[10May2026 20:20:59.394] [modloading-worker-0/DEBUG] [com.tterrag.registrate.AbstractRegistrate/REGISTRATE.REGISTER]: Captured registration for entry decorations/bone_skeleton_pile of type minecraft:block
[10May2026 20:20:59.395] [modloading-worker-0/DEBUG] [com.tterrag.registrate.AbstractRegistrate/REGISTRATE.REGISTER]: Captured registration for entry decorations/bone_skeleton_skull_blossoms of type minecraft:block
[10May2026 20:20:59.396] [modloading-worker-0/DEBUG] [com.tterrag.registrate.AbstractRegistrate/REGISTRATE.REGISTER]: Captured registration for entry decorations/bone_wither_chalices of type minecraft:block
[10May2026 20:20:59.396] [modloading-worker-0/DEBUG] [com.tterrag.registrate.AbstractRegistrate/REGISTRATE.REGISTER]: Captured registration for entry decorations/bone_wither_pile of type minecraft:block
[10May2026 20:20:59.396] [modloading-worker-0/DEBUG] [com.tterrag.registrate.AbstractRegistrate/REGISTRATE.REGISTER]: Captured registration for entry decorations/bone_wither_skull_blossoms of type minecraft:block
[10May2026 20:20:59.396] [modloading-worker-0/DEBUG] [com.tterrag.registrate.AbstractRegistrate/REGISTRATE.REGISTER]: Captured registration for entry decorations/royal_crown of type minecraft:block
[10May2026 20:20:59.400] [modloading-worker-0/DEBUG] [com.tterrag.registrate.AbstractRegistrate/REGISTRATE.REGISTER]: Captured registration for entry decorations/royal_candelabra of type minecraft:block
[10May2026 20:20:59.401] [modloading-worker-0/DEBUG] [com.tterrag.registrate.AbstractRegistrate/REGISTRATE.REGISTER]: Captured registration for entry decorations/royal_chalices of type minecraft:block
[10May2026 20:20:59.402] [modloading-worker-0/DEBUG] [com.tterrag.registrate.AbstractRegistrate/REGISTRATE.REGISTER]: Captured registration for entry decorations/royal_cushioned_crown of type minecraft:block
[10May2026 20:20:59.402] [modloading-worker-0/DEBUG] [com.tterrag.registrate.AbstractRegistrate/REGISTRATE.REGISTER]: Captured registration for entry decorations/royal_food_0 of type minecraft:block
[10May2026 20:20:59.402] [modloading-worker-0/DEBUG] [com.tterrag.registrate.AbstractRegistrate/REGISTRATE.REGISTER]: Captured registration for entry decorations/royal_food_1 of type minecraft:block
[10May2026 20:20:59.402] [modloading-worker-0/DEBUG] [com.tterrag.registrate.AbstractRegistrate/REGISTRATE.REGISTER]: Captured registration for entry decorations/royal_platter of type minecraft:block
[10May2026 20:20:59.406] [modloading-worker-0/DEBUG] [com.tterrag.registrate.AbstractRegistrate/REGISTRATE.REGISTER]: Captured registration for entry decorations/royal_floor_cushion of type minecraft:block
[10May2026 20:20:59.407] [modloading-worker-0/DEBUG] [com.tterrag.registrate.AbstractRegistrate/REGISTRATE.REGISTER]: Captured registration for entry decorations/royal_wall_mirror_small of type minecraft:block
[10May2026 20:20:59.410] [modloading-worker-0/DEBUG] [com.tterrag.registrate.AbstractRegistrate/REGISTRATE.REGISTER]: Captured registration for entry decorations/royal_wall_mirror_large of type minecraft:block
[10May2026 20:20:59.410] [modloading-worker-0/DEBUG] [com.tterrag.registrate.AbstractRegistrate/REGISTRATE.REGISTER]: Captured registration for entry decorations/necrolord_candelabra of type minecraft:block
[10May2026 20:20:59.411] [modloading-worker-0/DEBUG] [com.tterrag.registrate.AbstractRegistrate/REGISTRATE.REGISTER]: Captured registration for entry nordic/wool of type minecraft:block
[10May2026 20:20:59.412] [modloading-worker-0/DEBUG] [com.tterrag.registrate.AbstractRegistrate/REGISTRATE.REGISTER]: Captured registration for entry nordic/carpet of type minecraft:block
[10May2026 20:20:59.415] [modloading-worker-0/DEBUG] [com.tterrag.registrate.AbstractRegistrate/REGISTRATE.REGISTER]: Captured registration for entry nordic/wall_light of type minecraft:block
[10May2026 20:20:59.418] [modloading-worker-0/DEBUG] [com.tterrag.registrate.AbstractRegistrate/REGISTRATE.REGISTER]: Captured registration for entry nordic/floor_light of type minecraft:block
[10May2026 20:20:59.419] [modloading-worker-0/DEBUG] [com.tterrag.registrate.AbstractRegistrate/REGISTRATE.REGISTER]: Captured registration for entry nordic/table_small of type minecraft:block
[10May2026 20:20:59.421] [modloading-worker-0/DEBUG] [com.tterrag.registrate.AbstractRegistrate/REGISTRATE.REGISTER]: Captured registration for entry nordic/table_wide of type minecraft:block
[10May2026 20:20:59.423] [modloading-worker-0/DEBUG] [com.tterrag.registrate.AbstractRegistrate/REGISTRATE.REGISTER]: Captured registration for entry nordic/table_large of type minecraft:block
[10May2026 20:20:59.426] [modloading-worker-0/DEBUG] [com.tterrag.registrate.AbstractRegistrate/REGISTRATE.REGISTER]: Captured registration for entry nordic/stool of type minecraft:block
[10May2026 20:20:59.427] [modloading-worker-0/DEBUG] [com.tterrag.registrate.AbstractRegistrate/REGISTRATE.REGISTER]: Captured registration for entry nordic/cushion of type minecraft:block
[10May2026 20:20:59.428] [modloading-worker-0/DEBUG] [com.tterrag.registrate.AbstractRegistrate/REGISTRATE.REGISTER]: Captured registration for entry nordic/painting_small of type minecraft:block
[10May2026 20:20:59.430] [modloading-worker-0/DEBUG] [com.tterrag.registrate.AbstractRegistrate/REGISTRATE.REGISTER]: Captured registration for entry nordic/painting_wide of type minecraft:block
[10May2026 20:20:59.432] [modloading-worker-0/DEBUG] [com.tterrag.registrate.AbstractRegistrate/REGISTRATE.REGISTER]: Captured registration for entry nordic/drawer of type minecraft:block
[10May2026 20:20:59.434] [modloading-worker-0/DEBUG] [com.tterrag.registrate.AbstractRegistrate/REGISTRATE.REGISTER]: Captured registration for entry nordic/shelf of type minecraft:block
[10May2026 20:20:59.436] [modloading-worker-0/DEBUG] [com.tterrag.registrate.AbstractRegistrate/REGISTRATE.REGISTER]: Captured registration for entry nordic/sofa of type minecraft:block
[10May2026 20:20:59.439] [modloading-worker-0/DEBUG] [com.tterrag.registrate.AbstractRegistrate/REGISTRATE.REGISTER]: Captured registration for entry nordic/desk_left of type minecraft:block
[10May2026 20:20:59.440] [modloading-worker-0/DEBUG] [com.tterrag.registrate.AbstractRegistrate/REGISTRATE.REGISTER]: Captured registration for entry nordic/desk_right of type minecraft:block
[10May2026 20:20:59.443] [modloading-worker-0/DEBUG] [com.tterrag.registrate.AbstractRegistrate/REGISTRATE.REGISTER]: Captured registration for entry nordic/chair of type minecraft:block
[10May2026 20:20:59.445] [modloading-worker-0/DEBUG] [com.tterrag.registrate.AbstractRegistrate/REGISTRATE.REGISTER]: Captured registration for entry nordic/bench of type minecraft:block
[10May2026 20:20:59.446] [modloading-worker-0/DEBUG] [com.tterrag.registrate.AbstractRegistrate/REGISTRATE.REGISTER]: Captured registration for entry nordic/bookshelf of type minecraft:block
[10May2026 20:20:59.447] [modloading-worker-0/DEBUG] [com.tterrag.registrate.AbstractRegistrate/REGISTRATE.REGISTER]: Captured registration for entry nordic/chest of type minecraft:block
[10May2026 20:20:59.449] [modloading-worker-0/DEBUG] [com.tterrag.registrate.AbstractRegistrate/REGISTRATE.REGISTER]: Captured registration for entry nordic/dresser of type minecraft:block
[10May2026 20:20:59.450] [modloading-worker-0/DEBUG] [com.tterrag.registrate.AbstractRegistrate/REGISTRATE.REGISTER]: Captured registration for entry nordic/wardrobe_bottom of type minecraft:block
[10May2026 20:20:59.451] [modloading-worker-0/DEBUG] [com.tterrag.registrate.AbstractRegistrate/REGISTRATE.REGISTER]: Captured registration for entry nordic/wardrobe_top of type minecraft:block
[10May2026 20:20:59.454] [modloading-worker-0/DEBUG] [com.tterrag.registrate.AbstractRegistrate/REGISTRATE.REGISTER]: Captured registration for entry nordic/bed_single of type minecraft:block
[10May2026 20:20:59.455] [modloading-worker-0/DEBUG] [com.tterrag.registrate.AbstractRegistrate/REGISTRATE.REGISTER]: Captured registration for entry nordic/bed_double of type minecraft:block
[10May2026 20:20:59.456] [modloading-worker-0/DEBUG] [mixin/]: Mixing self.SelfQuiverItemMixin from supplementaries.mixins.json into net.mehvahdjukaar.supplementaries.common.items.QuiverItem
[10May2026 20:20:59.459] [modloading-worker-0/DEBUG] [mixin/]: Mixing self.SelfLunchBoxItemMixin from supplementaries.mixins.json into net.mehvahdjukaar.supplementaries.common.items.LunchBoxItem
[10May2026 20:20:59.459] [modloading-worker-0/DEBUG] [com.tterrag.registrate.AbstractRegistrate/REGISTRATE.REGISTER]: Captured registration for entry nordic/chandelier of type minecraft:block
[10May2026 20:20:59.462] [modloading-worker-0/DEBUG] [com.tterrag.registrate.AbstractRegistrate/REGISTRATE.REGISTER]: Captured registration for entry nordic/door_single of type minecraft:block
[10May2026 20:20:59.462] [modloading-worker-0/DEBUG] [com.tterrag.registrate.AbstractRegistrate/REGISTRATE.REGISTER]: Captured registration for entry nordic/door_double of type minecraft:block
[10May2026 20:20:59.463] [modloading-worker-0/DEBUG] [com.tterrag.registrate.AbstractRegistrate/REGISTRATE.REGISTER]: Captured registration for entry nordic/lockbox of type minecraft:block
[10May2026 20:20:59.465] [modloading-worker-0/DEBUG] [com.tterrag.registrate.AbstractRegistrate/REGISTRATE.REGISTER]: Captured registration for entry nordic/counter of type minecraft:block
[10May2026 20:20:59.468] [modloading-worker-0/DEBUG] [com.tterrag.registrate.AbstractRegistrate/REGISTRATE.REGISTER]: Captured registration for entry nordic/oven of type minecraft:block
[10May2026 20:20:59.468] [modloading-worker-0/DEBUG] [com.tterrag.registrate.AbstractRegistrate/REGISTRATE.REGISTER]: Captured registration for entry dunmer/wool of type minecraft:block
[10May2026 20:20:59.468] [modloading-worker-0/DEBUG] [com.tterrag.registrate.AbstractRegistrate/REGISTRATE.REGISTER]: Captured registration for entry dunmer/carpet of type minecraft:block
[10May2026 20:20:59.468] [modloading-worker-0/DEBUG] [com.tterrag.registrate.AbstractRegistrate/REGISTRATE.REGISTER]: Captured registration for entry dunmer/wall_light of type minecraft:block
[10May2026 20:20:59.469] [modloading-worker-0/DEBUG] [com.tterrag.registrate.AbstractRegistrate/REGISTRATE.REGISTER]: Captured registration for entry dunmer/floor_light of type minecraft:block
[10May2026 20:20:59.469] [modloading-worker-0/DEBUG] [mixin/]: Mixing self.SelfOpenableContainerMixin from supplementaries.mixins.json into net.mehvahdjukaar.supplementaries.common.block.tiles.OpeneableContainerBlockEntity
[10May2026 20:20:59.469] [modloading-worker-0/DEBUG] [com.tterrag.registrate.AbstractRegistrate/REGISTRATE.REGISTER]: Captured registration for entry dunmer/table_small of type minecraft:block
[10May2026 20:20:59.469] [modloading-worker-0/DEBUG] [com.tterrag.registrate.AbstractRegistrate/REGISTRATE.REGISTER]: Captured registration for entry dunmer/table_wide of type minecraft:block
[10May2026 20:20:59.470] [modloading-worker-0/DEBUG] [com.tterrag.registrate.AbstractRegistrate/REGISTRATE.REGISTER]: Captured registration for entry dunmer/table_large of type minecraft:block
[10May2026 20:20:59.470] [modloading-worker-0/DEBUG] [com.tterrag.registrate.AbstractRegistrate/REGISTRATE.REGISTER]: Captured registration for entry dunmer/stool of type minecraft:block
[10May2026 20:20:59.470] [modloading-worker-0/DEBUG] [com.tterrag.registrate.AbstractRegistrate/REGISTRATE.REGISTER]: Captured registration for entry dunmer/cushion of type minecraft:block
[10May2026 20:20:59.471] [modloading-worker-0/DEBUG] [com.tterrag.registrate.AbstractRegistrate/REGISTRATE.REGISTER]: Captured registration for entry dunmer/painting_small of type minecraft:block
[10May2026 20:20:59.471] [modloading-worker-0/DEBUG] [com.tterrag.registrate.AbstractRegistrate/REGISTRATE.REGISTER]: Captured registration for entry dunmer/painting_wide of type minecraft:block
[10May2026 20:20:59.471] [modloading-worker-0/DEBUG] [com.tterrag.registrate.AbstractRegistrate/REGISTRATE.REGISTER]: Captured registration for entry dunmer/drawer of type minecraft:block
[10May2026 20:20:59.471] [modloading-worker-0/DEBUG] [com.tterrag.registrate.AbstractRegistrate/REGISTRATE.REGISTER]: Captured registration for entry dunmer/shelf of type minecraft:block
[10May2026 20:20:59.471] [modloading-worker-0/DEBUG] [com.tterrag.registrate.AbstractRegistrate/REGISTRATE.REGISTER]: Captured registration for entry dunmer/sofa of type minecraft:block
[10May2026 20:20:59.472] [modloading-worker-0/DEBUG] [com.tterrag.registrate.AbstractRegistrate/REGISTRATE.REGISTER]: Captured registration for entry dunmer/desk_left of type minecraft:block
[10May2026 20:20:59.472] [modloading-worker-0/DEBUG] [com.tterrag.registrate.AbstractRegistrate/REGISTRATE.REGISTER]: Captured registration for entry dunmer/desk_right of type minecraft:block
[10May2026 20:20:59.472] [modloading-worker-0/DEBUG] [com.tterrag.registrate.AbstractRegistrate/REGISTRATE.REGISTER]: Captured registration for entry dunmer/chair of type minecraft:block
[10May2026 20:20:59.473] [modloading-worker-0/DEBUG] [com.tterrag.registrate.AbstractRegistrate/REGISTRATE.REGISTER]: Captured registration for entry dunmer/bench of type minecraft:block
[10May2026 20:20:59.473] [modloading-worker-0/DEBUG] [com.tterrag.registrate.AbstractRegistrate/REGISTRATE.REGISTER]: Captured registration for entry dunmer/bookshelf of type minecraft:block
[10May2026 20:20:59.473] [modloading-worker-0/DEBUG] [com.tterrag.registrate.AbstractRegistrate/REGISTRATE.REGISTER]: Captured registration for entry dunmer/chest of type minecraft:block
[10May2026 20:20:59.473] [modloading-worker-0/DEBUG] [com.tterrag.registrate.AbstractRegistrate/REGISTRATE.REGISTER]: Captured registration for entry dunmer/dresser of type minecraft:block
[10May2026 20:20:59.474] [modloading-worker-0/DEBUG] [com.tterrag.registrate.AbstractRegistrate/REGISTRATE.REGISTER]: Captured registration for entry dunmer/wardrobe_bottom of type minecraft:block
[10May2026 20:20:59.474] [modloading-worker-0/DEBUG] [com.tterrag.registrate.AbstractRegistrate/REGISTRATE.REGISTER]: Captured registration for entry dunmer/wardrobe_top of type minecraft:block
[10May2026 20:20:59.474] [modloading-worker-0/DEBUG] [com.tterrag.registrate.AbstractRegistrate/REGISTRATE.REGISTER]: Captured registration for entry dunmer/bed_single of type minecraft:block
[10May2026 20:20:59.474] [modloading-worker-0/DEBUG] [com.tterrag.registrate.AbstractRegistrate/REGISTRATE.REGISTER]: Captured registration for entry dunmer/bed_double of type minecraft:block
[10May2026 20:20:59.474] [modloading-worker-0/DEBUG] [com.tterrag.registrate.AbstractRegistrate/REGISTRATE.REGISTER]: Captured registration for entry dunmer/chandelier of type minecraft:block
[10May2026 20:20:59.474] [modloading-worker-0/DEBUG] [com.tterrag.registrate.AbstractRegistrate/REGISTRATE.REGISTER]: Captured registration for entry dunmer/door_single of type minecraft:block
[10May2026 20:20:59.474] [modloading-worker-0/DEBUG] [com.tterrag.registrate.AbstractRegistrate/REGISTRATE.REGISTER]: Captured registration for entry dunmer/door_double of type minecraft:block
[10May2026 20:20:59.475] [modloading-worker-0/DEBUG] [com.tterrag.registrate.AbstractRegistrate/REGISTRATE.REGISTER]: Captured registration for entry dunmer/lockbox of type minecraft:block
[10May2026 20:20:59.475] [modloading-worker-0/DEBUG] [com.tterrag.registrate.AbstractRegistrate/REGISTRATE.REGISTER]: Captured registration for entry dunmer/counter of type minecraft:block
[10May2026 20:20:59.475] [modloading-worker-0/DEBUG] [com.tterrag.registrate.AbstractRegistrate/REGISTRATE.REGISTER]: Captured registration for entry dunmer/oven of type minecraft:block
[10May2026 20:20:59.475] [modloading-worker-0/DEBUG] [com.tterrag.registrate.AbstractRegistrate/REGISTRATE.REGISTER]: Captured registration for entry venthyr/wool of type minecraft:block
[10May2026 20:20:59.475] [modloading-worker-0/DEBUG] [com.tterrag.registrate.AbstractRegistrate/REGISTRATE.REGISTER]: Captured registration for entry venthyr/carpet of type minecraft:block
[10May2026 20:20:59.476] [modloading-worker-0/DEBUG] [com.tterrag.registrate.AbstractRegistrate/REGISTRATE.REGISTER]: Captured registration for entry venthyr/wall_light of type minecraft:block
[10May2026 20:20:59.476] [modloading-worker-0/DEBUG] [com.tterrag.registrate.AbstractRegistrate/REGISTRATE.REGISTER]: Captured registration for entry venthyr/floor_light of type minecraft:block
[10May2026 20:20:59.476] [modloading-worker-0/DEBUG] [com.tterrag.registrate.AbstractRegistrate/REGISTRATE.REGISTER]: Captured registration for entry venthyr/table_small of type minecraft:block
[10May2026 20:20:59.476] [modloading-worker-0/DEBUG] [com.tterrag.registrate.AbstractRegistrate/REGISTRATE.REGISTER]: Captured registration for entry venthyr/table_small_fancy of type minecraft:block
[10May2026 20:20:59.476] [modloading-worker-0/DEBUG] [com.tterrag.registrate.AbstractRegistrate/REGISTRATE.REGISTER]: Captured registration for entry venthyr/table_wide of type minecraft:block
[10May2026 20:20:59.476] [modloading-worker-0/DEBUG] [com.tterrag.registrate.AbstractRegistrate/REGISTRATE.REGISTER]: Captured registration for entry venthyr/table_wide_fancy of type minecraft:block
[10May2026 20:20:59.477] [modloading-worker-0/DEBUG] [com.tterrag.registrate.AbstractRegistrate/REGISTRATE.REGISTER]: Captured registration for entry venthyr/table_large of type minecraft:block
[10May2026 20:20:59.477] [modloading-worker-0/DEBUG] [com.tterrag.registrate.AbstractRegistrate/REGISTRATE.REGISTER]: Captured registration for entry venthyr/table_large_fancy of type minecraft:block
[10May2026 20:20:59.477] [modloading-worker-0/DEBUG] [com.tterrag.registrate.AbstractRegistrate/REGISTRATE.REGISTER]: Captured registration for entry venthyr/stool of type minecraft:block
[10May2026 20:20:59.478] [modloading-worker-0/DEBUG] [com.tterrag.registrate.AbstractRegistrate/REGISTRATE.REGISTER]: Captured registration for entry venthyr/cushion of type minecraft:block
[10May2026 20:20:59.478] [modloading-worker-0/DEBUG] [com.tterrag.registrate.AbstractRegistrate/REGISTRATE.REGISTER]: Captured registration for entry venthyr/painting_small of type minecraft:block
[10May2026 20:20:59.478] [modloading-worker-0/DEBUG] [mixin/]: Mixing self.SelfPlanterMixin from supplementaries.mixins.json into net.mehvahdjukaar.supplementaries.common.block.blocks.PlanterBlock
[10May2026 20:20:59.478] [modloading-worker-0/DEBUG] [com.tterrag.registrate.AbstractRegistrate/REGISTRATE.REGISTER]: Captured registration for entry venthyr/painting_wide of type minecraft:block
[10May2026 20:20:59.479] [modloading-worker-0/DEBUG] [com.tterrag.registrate.AbstractRegistrate/REGISTRATE.REGISTER]: Captured registration for entry venthyr/drawer of type minecraft:block
[10May2026 20:20:59.479] [modloading-worker-0/DEBUG] [com.tterrag.registrate.AbstractRegistrate/REGISTRATE.REGISTER]: Captured registration for entry venthyr/shelf of type minecraft:block
[10May2026 20:20:59.479] [modloading-worker-0/DEBUG] [com.tterrag.registrate.AbstractRegistrate/REGISTRATE.REGISTER]: Captured registration for entry venthyr/sofa of type minecraft:block
[10May2026 20:20:59.479] [modloading-worker-0/DEBUG] [com.tterrag.registrate.AbstractRegistrate/REGISTRATE.REGISTER]: Captured registration for entry venthyr/desk_left of type minecraft:block
[10May2026 20:20:59.479] [modloading-worker-0/DEBUG] [com.tterrag.registrate.AbstractRegistrate/REGISTRATE.REGISTER]: Captured registration for entry venthyr/desk_right of type minecraft:block
[10May2026 20:20:59.480] [modloading-worker-0/DEBUG] [com.tterrag.registrate.AbstractRegistrate/REGISTRATE.REGISTER]: Captured registration for entry venthyr/chair of type minecraft:block
[10May2026 20:20:59.480] [modloading-worker-0/DEBUG] [com.tterrag.registrate.AbstractRegistrate/REGISTRATE.REGISTER]: Captured registration for entry venthyr/bench of type minecraft:block
[10May2026 20:20:59.480] [modloading-worker-0/DEBUG] [com.tterrag.registrate.AbstractRegistrate/REGISTRATE.REGISTER]: Captured registration for entry venthyr/bookshelf of type minecraft:block
[10May2026 20:20:59.480] [modloading-worker-0/DEBUG] [com.tterrag.registrate.AbstractRegistrate/REGISTRATE.REGISTER]: Captured registration for entry venthyr/chest of type minecraft:block
[10May2026 20:20:59.480] [modloading-worker-0/DEBUG] [com.tterrag.registrate.AbstractRegistrate/REGISTRATE.REGISTER]: Captured registration for entry venthyr/dresser of type minecraft:block
[10May2026 20:20:59.480] [modloading-worker-0/DEBUG] [com.tterrag.registrate.AbstractRegistrate/REGISTRATE.REGISTER]: Captured registration for entry venthyr/wardrobe_bottom of type minecraft:block
[10May2026 20:20:59.481] [modloading-worker-0/DEBUG] [com.tterrag.registrate.AbstractRegistrate/REGISTRATE.REGISTER]: Captured registration for entry venthyr/wardrobe_top of type minecraft:block
[10May2026 20:20:59.481] [modloading-worker-0/DEBUG] [com.tterrag.registrate.AbstractRegistrate/REGISTRATE.REGISTER]: Captured registration for entry venthyr/bed_single of type minecraft:block
[10May2026 20:20:59.481] [modloading-worker-0/DEBUG] [com.tterrag.registrate.AbstractRegistrate/REGISTRATE.REGISTER]: Captured registration for entry venthyr/bed_double of type minecraft:block
[10May2026 20:20:59.482] [modloading-worker-0/DEBUG] [com.tterrag.registrate.AbstractRegistrate/REGISTRATE.REGISTER]: Captured registration for entry venthyr/chandelier of type minecraft:block
[10May2026 20:20:59.482] [modloading-worker-0/DEBUG] [com.tterrag.registrate.AbstractRegistrate/REGISTRATE.REGISTER]: Captured registration for entry venthyr/door_single of type minecraft:block
[10May2026 20:20:59.482] [modloading-worker-0/DEBUG] [com.tterrag.registrate.AbstractRegistrate/REGISTRATE.REGISTER]: Captured registration for entry venthyr/door_double of type minecraft:block
[10May2026 20:20:59.483] [modloading-worker-0/DEBUG] [com.tterrag.registrate.AbstractRegistrate/REGISTRATE.REGISTER]: Captured registration for entry venthyr/lockbox of type minecraft:block
[10May2026 20:20:59.483] [modloading-worker-0/DEBUG] [com.tterrag.registrate.AbstractRegistrate/REGISTRATE.REGISTER]: Captured registration for entry venthyr/counter of type minecraft:block
[10May2026 20:20:59.483] [modloading-worker-0/DEBUG] [com.tterrag.registrate.AbstractRegistrate/REGISTRATE.REGISTER]: Captured registration for entry venthyr/oven of type minecraft:block
[10May2026 20:20:59.484] [modloading-worker-0/DEBUG] [com.tterrag.registrate.AbstractRegistrate/REGISTRATE.REGISTER]: Captured registration for entry bone/skeleton/wool of type minecraft:block
[10May2026 20:20:59.484] [modloading-worker-0/DEBUG] [com.tterrag.registrate.AbstractRegistrate/REGISTRATE.REGISTER]: Captured registration for entry bone/skeleton/carpet of type minecraft:block
[10May2026 20:20:59.484] [modloading-worker-0/DEBUG] [com.tterrag.registrate.AbstractRegistrate/REGISTRATE.REGISTER]: Captured registration for entry bone/skeleton/wall_light of type minecraft:block
[10May2026 20:20:59.485] [modloading-worker-0/DEBUG] [com.tterrag.registrate.AbstractRegistrate/REGISTRATE.REGISTER]: Captured registration for entry bone/skeleton/floor_light of type minecraft:block
[10May2026 20:20:59.486] [modloading-worker-0/DEBUG] [com.tterrag.registrate.AbstractRegistrate/REGISTRATE.REGISTER]: Captured registration for entry bone/skeleton/table_small of type minecraft:block
[10May2026 20:20:59.486] [modloading-worker-0/DEBUG] [com.tterrag.registrate.AbstractRegistrate/REGISTRATE.REGISTER]: Captured registration for entry bone/skeleton/table_wide of type minecraft:block
[10May2026 20:20:59.486] [modloading-worker-0/DEBUG] [com.tterrag.registrate.AbstractRegistrate/REGISTRATE.REGISTER]: Captured registration for entry bone/skeleton/table_large of type minecraft:block
[10May2026 20:20:59.486] [modloading-worker-0/DEBUG] [com.tterrag.registrate.AbstractRegistrate/REGISTRATE.REGISTER]: Captured registration for entry bone/skeleton/stool of type minecraft:block
[10May2026 20:20:59.488] [modloading-worker-0/DEBUG] [com.tterrag.registrate.AbstractRegistrate/REGISTRATE.REGISTER]: Captured registration for entry bone/skeleton/skull of type minecraft:block
[10May2026 20:20:59.488] [modloading-worker-0/DEBUG] [com.tterrag.registrate.AbstractRegistrate/REGISTRATE.REGISTER]: Captured registration for entry bone/skeleton/painting_small of type minecraft:block
[10May2026 20:20:59.489] [modloading-worker-0/DEBUG] [com.tterrag.registrate.AbstractRegistrate/REGISTRATE.REGISTER]: Captured registration for entry bone/skeleton/painting_wide of type minecraft:block
[10May2026 20:20:59.489] [modloading-worker-0/DEBUG] [com.tterrag.registrate.AbstractRegistrate/REGISTRATE.REGISTER]: Captured registration for entry bone/skeleton/drawer of type minecraft:block
[10May2026 20:20:59.490] [modloading-worker-0/DEBUG] [com.tterrag.registrate.AbstractRegistrate/REGISTRATE.REGISTER]: Captured registration for entry bone/skeleton/shelf of type minecraft:block
[10May2026 20:20:59.491] [modloading-worker-0/DEBUG] [com.tterrag.registrate.AbstractRegistrate/REGISTRATE.REGISTER]: Captured registration for entry bone/skeleton/sofa of type minecraft:block
[10May2026 20:20:59.492] [modloading-worker-0/DEBUG] [com.tterrag.registrate.AbstractRegistrate/REGISTRATE.REGISTER]: Captured registration for entry bone/skeleton/desk_left of type minecraft:block
[10May2026 20:20:59.492] [modloading-worker-0/DEBUG] [com.tterrag.registrate.AbstractRegistrate/REGISTRATE.REGISTER]: Captured registration for entry bone/skeleton/desk_right of type minecraft:block
[10May2026 20:20:59.494] [modloading-worker-0/DEBUG] [com.tterrag.registrate.AbstractRegistrate/REGISTRATE.REGISTER]: Captured registration for entry bone/skeleton/chair of type minecraft:block
[10May2026 20:20:59.494] [modloading-worker-0/DEBUG] [com.tterrag.registrate.AbstractRegistrate/REGISTRATE.REGISTER]: Captured registration for entry bone/skeleton/bench of type minecraft:block
[10May2026 20:20:59.494] [modloading-worker-0/DEBUG] [com.tterrag.registrate.AbstractRegistrate/REGISTRATE.REGISTER]: Captured registration for entry bone/skeleton/bookshelf of type minecraft:block
[10May2026 20:20:59.494] [modloading-worker-0/DEBUG] [com.tterrag.registrate.AbstractRegistrate/REGISTRATE.REGISTER]: Captured registration for entry bone/skeleton/chest of type minecraft:block
[10May2026 20:20:59.495] [modloading-worker-0/DEBUG] [com.tterrag.registrate.AbstractRegistrate/REGISTRATE.REGISTER]: Captured registration for entry bone/skeleton/dresser of type minecraft:block
[10May2026 20:20:59.495] [modloading-worker-0/DEBUG] [com.tterrag.registrate.AbstractRegistrate/REGISTRATE.REGISTER]: Captured registration for entry bone/skeleton/wardrobe_bottom of type minecraft:block
[10May2026 20:20:59.496] [modloading-worker-0/DEBUG] [com.tterrag.registrate.AbstractRegistrate/REGISTRATE.REGISTER]: Captured registration for entry bone/skeleton/wardrobe_top of type minecraft:block
[10May2026 20:20:59.496] [modloading-worker-0/DEBUG] [com.tterrag.registrate.AbstractRegistrate/REGISTRATE.REGISTER]: Captured registration for entry bone/skeleton/bed_single of type minecraft:block
[10May2026 20:20:59.497] [modloading-worker-0/DEBUG] [com.tterrag.registrate.AbstractRegistrate/REGISTRATE.REGISTER]: Captured registration for entry bone/skeleton/bed_double of type minecraft:block
[10May2026 20:20:59.498] [modloading-worker-0/DEBUG] [com.tterrag.registrate.AbstractRegistrate/REGISTRATE.REGISTER]: Captured registration for entry bone/skeleton/chandelier of type minecraft:block
[10May2026 20:20:59.498] [modloading-worker-0/DEBUG] [com.tterrag.registrate.AbstractRegistrate/REGISTRATE.REGISTER]: Captured registration for entry bone/skeleton/door_single of type minecraft:block
[10May2026 20:20:59.499] [modloading-worker-0/DEBUG] [com.tterrag.registrate.AbstractRegistrate/REGISTRATE.REGISTER]: Captured registration for entry bone/skeleton/door_double of type minecraft:block
[10May2026 20:20:59.500] [modloading-worker-0/DEBUG] [com.tterrag.registrate.AbstractRegistrate/REGISTRATE.REGISTER]: Captured registration for entry bone/skeleton/lockbox of type minecraft:block
[10May2026 20:20:59.502] [modloading-worker-0/DEBUG] [com.tterrag.registrate.AbstractRegistrate/REGISTRATE.REGISTER]: Captured registration for entry bone/skeleton/counter of type minecraft:block
[10May2026 20:20:59.502] [modloading-worker-0/DEBUG] [com.tterrag.registrate.AbstractRegistrate/REGISTRATE.REGISTER]: Captured registration for entry bone/skeleton/oven of type minecraft:block
[10May2026 20:20:59.503] [modloading-worker-0/DEBUG] [com.tterrag.registrate.AbstractRegistrate/REGISTRATE.REGISTER]: Captured registration for entry bone/wither/wool of type minecraft:block
[10May2026 20:20:59.503] [modloading-worker-0/DEBUG] [com.tterrag.registrate.AbstractRegistrate/REGISTRATE.REGISTER]: Captured registration for entry bone/wither/carpet of type minecraft:block
[10May2026 20:20:59.503] [modloading-worker-0/DEBUG] [com.tterrag.registrate.AbstractRegistrate/REGISTRATE.REGISTER]: Captured registration for entry bone/wither/wall_light of type minecraft:block
[10May2026 20:20:59.504] [modloading-worker-0/DEBUG] [com.tterrag.registrate.AbstractRegistrate/REGISTRATE.REGISTER]: Captured registration for entry bone/wither/floor_light of type minecraft:block
[10May2026 20:20:59.504] [modloading-worker-0/DEBUG] [com.tterrag.registrate.AbstractRegistrate/REGISTRATE.REGISTER]: Captured registration for entry bone/wither/table_small of type minecraft:block
[10May2026 20:20:59.504] [modloading-worker-0/DEBUG] [com.tterrag.registrate.AbstractRegistrate/REGISTRATE.REGISTER]: Captured registration for entry bone/wither/table_wide of type minecraft:block
[10May2026 20:20:59.505] [modloading-worker-0/DEBUG] [com.tterrag.registrate.AbstractRegistrate/REGISTRATE.REGISTER]: Captured registration for entry bone/wither/table_large of type minecraft:block
[10May2026 20:20:59.506] [modloading-worker-0/DEBUG] [com.tterrag.registrate.AbstractRegistrate/REGISTRATE.REGISTER]: Captured registration for entry bone/wither/stool of type minecraft:block
[10May2026 20:20:59.506] [modloading-worker-0/DEBUG] [mixin/]: Mixing self.SelfFrameMixin from supplementaries.mixins.json into net.mehvahdjukaar.supplementaries.common.block.blocks.FrameBlock
[10May2026 20:20:59.507] [modloading-worker-0/DEBUG] [com.tterrag.registrate.AbstractRegistrate/REGISTRATE.REGISTER]: Captured registration for entry bone/wither/skull of type minecraft:block
[10May2026 20:20:59.507] [modloading-worker-0/DEBUG] [com.tterrag.registrate.AbstractRegistrate/REGISTRATE.REGISTER]: Captured registration for entry bone/wither/painting_small of type minecraft:block
[10May2026 20:20:59.508] [modloading-worker-0/DEBUG] [com.tterrag.registrate.AbstractRegistrate/REGISTRATE.REGISTER]: Captured registration for entry bone/wither/painting_wide of type minecraft:block
[10May2026 20:20:59.508] [modloading-worker-0/DEBUG] [com.tterrag.registrate.AbstractRegistrate/REGISTRATE.REGISTER]: Captured registration for entry bone/wither/drawer of type minecraft:block
[10May2026 20:20:59.508] [modloading-worker-0/DEBUG] [com.tterrag.registrate.AbstractRegistrate/REGISTRATE.REGISTER]: Captured registration for entry bone/wither/shelf of type minecraft:block
[10May2026 20:20:59.508] [modloading-worker-0/DEBUG] [com.tterrag.registrate.AbstractRegistrate/REGISTRATE.REGISTER]: Captured registration for entry bone/wither/sofa of type minecraft:block
[10May2026 20:20:59.509] [modloading-worker-0/DEBUG] [com.tterrag.registrate.AbstractRegistrate/REGISTRATE.REGISTER]: Captured registration for entry bone/wither/desk_left of type minecraft:block
[10May2026 20:20:59.509] [modloading-worker-0/DEBUG] [com.tterrag.registrate.AbstractRegistrate/REGISTRATE.REGISTER]: Captured registration for entry bone/wither/desk_right of type minecraft:block
[10May2026 20:20:59.510] [modloading-worker-0/DEBUG] [com.tterrag.registrate.AbstractRegistrate/REGISTRATE.REGISTER]: Captured registration for entry bone/wither/chair of type minecraft:block
[10May2026 20:20:59.510] [modloading-worker-0/DEBUG] [com.tterrag.registrate.AbstractRegistrate/REGISTRATE.REGISTER]: Captured registration for entry bone/wither/bench of type minecraft:block
[10May2026 20:20:59.511] [modloading-worker-0/DEBUG] [com.tterrag.registrate.AbstractRegistrate/REGISTRATE.REGISTER]: Captured registration for entry bone/wither/bookshelf of type minecraft:block
[10May2026 20:20:59.511] [modloading-worker-0/DEBUG] [com.tterrag.registrate.AbstractRegistrate/REGISTRATE.REGISTER]: Captured registration for entry bone/wither/chest of type minecraft:block
[10May2026 20:20:59.511] [modloading-worker-0/DEBUG] [com.tterrag.registrate.AbstractRegistrate/REGISTRATE.REGISTER]: Captured registration for entry bone/wither/dresser of type minecraft:block
[10May2026 20:20:59.512] [modloading-worker-0/DEBUG] [com.tterrag.registrate.AbstractRegistrate/REGISTRATE.REGISTER]: Captured registration for entry bone/wither/wardrobe_bottom of type minecraft:block
[10May2026 20:20:59.512] [modloading-worker-0/DEBUG] [com.tterrag.registrate.AbstractRegistrate/REGISTRATE.REGISTER]: Captured registration for entry bone/wither/wardrobe_top of type minecraft:block
[10May2026 20:20:59.512] [modloading-worker-0/DEBUG] [com.tterrag.registrate.AbstractRegistrate/REGISTRATE.REGISTER]: Captured registration for entry bone/wither/bed_single of type minecraft:block
[10May2026 20:20:59.513] [modloading-worker-0/DEBUG] [com.tterrag.registrate.AbstractRegistrate/REGISTRATE.REGISTER]: Captured registration for entry bone/wither/bed_double of type minecraft:block
[10May2026 20:20:59.513] [modloading-worker-0/DEBUG] [com.tterrag.registrate.AbstractRegistrate/REGISTRATE.REGISTER]: Captured registration for entry bone/wither/chandelier of type minecraft:block
[10May2026 20:20:59.513] [modloading-worker-0/DEBUG] [com.tterrag.registrate.AbstractRegistrate/REGISTRATE.REGISTER]: Captured registration for entry bone/wither/door_single of type minecraft:block
[10May2026 20:20:59.514] [modloading-worker-0/DEBUG] [com.tterrag.registrate.AbstractRegistrate/REGISTRATE.REGISTER]: Captured registration for entry bone/wither/door_double of type minecraft:block
[10May2026 20:20:59.514] [modloading-worker-0/DEBUG] [com.tterrag.registrate.AbstractRegistrate/REGISTRATE.REGISTER]: Captured registration for entry bone/wither/lockbox of type minecraft:block
[10May2026 20:20:59.515] [modloading-worker-0/DEBUG] [com.tterrag.registrate.AbstractRegistrate/REGISTRATE.REGISTER]: Captured registration for entry bone/wither/counter of type minecraft:block
[10May2026 20:20:59.516] [modloading-worker-0/DEBUG] [com.tterrag.registrate.AbstractRegistrate/REGISTRATE.REGISTER]: Captured registration for entry bone/wither/oven of type minecraft:block
[10May2026 20:20:59.517] [modloading-worker-0/DEBUG] [com.tterrag.registrate.AbstractRegistrate/REGISTRATE.REGISTER]: Captured registration for entry royal/wool of type minecraft:block
[10May2026 20:20:59.517] [modloading-worker-0/DEBUG] [com.tterrag.registrate.AbstractRegistrate/REGISTRATE.REGISTER]: Captured registration for entry royal/carpet of type minecraft:block
[10May2026 20:20:59.518] [modloading-worker-0/DEBUG] [com.tterrag.registrate.AbstractRegistrate/REGISTRATE.REGISTER]: Captured registration for entry royal/wall_light of type minecraft:block
[10May2026 20:20:59.518] [modloading-worker-0/DEBUG] [com.tterrag.registrate.AbstractRegistrate/REGISTRATE.REGISTER]: Captured registration for entry royal/floor_light of type minecraft:block
[10May2026 20:20:59.518] [modloading-worker-0/DEBUG] [com.tterrag.registrate.AbstractRegistrate/REGISTRATE.REGISTER]: Captured registration for entry royal/table_small of type minecraft:block
[10May2026 20:20:59.519] [modloading-worker-0/DEBUG] [com.tterrag.registrate.AbstractRegistrate/REGISTRATE.REGISTER]: Captured registration for entry royal/table_wide of type minecraft:block
[10May2026 20:20:59.519] [modloading-worker-0/DEBUG] [com.tterrag.registrate.AbstractRegistrate/REGISTRATE.REGISTER]: Captured registration for entry royal/table_large of type minecraft:block
[10May2026 20:20:59.519] [modloading-worker-0/DEBUG] [com.tterrag.registrate.AbstractRegistrate/REGISTRATE.REGISTER]: Captured registration for entry royal/stool of type minecraft:block
[10May2026 20:20:59.520] [modloading-worker-0/DEBUG] [com.tterrag.registrate.AbstractRegistrate/REGISTRATE.REGISTER]: Captured registration for entry royal/cushion of type minecraft:block
[10May2026 20:20:59.520] [modloading-worker-0/DEBUG] [com.tterrag.registrate.AbstractRegistrate/REGISTRATE.REGISTER]: Captured registration for entry royal/painting_small of type minecraft:block
[10May2026 20:20:59.520] [modloading-worker-0/DEBUG] [mixin/]: Mixing CompatFarmersDelightTomatoMixin from supplementaries.mixins.json into vectorwing.farmersdelight.common.block.TomatoVineBlock
[10May2026 20:20:59.520] [modloading-worker-0/DEBUG] [com.tterrag.registrate.AbstractRegistrate/REGISTRATE.REGISTER]: Captured registration for entry royal/painting_wide of type minecraft:block
[10May2026 20:20:59.531] [modloading-worker-0/DEBUG] [com.tterrag.registrate.AbstractRegistrate/REGISTRATE.REGISTER]: Captured registration for entry royal/drawer of type minecraft:block
[10May2026 20:20:59.532] [modloading-worker-0/DEBUG] [com.tterrag.registrate.AbstractRegistrate/REGISTRATE.REGISTER]: Captured registration for entry royal/shelf of type minecraft:block
[10May2026 20:20:59.533] [modloading-worker-0/DEBUG] [com.tterrag.registrate.AbstractRegistrate/REGISTRATE.REGISTER]: Captured registration for entry royal/sofa of type minecraft:block
[10May2026 20:20:59.533] [modloading-worker-0/DEBUG] [net.minecraftforge.fml.config.ConfigTracker/CONFIG]: Config file framedblocks-client.toml for framedblocks tracking
[10May2026 20:20:59.534] [modloading-worker-0/DEBUG] [net.minecraftforge.fml.config.ConfigTracker/CONFIG]: Config file framedblocks-common.toml for framedblocks tracking
[10May2026 20:20:59.534] [modloading-worker-0/DEBUG] [com.tterrag.registrate.AbstractRegistrate/REGISTRATE.REGISTER]: Captured registration for entry royal/desk_left of type minecraft:block
[10May2026 20:20:59.535] [modloading-worker-0/DEBUG] [com.tterrag.registrate.AbstractRegistrate/REGISTRATE.REGISTER]: Captured registration for entry royal/desk_right of type minecraft:block
[10May2026 20:20:59.535] [modloading-worker-0/DEBUG] [net.minecraftforge.fml.config.ConfigTracker/CONFIG]: Config file framedblocks-server.toml for framedblocks tracking
[10May2026 20:20:59.536] [modloading-worker-0/DEBUG] [com.tterrag.registrate.AbstractRegistrate/REGISTRATE.REGISTER]: Captured registration for entry royal/chair of type minecraft:block
[10May2026 20:20:59.537] [modloading-worker-0/DEBUG] [com.tterrag.registrate.AbstractRegistrate/REGISTRATE.REGISTER]: Captured registration for entry royal/bench of type minecraft:block
[10May2026 20:20:59.537] [modloading-worker-0/DEBUG] [com.tterrag.registrate.AbstractRegistrate/REGISTRATE.REGISTER]: Captured registration for entry royal/bookshelf of type minecraft:block
[10May2026 20:20:59.537] [modloading-worker-0/DEBUG] [com.tterrag.registrate.AbstractRegistrate/REGISTRATE.REGISTER]: Captured registration for entry royal/chest of type minecraft:block
[10May2026 20:20:59.538] [modloading-worker-0/DEBUG] [com.tterrag.registrate.AbstractRegistrate/REGISTRATE.REGISTER]: Captured registration for entry royal/dresser of type minecraft:block
[10May2026 20:20:59.538] [modloading-worker-0/DEBUG] [com.tterrag.registrate.AbstractRegistrate/REGISTRATE.REGISTER]: Captured registration for entry royal/wardrobe_bottom of type minecraft:block
[10May2026 20:20:59.540] [modloading-worker-0/DEBUG] [com.tterrag.registrate.AbstractRegistrate/REGISTRATE.REGISTER]: Captured registration for entry royal/wardrobe_top of type minecraft:block
[10May2026 20:20:59.541] [modloading-worker-0/DEBUG] [com.tterrag.registrate.AbstractRegistrate/REGISTRATE.REGISTER]: Captured registration for entry royal/bed_single of type minecraft:block
[10May2026 20:20:59.542] [modloading-worker-0/DEBUG] [com.tterrag.registrate.AbstractRegistrate/REGISTRATE.REGISTER]: Captured registration for entry royal/bed_double of type minecraft:block
[10May2026 20:20:59.542] [modloading-worker-0/DEBUG] [com.tterrag.registrate.AbstractRegistrate/REGISTRATE.REGISTER]: Captured registration for entry royal/chandelier of type minecraft:block
[10May2026 20:20:59.544] [modloading-worker-0/DEBUG] [com.tterrag.registrate.AbstractRegistrate/REGISTRATE.REGISTER]: Captured registration for entry royal/door_single of type minecraft:block
[10May2026 20:20:59.544] [modloading-worker-0/DEBUG] [com.tterrag.registrate.AbstractRegistrate/REGISTRATE.REGISTER]: Captured registration for entry royal/door_double of type minecraft:block
[10May2026 20:20:59.545] [modloading-worker-0/DEBUG] [com.tterrag.registrate.AbstractRegistrate/REGISTRATE.REGISTER]: Captured registration for entry royal/lockbox of type minecraft:block
[10May2026 20:20:59.545] [modloading-worker-0/DEBUG] [com.tterrag.registrate.AbstractRegistrate/REGISTRATE.REGISTER]: Captured registration for entry royal/counter of type minecraft:block
[10May2026 20:20:59.546] [modloading-worker-0/DEBUG] [com.tterrag.registrate.AbstractRegistrate/REGISTRATE.REGISTER]: Captured registration for entry royal/oven of type minecraft:block
[10May2026 20:20:59.546] [modloading-worker-0/DEBUG] [com.tterrag.registrate.AbstractRegistrate/REGISTRATE.REGISTER]: Captured registration for entry necrolord/wool of type minecraft:block
[10May2026 20:20:59.546] [modloading-worker-0/DEBUG] [com.tterrag.registrate.AbstractRegistrate/REGISTRATE.REGISTER]: Captured registration for entry necrolord/carpet of type minecraft:block
[10May2026 20:20:59.546] [modloading-worker-0/DEBUG] [com.tterrag.registrate.AbstractRegistrate/REGISTRATE.REGISTER]: Captured registration for entry necrolord/wall_light of type minecraft:block
[10May2026 20:20:59.546] [modloading-worker-0/DEBUG] [com.tterrag.registrate.AbstractRegistrate/REGISTRATE.REGISTER]: Captured registration for entry necrolord/floor_light of type minecraft:block
[10May2026 20:20:59.546] [modloading-worker-0/DEBUG] [com.tterrag.registrate.AbstractRegistrate/REGISTRATE.REGISTER]: Captured registration for entry necrolord/table_small of type minecraft:block
[10May2026 20:20:59.546] [modloading-worker-0/DEBUG] [com.tterrag.registrate.AbstractRegistrate/REGISTRATE.REGISTER]: Captured registration for entry necrolord/table_wide of type minecraft:block
[10May2026 20:20:59.546] [modloading-worker-0/DEBUG] [com.tterrag.registrate.AbstractRegistrate/REGISTRATE.REGISTER]: Captured registration for entry necrolord/table_large of type minecraft:block
[10May2026 20:20:59.546] [modloading-worker-0/DEBUG] [com.tterrag.registrate.AbstractRegistrate/REGISTRATE.REGISTER]: Captured registration for entry necrolord/stool of type minecraft:block
[10May2026 20:20:59.546] [modloading-worker-0/DEBUG] [com.tterrag.registrate.AbstractRegistrate/REGISTRATE.REGISTER]: Captured registration for entry necrolord/cushion of type minecraft:block
[10May2026 20:20:59.546] [modloading-worker-0/DEBUG] [com.tterrag.registrate.AbstractRegistrate/REGISTRATE.REGISTER]: Captured registration for entry necrolord/painting_small of type minecraft:block
[10May2026 20:20:59.547] [modloading-worker-0/DEBUG] [com.tterrag.registrate.AbstractRegistrate/REGISTRATE.REGISTER]: Captured registration for entry necrolord/painting_wide of type minecraft:block
[10May2026 20:20:59.547] [modloading-worker-0/DEBUG] [com.tterrag.registrate.AbstractRegistrate/REGISTRATE.REGISTER]: Captured registration for entry necrolord/drawer of type minecraft:block
[10May2026 20:20:59.547] [modloading-worker-0/DEBUG] [com.tterrag.registrate.AbstractRegistrate/REGISTRATE.REGISTER]: Captured registration for entry necrolord/shelf of type minecraft:block
[10May2026 20:20:59.547] [modloading-worker-0/DEBUG] [com.tterrag.registrate.AbstractRegistrate/REGISTRATE.REGISTER]: Captured registration for entry necrolord/sofa of type minecraft:block
[10May2026 20:20:59.548] [modloading-worker-0/DEBUG] [com.tterrag.registrate.AbstractRegistrate/REGISTRATE.REGISTER]: Captured registration for entry necrolord/desk_left of type minecraft:block
[10May2026 20:20:59.548] [modloading-worker-0/DEBUG] [com.tterrag.registrate.AbstractRegistrate/REGISTRATE.REGISTER]: Captured registration for entry necrolord/desk_right of type minecraft:block
[10May2026 20:20:59.548] [modloading-worker-0/DEBUG] [com.tterrag.registrate.AbstractRegistrate/REGISTRATE.REGISTER]: Captured registration for entry necrolord/chair of type minecraft:block
[10May2026 20:20:59.548] [modloading-worker-0/DEBUG] [com.tterrag.registrate.AbstractRegistrate/REGISTRATE.REGISTER]: Captured registration for entry necrolord/bench of type minecraft:block
[10May2026 20:20:59.548] [modloading-worker-0/DEBUG] [com.tterrag.registrate.AbstractRegistrate/REGISTRATE.REGISTER]: Captured registration for entry necrolord/bookshelf of type minecraft:block
[10May2026 20:20:59.548] [modloading-worker-0/DEBUG] [com.tterrag.registrate.AbstractRegistrate/REGISTRATE.REGISTER]: Captured registration for entry necrolord/chest of type minecraft:block
[10May2026 20:20:59.548] [modloading-worker-0/DEBUG] [com.tterrag.registrate.AbstractRegistrate/REGISTRATE.REGISTER]: Captured registration for entry necrolord/dresser of type minecraft:block
[10May2026 20:20:59.548] [modloading-worker-0/DEBUG] [com.tterrag.registrate.AbstractRegistrate/REGISTRATE.REGISTER]: Captured registration for entry necrolord/wardrobe_bottom of type minecraft:block
[10May2026 20:20:59.548] [modloading-worker-0/DEBUG] [com.tterrag.registrate.AbstractRegistrate/REGISTRATE.REGISTER]: Captured registration for entry necrolord/wardrobe_top of type minecraft:block
[10May2026 20:20:59.549] [modloading-worker-0/DEBUG] [com.tterrag.registrate.AbstractRegistrate/REGISTRATE.REGISTER]: Captured registration for entry necrolord/bed_single of type minecraft:block
[10May2026 20:20:59.549] [modloading-worker-0/DEBUG] [com.tterrag.registrate.AbstractRegistrate/REGISTRATE.REGISTER]: Captured registration for entry necrolord/bed_double of type minecraft:block
[10May2026 20:20:59.549] [modloading-worker-0/DEBUG] [com.tterrag.registrate.AbstractRegistrate/REGISTRATE.REGISTER]: Captured registration for entry necrolord/chandelier of type minecraft:block
[10May2026 20:20:59.550] [modloading-worker-0/DEBUG] [com.tterrag.registrate.AbstractRegistrate/REGISTRATE.REGISTER]: Captured registration for entry necrolord/door_single of type minecraft:block
[10May2026 20:20:59.550] [modloading-worker-0/DEBUG] [com.tterrag.registrate.AbstractRegistrate/REGISTRATE.REGISTER]: Captured registration for entry necrolord/door_double of type minecraft:block
[10May2026 20:20:59.550] [modloading-worker-0/DEBUG] [com.tterrag.registrate.AbstractRegistrate/REGISTRATE.REGISTER]: Captured registration for entry necrolord/lockbox of type minecraft:block
[10May2026 20:20:59.551] [modloading-worker-0/DEBUG] [com.tterrag.registrate.AbstractRegistrate/REGISTRATE.REGISTER]: Captured registration for entry necrolord/counter of type minecraft:block
[10May2026 20:20:59.551] [modloading-worker-0/DEBUG] [com.tterrag.registrate.AbstractRegistrate/REGISTRATE.REGISTER]: Captured registration for entry necrolord/oven of type minecraft:block
[10May2026 20:20:59.557] [modloading-worker-0/DEBUG] [com.tterrag.registrate.AbstractRegistrate/REGISTRATE.REGISTER]: Captured registration for entry furniture_station of type minecraft:item
[10May2026 20:20:59.559] [modloading-worker-0/DEBUG] [mixin/]: Mixing SelfEntitySpawnDataMixin from moonlight.mixins.json into net.mehvahdjukaar.moonlight.api.entity.IExtraClientSpawnData
[10May2026 20:20:59.561] [modloading-worker-0/DEBUG] [com.tterrag.registrate.AbstractRegistrate/REGISTRATE.REGISTER]: Captured registration for entry furniture_station of type minecraft:block_entity_type
[10May2026 20:20:59.562] [modloading-worker-0/DEBUG] [com.tterrag.registrate.AbstractRegistrate/REGISTRATE.REGISTER]: Captured registration for entry furniture_station of type minecraft:block
[10May2026 20:20:59.564] [modloading-worker-0/DEBUG] [com.tterrag.registrate.AbstractRegistrate/REGISTRATE.REGISTER]: Captured registration for entry decorations/berry_basket_empty of type minecraft:item
[10May2026 20:20:59.565] [modloading-worker-0/DEBUG] [com.tterrag.registrate.AbstractRegistrate/REGISTRATE.REGISTER]: Captured registration for entry decorations/berry_basket_sweetberry of type minecraft:item
[10May2026 20:20:59.565] [modloading-worker-0/DEBUG] [com.tterrag.registrate.AbstractRegistrate/REGISTRATE.REGISTER]: Captured registration for entry decorations/berry_basket_blueberry of type minecraft:item
[10May2026 20:20:59.565] [modloading-worker-0/DEBUG] [com.tterrag.registrate.AbstractRegistrate/REGISTRATE.REGISTER]: Captured registration for entry decorations/berry_basket_strawberry of type minecraft:item
[10May2026 20:20:59.565] [modloading-worker-0/DEBUG] [com.tterrag.registrate.AbstractRegistrate/REGISTRATE.REGISTER]: Captured registration for entry decorations/bolts_of_cloth of type minecraft:item
[10May2026 20:20:59.565] [modloading-worker-0/DEBUG] [com.tterrag.registrate.AbstractRegistrate/REGISTRATE.REGISTER]: Captured registration for entry decorations/book_stack of type minecraft:item
[10May2026 20:20:59.565] [modloading-worker-0/DEBUG] [com.tterrag.registrate.AbstractRegistrate/REGISTRATE.REGISTER]: Captured registration for entry decorations/bowl_empty of type minecraft:item
[10May2026 20:20:59.565] [modloading-worker-0/DEBUG] [com.tterrag.registrate.AbstractRegistrate/REGISTRATE.REGISTER]: Captured registration for entry decorations/bowl_beetroot_soup of type minecraft:item
[10May2026 20:20:59.565] [modloading-worker-0/DEBUG] [com.tterrag.registrate.AbstractRegistrate/REGISTRATE.REGISTER]: Captured registration for entry decorations/bowl_mushroom_stew of type minecraft:item
[10May2026 20:20:59.565] [modloading-worker-0/DEBUG] [com.tterrag.registrate.AbstractRegistrate/REGISTRATE.REGISTER]: Captured registration for entry decorations/tankards_empty of type minecraft:item
[10May2026 20:20:59.566] [modloading-worker-0/DEBUG] [com.tterrag.registrate.AbstractRegistrate/REGISTRATE.REGISTER]: Captured registration for entry decorations/tankards_honeymead of type minecraft:item
[10May2026 20:20:59.566] [modloading-worker-0/DEBUG] [com.tterrag.registrate.AbstractRegistrate/REGISTRATE.REGISTER]: Captured registration for entry decorations/tankards_milk of type minecraft:item
[10May2026 20:20:59.567] [modloading-worker-0/DEBUG] [com.tterrag.registrate.AbstractRegistrate/REGISTRATE.REGISTER]: Captured registration for entry decorations/tankards_sweetberry of type minecraft:item
[10May2026 20:20:59.567] [modloading-worker-0/DEBUG] [com.tterrag.registrate.AbstractRegistrate/REGISTRATE.REGISTER]: Captured registration for entry decorations/mushrooms_red of type minecraft:item
[10May2026 20:20:59.567] [modloading-worker-0/DEBUG] [com.tterrag.registrate.AbstractRegistrate/REGISTRATE.REGISTER]: Captured registration for entry decorations/coin_stack_gold of type minecraft:item
[10May2026 20:20:59.567] [modloading-worker-0/DEBUG] [com.tterrag.registrate.AbstractRegistrate/REGISTRATE.REGISTER]: Captured registration for entry decorations/coin_stack_iron of type minecraft:item
[10May2026 20:20:59.568] [modloading-worker-0/DEBUG] [com.tterrag.registrate.AbstractRegistrate/REGISTRATE.REGISTER]: Captured registration for entry decorations/muffins_blueberry of type minecraft:item
[10May2026 20:20:59.568] [modloading-worker-0/DEBUG] [com.tterrag.registrate.AbstractRegistrate/REGISTRATE.REGISTER]: Captured registration for entry decorations/muffins_chocolate of type minecraft:item
[10May2026 20:20:59.569] [modloading-worker-0/DEBUG] [com.tterrag.registrate.AbstractRegistrate/REGISTRATE.REGISTER]: Captured registration for entry decorations/muffins_sweetberry of type minecraft:item
[10May2026 20:20:59.569] [modloading-worker-0/DEBUG] [com.tterrag.registrate.AbstractRegistrate/REGISTRATE.REGISTER]: Captured registration for entry decorations/paper_stack of type minecraft:item
[10May2026 20:20:59.570] [modloading-worker-0/DEBUG] [com.tterrag.registrate.AbstractRegistrate/REGISTRATE.REGISTER]: Captured registration for entry decorations/cookie_jar of type minecraft:item
[10May2026 20:20:59.570] [modloading-worker-0/DEBUG] [com.tterrag.registrate.AbstractRegistrate/REGISTRATE.REGISTER]: Captured registration for entry decorations/brewing_cauldron of type minecraft:item
[10May2026 20:20:59.571] [modloading-worker-0/DEBUG] [com.tterrag.registrate.AbstractRegistrate/REGISTRATE.REGISTER]: Captured registration for entry decorations/floating_tomes of type minecraft:item
[10May2026 20:20:59.571] [modloading-worker-0/DEBUG] [com.tterrag.registrate.AbstractRegistrate/REGISTRATE.REGISTER]: Captured registration for entry decorations/gravestone of type minecraft:item
[10May2026 20:20:59.572] [modloading-worker-0/DEBUG] [com.tterrag.registrate.AbstractRegistrate/REGISTRATE.REGISTER]: Captured registration for entry decorations/hanging_herbs of type minecraft:item
[10May2026 20:20:59.572] [modloading-worker-0/DEBUG] [com.tterrag.registrate.AbstractRegistrate/REGISTRATE.REGISTER]: Captured registration for entry decorations/spider_web_small of type minecraft:item
[10May2026 20:20:59.575] [modloading-worker-0/DEBUG] [com.tterrag.registrate.AbstractRegistrate/REGISTRATE.REGISTER]: Captured registration for entry decorations/spider_web_wide of type minecraft:item
[10May2026 20:20:59.575] [modloading-worker-0/DEBUG] [com.tterrag.registrate.AbstractRegistrate/REGISTRATE.REGISTER]: Captured registration for entry decorations/stackable_pumpkins of type minecraft:item
[10May2026 20:20:59.575] [modloading-worker-0/DEBUG] [com.tterrag.registrate.AbstractRegistrate/REGISTRATE.REGISTER]: Captured registration for entry decorations/bronze_chain of type minecraft:item
[10May2026 20:20:59.575] [modloading-worker-0/DEBUG] [com.tterrag.registrate.AbstractRegistrate/REGISTRATE.REGISTER]: Captured registration for entry decorations/mushrooms_brown of type minecraft:item
[10May2026 20:20:59.576] [modloading-worker-0/DEBUG] [com.tterrag.registrate.AbstractRegistrate/REGISTRATE.REGISTER]: Captured registration for entry decorations/potion_bottles of type minecraft:item
[10May2026 20:20:59.576] [modloading-worker-0/DEBUG] [com.tterrag.registrate.AbstractRegistrate/REGISTRATE.REGISTER]: Captured registration for entry decorations/potion_bottles_dyeable of type minecraft:item
[10May2026 20:20:59.576] [modloading-worker-0/DEBUG] [com.tterrag.registrate.AbstractRegistrate/REGISTRATE.REGISTER]: Captured registration for entry decorations/fairy_lights_1 of type minecraft:item
[10May2026 20:20:59.576] [modloading-worker-0/DEBUG] [com.tterrag.registrate.AbstractRegistrate/REGISTRATE.REGISTER]: Captured registration for entry decorations/fairy_lights_2 of type minecraft:item
[10May2026 20:20:59.576] [modloading-worker-0/DEBUG] [com.tterrag.registrate.AbstractRegistrate/REGISTRATE.REGISTER]: Captured registration for entry decorations/presents_stack_1 of type minecraft:item
[10May2026 20:20:59.576] [modloading-worker-0/DEBUG] [com.tterrag.registrate.AbstractRegistrate/REGISTRATE.REGISTER]: Captured registration for entry decorations/presents_stack_2 of type minecraft:item
[10May2026 20:20:59.576] [modloading-worker-0/DEBUG] [com.tterrag.registrate.AbstractRegistrate/REGISTRATE.REGISTER]: Captured registration for entry decorations/snowballs of type minecraft:item
[10May2026 20:20:59.577] [modloading-worker-0/DEBUG] [com.tterrag.registrate.AbstractRegistrate/REGISTRATE.REGISTER]: Captured registration for entry decorations/stocking of type minecraft:item
[10May2026 20:20:59.577] [modloading-worker-0/DEBUG] [com.tterrag.registrate.AbstractRegistrate/REGISTRATE.REGISTER]: Captured registration for entry decorations/nordic_boiled_creme_treats of type minecraft:item
[10May2026 20:20:59.577] [modloading-worker-0/DEBUG] [com.tterrag.registrate.AbstractRegistrate/REGISTRATE.REGISTER]: Captured registration for entry decorations/nordic_sweetrolls of type minecraft:item
[10May2026 20:20:59.577] [modloading-worker-0/DEBUG] [com.tterrag.registrate.AbstractRegistrate/REGISTRATE.REGISTER]: Captured registration for entry decorations/nordic_mead_bottles of type minecraft:item
[10May2026 20:20:59.578] [modloading-worker-0/DEBUG] [com.tterrag.registrate.AbstractRegistrate/REGISTRATE.REGISTER]: Captured registration for entry decorations/nordic_soul_gems_light of type minecraft:item
[10May2026 20:20:59.578] [modloading-worker-0/DEBUG] [com.tterrag.registrate.AbstractRegistrate/REGISTRATE.REGISTER]: Captured registration for entry decorations/nordic_soul_gems_dark of type minecraft:item
[10May2026 20:20:59.578] [modloading-worker-0/DEBUG] [com.tterrag.registrate.AbstractRegistrate/REGISTRATE.REGISTER]: Captured registration for entry decorations/venthyr_food_0 of type minecraft:item
[10May2026 20:20:59.578] [modloading-worker-0/DEBUG] [com.tterrag.registrate.AbstractRegistrate/REGISTRATE.REGISTER]: Captured registration for entry decorations/venthyr_food_1 of type minecraft:item
[10May2026 20:20:59.579] [modloading-worker-0/DEBUG] [com.tterrag.registrate.AbstractRegistrate/REGISTRATE.REGISTER]: Captured registration for entry decorations/venthyr_tea_set of type minecraft:item
[10May2026 20:20:59.579] [modloading-worker-0/DEBUG] [com.tterrag.registrate.AbstractRegistrate/REGISTRATE.REGISTER]: Captured registration for entry decorations/venthyr_tea_cups of type minecraft:item
[10May2026 20:20:59.579] [modloading-worker-0/DEBUG] [com.tterrag.registrate.AbstractRegistrate/REGISTRATE.REGISTER]: Captured registration for entry decorations/venthyr_platter of type minecraft:item
[10May2026 20:20:59.581] [modloading-worker-0/DEBUG] [com.tterrag.registrate.AbstractRegistrate/REGISTRATE.REGISTER]: Captured registration for entry decorations/venthyr_widow_bloom of type minecraft:item
[10May2026 20:20:59.582] [modloading-worker-0/DEBUG] [com.tterrag.registrate.AbstractRegistrate/REGISTRATE.REGISTER]: Captured registration for entry decorations/venthyr_tomes of type minecraft:item
[10May2026 20:20:59.583] [modloading-worker-0/DEBUG] [com.tterrag.registrate.AbstractRegistrate/REGISTRATE.REGISTER]: Captured registration for entry decorations/venthyr_chalices of type minecraft:item
[10May2026 20:20:59.584] [modloading-worker-0/DEBUG] [com.tterrag.registrate.AbstractRegistrate/REGISTRATE.REGISTER]: Captured registration for entry decorations/venthyr_candles of type minecraft:item
[10May2026 20:20:59.584] [modloading-worker-0/DEBUG] [com.tterrag.registrate.AbstractRegistrate/REGISTRATE.REGISTER]: Captured registration for entry decorations/venthyr_banner of type minecraft:item
[10May2026 20:20:59.584] [modloading-worker-0/DEBUG] [com.tterrag.registrate.AbstractRegistrate/REGISTRATE.REGISTER]: Captured registration for entry decorations/dunmer_pottery_0 of type minecraft:item
[10May2026 20:20:59.584] [modloading-worker-0/DEBUG] [com.tterrag.registrate.AbstractRegistrate/REGISTRATE.REGISTER]: Captured registration for entry decorations/dunmer_pottery_1 of type minecraft:item
[10May2026 20:20:59.584] [modloading-worker-0/DEBUG] [com.tterrag.registrate.AbstractRegistrate/REGISTRATE.REGISTER]: Captured registration for entry decorations/bone_candles of type minecraft:item
[10May2026 20:20:59.585] [modloading-worker-0/DEBUG] [com.tterrag.registrate.AbstractRegistrate/REGISTRATE.REGISTER]: Captured registration for entry decorations/bone_skeleton_chalices of type minecraft:item
[10May2026 20:20:59.585] [modloading-worker-0/DEBUG] [com.tterrag.registrate.AbstractRegistrate/REGISTRATE.REGISTER]: Captured registration for entry decorations/bone_skeleton_pile of type minecraft:item
[10May2026 20:20:59.585] [modloading-worker-0/DEBUG] [com.tterrag.registrate.AbstractRegistrate/REGISTRATE.REGISTER]: Captured registration for entry decorations/bone_skeleton_skull_blossoms of type minecraft:item
[10May2026 20:20:59.585] [modloading-worker-0/DEBUG] [com.tterrag.registrate.AbstractRegistrate/REGISTRATE.REGISTER]: Captured registration for entry decorations/bone_wither_chalices of type minecraft:item
[10May2026 20:20:59.585] [modloading-worker-0/DEBUG] [com.tterrag.registrate.AbstractRegistrate/REGISTRATE.REGISTER]: Captured registration for entry decorations/bone_wither_pile of type minecraft:item
[10May2026 20:20:59.586] [modloading-worker-0/DEBUG] [com.tterrag.registrate.AbstractRegistrate/REGISTRATE.REGISTER]: Captured registration for entry decorations/bone_wither_skull_blossoms of type minecraft:item
[10May2026 20:20:59.586] [modloading-worker-0/DEBUG] [com.tterrag.registrate.AbstractRegistrate/REGISTRATE.REGISTER]: Captured registration for entry decorations/royal_crown of type minecraft:item
[10May2026 20:20:59.586] [modloading-worker-0/DEBUG] [com.tterrag.registrate.AbstractRegistrate/REGISTRATE.REGISTER]: Captured registration for entry decorations/royal_candelabra of type minecraft:item
[10May2026 20:20:59.586] [modloading-worker-0/DEBUG] [com.tterrag.registrate.AbstractRegistrate/REGISTRATE.REGISTER]: Captured registration for entry decorations/royal_chalices of type minecraft:item
[10May2026 20:20:59.586] [modloading-worker-0/DEBUG] [com.tterrag.registrate.AbstractRegistrate/REGISTRATE.REGISTER]: Captured registration for entry decorations/royal_cushioned_crown of type minecraft:item
[10May2026 20:20:59.586] [modloading-worker-0/DEBUG] [com.tterrag.registrate.AbstractRegistrate/REGISTRATE.REGISTER]: Captured registration for entry decorations/royal_food_0 of type minecraft:item
[10May2026 20:20:59.586] [modloading-worker-0/DEBUG] [com.tterrag.registrate.AbstractRegistrate/REGISTRATE.REGISTER]: Captured registration for entry decorations/royal_food_1 of type minecraft:item
[10May2026 20:20:59.586] [modloading-worker-0/DEBUG] [com.tterrag.registrate.AbstractRegistrate/REGISTRATE.REGISTER]: Captured registration for entry decorations/royal_platter of type minecraft:item
[10May2026 20:20:59.586] [modloading-worker-0/DEBUG] [com.tterrag.registrate.AbstractRegistrate/REGISTRATE.REGISTER]: Captured registration for entry decorations/royal_floor_cushion of type minecraft:item
[10May2026 20:20:59.587] [modloading-worker-0/DEBUG] [com.tterrag.registrate.AbstractRegistrate/REGISTRATE.REGISTER]: Captured registration for entry decorations/royal_wall_mirror_small of type minecraft:item
[10May2026 20:20:59.587] [modloading-worker-0/DEBUG] [com.tterrag.registrate.AbstractRegistrate/REGISTRATE.REGISTER]: Captured registration for entry decorations/royal_wall_mirror_large of type minecraft:item
[10May2026 20:20:59.587] [modloading-worker-0/DEBUG] [com.tterrag.registrate.AbstractRegistrate/REGISTRATE.REGISTER]: Captured registration for entry decorations/necrolord_candelabra of type minecraft:item
[10May2026 20:20:59.588] [modloading-worker-0/DEBUG] [com.tterrag.registrate.AbstractRegistrate/REGISTRATE.REGISTER]: Captured registration for entry nordic/wool of type minecraft:item
[10May2026 20:20:59.588] [modloading-worker-0/DEBUG] [com.tterrag.registrate.AbstractRegistrate/REGISTRATE.REGISTER]: Captured registration for entry nordic/carpet of type minecraft:item
[10May2026 20:20:59.588] [modloading-worker-0/DEBUG] [com.tterrag.registrate.AbstractRegistrate/REGISTRATE.REGISTER]: Captured registration for entry nordic/wall_light of type minecraft:item
[10May2026 20:20:59.588] [modloading-worker-0/DEBUG] [com.tterrag.registrate.AbstractRegistrate/REGISTRATE.REGISTER]: Captured registration for entry nordic/floor_light of type minecraft:item
[10May2026 20:20:59.588] [modloading-worker-0/DEBUG] [com.tterrag.registrate.AbstractRegistrate/REGISTRATE.REGISTER]: Captured registration for entry nordic/table_small of type minecraft:item
[10May2026 20:20:59.588] [modloading-worker-0/DEBUG] [com.tterrag.registrate.AbstractRegistrate/REGISTRATE.REGISTER]: Captured registration for entry nordic/table_wide of type minecraft:item
[10May2026 20:20:59.588] [modloading-worker-0/DEBUG] [com.tterrag.registrate.AbstractRegistrate/REGISTRATE.REGISTER]: Captured registration for entry nordic/table_large of type minecraft:item
[10May2026 20:20:59.589] [modloading-worker-0/DEBUG] [com.tterrag.registrate.AbstractRegistrate/REGISTRATE.REGISTER]: Captured registration for entry nordic/stool of type minecraft:item
[10May2026 20:20:59.590] [modloading-worker-0/DEBUG] [com.tterrag.registrate.AbstractRegistrate/REGISTRATE.REGISTER]: Captured registration for entry nordic/cushion of type minecraft:item
[10May2026 20:20:59.591] [modloading-worker-0/DEBUG] [com.tterrag.registrate.AbstractRegistrate/REGISTRATE.REGISTER]: Captured registration for entry nordic/painting_small of type minecraft:item
[10May2026 20:20:59.591] [modloading-worker-0/DEBUG] [mixin/]: Mixing MixinMapItemSavedData from framedblocks.mixin.json into net.minecraft.world.level.saveddata.maps.MapItemSavedData
[10May2026 20:20:59.591] [modloading-worker-0/DEBUG] [com.tterrag.registrate.AbstractRegistrate/REGISTRATE.REGISTER]: Captured registration for entry nordic/painting_wide of type minecraft:item
[10May2026 20:20:59.591] [modloading-worker-0/DEBUG] [com.tterrag.registrate.AbstractRegistrate/REGISTRATE.REGISTER]: Captured registration for entry nordic/drawer of type minecraft:item
[10May2026 20:20:59.592] [modloading-worker-0/DEBUG] [com.tterrag.registrate.AbstractRegistrate/REGISTRATE.REGISTER]: Captured registration for entry nordic/shelf of type minecraft:item
[10May2026 20:20:59.592] [modloading-worker-0/DEBUG] [mixin/]: Renaming synthetic method lambda$framedblocks$saveCustomMapMarkers$0(Lnet/minecraft/nbt/ListTag;Ljava/lang/String;Lxfacthd/framedblocks/common/blockentity/special/FramedItemFrameBlockEntity$FramedMap;)V to md2f2977$lambda$framedblocks$saveCustomMapMarkers$0$0 in framedblocks.mixin.json:MixinMapItemSavedData
[10May2026 20:20:59.592] [modloading-worker-0/DEBUG] [com.tterrag.registrate.AbstractRegistrate/REGISTRATE.REGISTER]: Captured registration for entry nordic/sofa of type minecraft:item
[10May2026 20:20:59.592] [modloading-worker-0/DEBUG] [com.tterrag.registrate.AbstractRegistrate/REGISTRATE.REGISTER]: Captured registration for entry nordic/desk_left of type minecraft:item
[10May2026 20:20:59.593] [modloading-worker-0/DEBUG] [com.tterrag.registrate.AbstractRegistrate/REGISTRATE.REGISTER]: Captured registration for entry nordic/desk_right of type minecraft:item
[10May2026 20:20:59.593] [modloading-worker-0/DEBUG] [com.tterrag.registrate.AbstractRegistrate/REGISTRATE.REGISTER]: Captured registration for entry nordic/chair of type minecraft:item
[10May2026 20:20:59.593] [modloading-worker-0/DEBUG] [com.tterrag.registrate.AbstractRegistrate/REGISTRATE.REGISTER]: Captured registration for entry nordic/bench of type minecraft:item
[10May2026 20:20:59.594] [modloading-worker-0/DEBUG] [com.tterrag.registrate.AbstractRegistrate/REGISTRATE.REGISTER]: Captured registration for entry nordic/bookshelf of type minecraft:item
[10May2026 20:20:59.594] [modloading-worker-0/DEBUG] [com.tterrag.registrate.AbstractRegistrate/REGISTRATE.REGISTER]: Captured registration for entry nordic/chest of type minecraft:item
[10May2026 20:20:59.594] [modloading-worker-0/DEBUG] [com.tterrag.registrate.AbstractRegistrate/REGISTRATE.REGISTER]: Captured registration for entry nordic/dresser of type minecraft:item
[10May2026 20:20:59.594] [modloading-worker-0/DEBUG] [com.tterrag.registrate.AbstractRegistrate/REGISTRATE.REGISTER]: Captured registration for entry nordic/wardrobe_bottom of type minecraft:item
[10May2026 20:20:59.594] [modloading-worker-0/DEBUG] [com.tterrag.registrate.AbstractRegistrate/REGISTRATE.REGISTER]: Captured registration for entry nordic/wardrobe_top of type minecraft:item
[10May2026 20:20:59.594] [modloading-worker-0/DEBUG] [com.tterrag.registrate.AbstractRegistrate/REGISTRATE.REGISTER]: Captured registration for entry nordic/bed_single of type minecraft:item
[10May2026 20:20:59.594] [modloading-worker-0/DEBUG] [com.tterrag.registrate.AbstractRegistrate/REGISTRATE.REGISTER]: Captured registration for entry nordic/bed_double of type minecraft:item
[10May2026 20:20:59.594] [modloading-worker-0/DEBUG] [com.tterrag.registrate.AbstractRegistrate/REGISTRATE.REGISTER]: Captured registration for entry nordic/chandelier of type minecraft:item
[10May2026 20:20:59.594] [modloading-worker-0/DEBUG] [com.tterrag.registrate.AbstractRegistrate/REGISTRATE.REGISTER]: Captured registration for entry nordic/door_single of type minecraft:item
[10May2026 20:20:59.594] [modloading-worker-0/DEBUG] [com.tterrag.registrate.AbstractRegistrate/REGISTRATE.REGISTER]: Captured registration for entry nordic/door_double of type minecraft:item
[10May2026 20:20:59.595] [modloading-worker-0/DEBUG] [com.tterrag.registrate.AbstractRegistrate/REGISTRATE.REGISTER]: Captured registration for entry nordic/lockbox of type minecraft:item
[10May2026 20:20:59.595] [modloading-worker-0/DEBUG] [com.tterrag.registrate.AbstractRegistrate/REGISTRATE.REGISTER]: Captured registration for entry nordic/counter of type minecraft:item
[10May2026 20:20:59.595] [modloading-worker-0/DEBUG] [com.tterrag.registrate.AbstractRegistrate/REGISTRATE.REGISTER]: Captured registration for entry nordic/oven of type minecraft:item
[10May2026 20:20:59.595] [modloading-worker-0/DEBUG] [com.tterrag.registrate.AbstractRegistrate/REGISTRATE.REGISTER]: Captured registration for entry dunmer/wool of type minecraft:item
[10May2026 20:20:59.595] [modloading-worker-0/DEBUG] [com.tterrag.registrate.AbstractRegistrate/REGISTRATE.REGISTER]: Captured registration for entry dunmer/carpet of type minecraft:item
[10May2026 20:20:59.595] [modloading-worker-0/DEBUG] [com.tterrag.registrate.AbstractRegistrate/REGISTRATE.REGISTER]: Captured registration for entry dunmer/wall_light of type minecraft:item
[10May2026 20:20:59.595] [modloading-worker-0/DEBUG] [com.tterrag.registrate.AbstractRegistrate/REGISTRATE.REGISTER]: Captured registration for entry dunmer/floor_light of type minecraft:item
[10May2026 20:20:59.595] [modloading-worker-0/DEBUG] [com.tterrag.registrate.AbstractRegistrate/REGISTRATE.REGISTER]: Captured registration for entry dunmer/table_small of type minecraft:item
[10May2026 20:20:59.595] [modloading-worker-0/DEBUG] [com.tterrag.registrate.AbstractRegistrate/REGISTRATE.REGISTER]: Captured registration for entry dunmer/table_wide of type minecraft:item
[10May2026 20:20:59.595] [modloading-worker-0/DEBUG] [com.tterrag.registrate.AbstractRegistrate/REGISTRATE.REGISTER]: Captured registration for entry dunmer/table_large of type minecraft:item
[10May2026 20:20:59.595] [modloading-worker-0/DEBUG] [com.tterrag.registrate.AbstractRegistrate/REGISTRATE.REGISTER]: Captured registration for entry dunmer/stool of type minecraft:item
[10May2026 20:20:59.595] [modloading-worker-0/DEBUG] [com.tterrag.registrate.AbstractRegistrate/REGISTRATE.REGISTER]: Captured registration for entry dunmer/cushion of type minecraft:item
[10May2026 20:20:59.595] [modloading-worker-0/DEBUG] [com.tterrag.registrate.AbstractRegistrate/REGISTRATE.REGISTER]: Captured registration for entry dunmer/painting_small of type minecraft:item
[10May2026 20:20:59.595] [modloading-worker-0/DEBUG] [com.tterrag.registrate.AbstractRegistrate/REGISTRATE.REGISTER]: Captured registration for entry dunmer/painting_wide of type minecraft:item
[10May2026 20:20:59.595] [modloading-worker-0/DEBUG] [com.tterrag.registrate.AbstractRegistrate/REGISTRATE.REGISTER]: Captured registration for entry dunmer/drawer of type minecraft:item
[10May2026 20:20:59.596] [modloading-worker-0/DEBUG] [com.tterrag.registrate.AbstractRegistrate/REGISTRATE.REGISTER]: Captured registration for entry dunmer/shelf of type minecraft:item
[10May2026 20:20:59.596] [modloading-worker-0/DEBUG] [mixin/]: Mixing MapDataMixin from moonlight-common.mixins.json into net.minecraft.world.level.saveddata.maps.MapItemSavedData
[10May2026 20:20:59.596] [modloading-worker-0/DEBUG] [com.tterrag.registrate.AbstractRegistrate/REGISTRATE.REGISTER]: Captured registration for entry dunmer/sofa of type minecraft:item
[10May2026 20:20:59.597] [modloading-worker-0/DEBUG] [mixin/]: Renaming synthetic method lambda$save$3(Lnet/minecraft/nbt/CompoundTag;Lnet/minecraft/resources/ResourceLocation;Lnet/mehvahdjukaar/moonlight/api/map/CustomMapData;)V to md2f2977$lambda$save$3$1 in moonlight-common.mixins.json:MapDataMixin
[10May2026 20:20:59.597] [modloading-worker-0/DEBUG] [mixin/]: Renaming synthetic method lambda$load$2(Lnet/minecraft/nbt/CompoundTag;Lnet/mehvahdjukaar/moonlight/api/map/CustomMapData;)V to md2f2977$lambda$load$2$2 in moonlight-common.mixins.json:MapDataMixin
[10May2026 20:20:59.597] [modloading-worker-0/DEBUG] [com.tterrag.registrate.AbstractRegistrate/REGISTRATE.REGISTER]: Captured registration for entry dunmer/desk_left of type minecraft:item
[10May2026 20:20:59.599] [modloading-worker-0/DEBUG] [mixin/]: Renaming synthetic method lambda$setCustomDataDirty$1(Lnet/mehvahdjukaar/moonlight/api/map/CustomMapData$Type;Ljava/util/function/Consumer;Lnet/minecraft/world/level/saveddata/maps/MapItemSavedData$HoldingPlayer;)V to md2f2977$lambda$setCustomDataDirty$1$3 in moonlight-common.mixins.json:MapDataMixin
[10May2026 20:20:59.599] [modloading-worker-0/DEBUG] [mixin/]: Renaming synthetic method lambda$setCustomDecorationsDirty$0(Lnet/minecraft/world/level/saveddata/maps/MapItemSavedData$HoldingPlayer;)V to md2f2977$lambda$setCustomDecorationsDirty$0$4 in moonlight-common.mixins.json:MapDataMixin
[10May2026 20:20:59.600] [modloading-worker-0/DEBUG] [com.tterrag.registrate.AbstractRegistrate/REGISTRATE.REGISTER]: Captured registration for entry dunmer/desk_right of type minecraft:item
[10May2026 20:20:59.600] [modloading-worker-0/DEBUG] [com.tterrag.registrate.AbstractRegistrate/REGISTRATE.REGISTER]: Captured registration for entry dunmer/chair of type minecraft:item
[10May2026 20:20:59.600] [modloading-worker-0/DEBUG] [com.tterrag.registrate.AbstractRegistrate/REGISTRATE.REGISTER]: Captured registration for entry dunmer/bench of type minecraft:item
[10May2026 20:20:59.600] [modloading-worker-0/DEBUG] [com.tterrag.registrate.AbstractRegistrate/REGISTRATE.REGISTER]: Captured registration for entry dunmer/bookshelf of type minecraft:item
[10May2026 20:20:59.600] [modloading-worker-0/DEBUG] [com.tterrag.registrate.AbstractRegistrate/REGISTRATE.REGISTER]: Captured registration for entry dunmer/chest of type minecraft:item
[10May2026 20:20:59.600] [modloading-worker-0/DEBUG] [com.tterrag.registrate.AbstractRegistrate/REGISTRATE.REGISTER]: Captured registration for entry dunmer/dresser of type minecraft:item
[10May2026 20:20:59.600] [modloading-worker-0/DEBUG] [com.tterrag.registrate.AbstractRegistrate/REGISTRATE.REGISTER]: Captured registration for entry dunmer/wardrobe_bottom of type minecraft:item
[10May2026 20:20:59.601] [modloading-worker-0/DEBUG] [com.tterrag.registrate.AbstractRegistrate/REGISTRATE.REGISTER]: Captured registration for entry dunmer/wardrobe_top of type minecraft:item
[10May2026 20:20:59.716] [modloading-worker-0/DEBUG] [com.tterrag.registrate.AbstractRegistrate/REGISTRATE.REGISTER]: Captured registration for entry dunmer/bed_single of type minecraft:item
[10May2026 20:20:59.716] [modloading-worker-0/DEBUG] [com.tterrag.registrate.AbstractRegistrate/REGISTRATE.REGISTER]: Captured registration for entry dunmer/bed_double of type minecraft:item
[10May2026 20:20:59.717] [modloading-worker-0/DEBUG] [com.tterrag.registrate.AbstractRegistrate/REGISTRATE.REGISTER]: Captured registration for entry dunmer/chandelier of type minecraft:item
[10May2026 20:20:59.717] [modloading-worker-0/DEBUG] [com.tterrag.registrate.AbstractRegistrate/REGISTRATE.REGISTER]: Captured registration for entry dunmer/door_single of type minecraft:item
[10May2026 20:20:59.717] [modloading-worker-0/DEBUG] [com.tterrag.registrate.AbstractRegistrate/REGISTRATE.REGISTER]: Captured registration for entry dunmer/door_double of type minecraft:item
[10May2026 20:20:59.718] [modloading-worker-0/DEBUG] [com.tterrag.registrate.AbstractRegistrate/REGISTRATE.REGISTER]: Captured registration for entry dunmer/lockbox of type minecraft:item
[10May2026 20:20:59.718] [modloading-worker-0/DEBUG] [com.tterrag.registrate.AbstractRegistrate/REGISTRATE.REGISTER]: Captured registration for entry dunmer/counter of type minecraft:item
[10May2026 20:20:59.718] [modloading-worker-0/DEBUG] [com.tterrag.registrate.AbstractRegistrate/REGISTRATE.REGISTER]: Captured registration for entry dunmer/oven of type minecraft:item
[10May2026 20:20:59.720] [modloading-worker-0/DEBUG] [com.tterrag.registrate.AbstractRegistrate/REGISTRATE.REGISTER]: Captured registration for entry venthyr/wool of type minecraft:item
[10May2026 20:20:59.720] [modloading-worker-0/DEBUG] [com.tterrag.registrate.AbstractRegistrate/REGISTRATE.REGISTER]: Captured registration for entry venthyr/carpet of type minecraft:item
[10May2026 20:20:59.720] [modloading-worker-0/DEBUG] [com.tterrag.registrate.AbstractRegistrate/REGISTRATE.REGISTER]: Captured registration for entry venthyr/wall_light of type minecraft:item
[10May2026 20:20:59.721] [modloading-worker-0/DEBUG] [com.tterrag.registrate.AbstractRegistrate/REGISTRATE.REGISTER]: Captured registration for entry venthyr/floor_light of type minecraft:item
[10May2026 20:20:59.721] [modloading-worker-0/DEBUG] [com.tterrag.registrate.AbstractRegistrate/REGISTRATE.REGISTER]: Captured registration for entry venthyr/table_small of type minecraft:item
[10May2026 20:20:59.721] [modloading-worker-0/DEBUG] [com.tterrag.registrate.AbstractRegistrate/REGISTRATE.REGISTER]: Captured registration for entry venthyr/table_small_fancy of type minecraft:item
[10May2026 20:20:59.721] [modloading-worker-0/DEBUG] [com.tterrag.registrate.AbstractRegistrate/REGISTRATE.REGISTER]: Captured registration for entry venthyr/table_wide of type minecraft:item
[10May2026 20:20:59.721] [modloading-worker-0/DEBUG] [com.tterrag.registrate.AbstractRegistrate/REGISTRATE.REGISTER]: Captured registration for entry venthyr/table_wide_fancy of type minecraft:item
[10May2026 20:20:59.722] [modloading-worker-0/DEBUG] [com.tterrag.registrate.AbstractRegistrate/REGISTRATE.REGISTER]: Captured registration for entry venthyr/table_large of type minecraft:item
[10May2026 20:20:59.722] [modloading-worker-0/DEBUG] [com.tterrag.registrate.AbstractRegistrate/REGISTRATE.REGISTER]: Captured registration for entry venthyr/table_large_fancy of type minecraft:item
[10May2026 20:20:59.722] [modloading-worker-0/DEBUG] [com.tterrag.registrate.AbstractRegistrate/REGISTRATE.REGISTER]: Captured registration for entry venthyr/stool of type minecraft:item
[10May2026 20:20:59.723] [modloading-worker-0/DEBUG] [com.tterrag.registrate.AbstractRegistrate/REGISTRATE.REGISTER]: Captured registration for entry venthyr/cushion of type minecraft:item
[10May2026 20:20:59.723] [modloading-worker-0/DEBUG] [com.tterrag.registrate.AbstractRegistrate/REGISTRATE.REGISTER]: Captured registration for entry venthyr/painting_small of type minecraft:item
[10May2026 20:20:59.723] [modloading-worker-0/DEBUG] [com.tterrag.registrate.AbstractRegistrate/REGISTRATE.REGISTER]: Captured registration for entry venthyr/painting_wide of type minecraft:item
[10May2026 20:20:59.723] [modloading-worker-0/DEBUG] [com.tterrag.registrate.AbstractRegistrate/REGISTRATE.REGISTER]: Captured registration for entry venthyr/drawer of type minecraft:item
[10May2026 20:20:59.723] [modloading-worker-0/DEBUG] [com.tterrag.registrate.AbstractRegistrate/REGISTRATE.REGISTER]: Captured registration for entry venthyr/shelf of type minecraft:item
[10May2026 20:20:59.723] [modloading-worker-0/DEBUG] [com.tterrag.registrate.AbstractRegistrate/REGISTRATE.REGISTER]: Captured registration for entry venthyr/sofa of type minecraft:item
[10May2026 20:20:59.723] [modloading-worker-0/DEBUG] [com.tterrag.registrate.AbstractRegistrate/REGISTRATE.REGISTER]: Captured registration for entry venthyr/desk_left of type minecraft:item
[10May2026 20:20:59.723] [modloading-worker-0/DEBUG] [com.tterrag.registrate.AbstractRegistrate/REGISTRATE.REGISTER]: Captured registration for entry venthyr/desk_right of type minecraft:item
[10May2026 20:20:59.724] [modloading-worker-0/DEBUG] [com.tterrag.registrate.AbstractRegistrate/REGISTRATE.REGISTER]: Captured registration for entry venthyr/chair of type minecraft:item
[10May2026 20:20:59.724] [modloading-worker-0/DEBUG] [com.tterrag.registrate.AbstractRegistrate/REGISTRATE.REGISTER]: Captured registration for entry venthyr/bench of type minecraft:item
[10May2026 20:20:59.724] [modloading-worker-0/DEBUG] [com.tterrag.registrate.AbstractRegistrate/REGISTRATE.REGISTER]: Captured registration for entry venthyr/bookshelf of type minecraft:item
[10May2026 20:20:59.724] [modloading-worker-0/DEBUG] [com.tterrag.registrate.AbstractRegistrate/REGISTRATE.REGISTER]: Captured registration for entry venthyr/chest of type minecraft:item
[10May2026 20:20:59.724] [modloading-worker-0/DEBUG] [com.tterrag.registrate.AbstractRegistrate/REGISTRATE.REGISTER]: Captured registration for entry venthyr/dresser of type minecraft:item
[10May2026 20:20:59.724] [modloading-worker-0/DEBUG] [com.tterrag.registrate.AbstractRegistrate/REGISTRATE.REGISTER]: Captured registration for entry venthyr/wardrobe_bottom of type minecraft:item
[10May2026 20:20:59.724] [modloading-worker-0/DEBUG] [com.tterrag.registrate.AbstractRegistrate/REGISTRATE.REGISTER]: Captured registration for entry venthyr/wardrobe_top of type minecraft:item
[10May2026 20:20:59.724] [modloading-worker-0/DEBUG] [com.tterrag.registrate.AbstractRegistrate/REGISTRATE.REGISTER]: Captured registration for entry venthyr/bed_single of type minecraft:item
[10May2026 20:20:59.724] [modloading-worker-0/DEBUG] [com.tterrag.registrate.AbstractRegistrate/REGISTRATE.REGISTER]: Captured registration for entry venthyr/bed_double of type minecraft:item
[10May2026 20:20:59.724] [modloading-worker-0/DEBUG] [com.tterrag.registrate.AbstractRegistrate/REGISTRATE.REGISTER]: Captured registration for entry venthyr/chandelier of type minecraft:item
[10May2026 20:20:59.724] [modloading-worker-0/DEBUG] [com.tterrag.registrate.AbstractRegistrate/REGISTRATE.REGISTER]: Captured registration for entry venthyr/door_single of type minecraft:item
[10May2026 20:20:59.724] [modloading-worker-0/DEBUG] [com.tterrag.registrate.AbstractRegistrate/REGISTRATE.REGISTER]: Captured registration for entry venthyr/door_double of type minecraft:item
[10May2026 20:20:59.724] [modloading-worker-0/DEBUG] [com.tterrag.registrate.AbstractRegistrate/REGISTRATE.REGISTER]: Captured registration for entry venthyr/lockbox of type minecraft:item
[10May2026 20:20:59.724] [modloading-worker-0/DEBUG] [com.tterrag.registrate.AbstractRegistrate/REGISTRATE.REGISTER]: Captured registration for entry venthyr/counter of type minecraft:item
[10May2026 20:20:59.725] [modloading-worker-0/DEBUG] [com.tterrag.registrate.AbstractRegistrate/REGISTRATE.REGISTER]: Captured registration for entry venthyr/oven of type minecraft:item
[10May2026 20:20:59.725] [modloading-worker-0/DEBUG] [com.tterrag.registrate.AbstractRegistrate/REGISTRATE.REGISTER]: Captured registration for entry bone/skeleton/wool of type minecraft:item
[10May2026 20:20:59.725] [modloading-worker-0/DEBUG] [com.tterrag.registrate.AbstractRegistrate/REGISTRATE.REGISTER]: Captured registration for entry bone/skeleton/carpet of type minecraft:item
[10May2026 20:20:59.725] [modloading-worker-0/DEBUG] [com.tterrag.registrate.AbstractRegistrate/REGISTRATE.REGISTER]: Captured registration for entry bone/skeleton/wall_light of type minecraft:item
[10May2026 20:20:59.725] [modloading-worker-0/DEBUG] [com.tterrag.registrate.AbstractRegistrate/REGISTRATE.REGISTER]: Captured registration for entry bone/skeleton/floor_light of type minecraft:item
[10May2026 20:20:59.725] [modloading-worker-0/DEBUG] [com.tterrag.registrate.AbstractRegistrate/REGISTRATE.REGISTER]: Captured registration for entry bone/skeleton/table_small of type minecraft:item
[10May2026 20:20:59.725] [modloading-worker-0/DEBUG] [com.tterrag.registrate.AbstractRegistrate/REGISTRATE.REGISTER]: Captured registration for entry bone/skeleton/table_wide of type minecraft:item
[10May2026 20:20:59.725] [modloading-worker-0/DEBUG] [com.tterrag.registrate.AbstractRegistrate/REGISTRATE.REGISTER]: Captured registration for entry bone/skeleton/table_large of type minecraft:item
[10May2026 20:20:59.725] [modloading-worker-0/DEBUG] [com.tterrag.registrate.AbstractRegistrate/REGISTRATE.REGISTER]: Captured registration for entry bone/skeleton/stool of type minecraft:item
[10May2026 20:20:59.725] [modloading-worker-0/DEBUG] [com.tterrag.registrate.AbstractRegistrate/REGISTRATE.REGISTER]: Captured registration for entry bone/skeleton/skull of type minecraft:item
[10May2026 20:20:59.726] [modloading-worker-0/DEBUG] [com.tterrag.registrate.AbstractRegistrate/REGISTRATE.REGISTER]: Captured registration for entry bone/skeleton/painting_small of type minecraft:item
[10May2026 20:20:59.726] [modloading-worker-0/DEBUG] [com.tterrag.registrate.AbstractRegistrate/REGISTRATE.REGISTER]: Captured registration for entry bone/skeleton/painting_wide of type minecraft:item
[10May2026 20:20:59.726] [modloading-worker-0/DEBUG] [com.tterrag.registrate.AbstractRegistrate/REGISTRATE.REGISTER]: Captured registration for entry bone/skeleton/drawer of type minecraft:item
[10May2026 20:20:59.727] [modloading-worker-0/DEBUG] [com.tterrag.registrate.AbstractRegistrate/REGISTRATE.REGISTER]: Captured registration for entry bone/skeleton/shelf of type minecraft:item
[10May2026 20:20:59.727] [modloading-worker-0/DEBUG] [com.tterrag.registrate.AbstractRegistrate/REGISTRATE.REGISTER]: Captured registration for entry bone/skeleton/sofa of type minecraft:item
[10May2026 20:20:59.727] [modloading-worker-0/DEBUG] [com.tterrag.registrate.AbstractRegistrate/REGISTRATE.REGISTER]: Captured registration for entry bone/skeleton/desk_left of type minecraft:item
[10May2026 20:20:59.727] [modloading-worker-0/DEBUG] [com.tterrag.registrate.AbstractRegistrate/REGISTRATE.REGISTER]: Captured registration for entry bone/skeleton/desk_right of type minecraft:item
[10May2026 20:20:59.727] [modloading-worker-0/DEBUG] [com.tterrag.registrate.AbstractRegistrate/REGISTRATE.REGISTER]: Captured registration for entry bone/skeleton/chair of type minecraft:item
[10May2026 20:20:59.728] [modloading-worker-0/DEBUG] [com.tterrag.registrate.AbstractRegistrate/REGISTRATE.REGISTER]: Captured registration for entry bone/skeleton/bench of type minecraft:item
[10May2026 20:20:59.728] [modloading-worker-0/DEBUG] [com.tterrag.registrate.AbstractRegistrate/REGISTRATE.REGISTER]: Captured registration for entry bone/skeleton/bookshelf of type minecraft:item
[10May2026 20:20:59.728] [modloading-worker-0/DEBUG] [com.tterrag.registrate.AbstractRegistrate/REGISTRATE.REGISTER]: Captured registration for entry bone/skeleton/chest of type minecraft:item
[10May2026 20:20:59.728] [modloading-worker-0/DEBUG] [com.tterrag.registrate.AbstractRegistrate/REGISTRATE.REGISTER]: Captured registration for entry bone/skeleton/dresser of type minecraft:item
[10May2026 20:20:59.728] [modloading-worker-0/DEBUG] [com.tterrag.registrate.AbstractRegistrate/REGISTRATE.REGISTER]: Captured registration for entry bone/skeleton/wardrobe_bottom of type minecraft:item
[10May2026 20:20:59.729] [modloading-worker-0/DEBUG] [com.tterrag.registrate.AbstractRegistrate/REGISTRATE.REGISTER]: Captured registration for entry bone/skeleton/wardrobe_top of type minecraft:item
[10May2026 20:20:59.729] [modloading-worker-0/DEBUG] [com.tterrag.registrate.AbstractRegistrate/REGISTRATE.REGISTER]: Captured registration for entry bone/skeleton/bed_single of type minecraft:item
[10May2026 20:20:59.729] [modloading-worker-0/DEBUG] [com.tterrag.registrate.AbstractRegistrate/REGISTRATE.REGISTER]: Captured registration for entry bone/skeleton/bed_double of type minecraft:item
[10May2026 20:20:59.729] [modloading-worker-0/DEBUG] [com.tterrag.registrate.AbstractRegistrate/REGISTRATE.REGISTER]: Captured registration for entry bone/skeleton/chandelier of type minecraft:item
[10May2026 20:20:59.730] [modloading-worker-0/DEBUG] [com.tterrag.registrate.AbstractRegistrate/REGISTRATE.REGISTER]: Captured registration for entry bone/skeleton/door_single of type minecraft:item
[10May2026 20:20:59.730] [modloading-worker-0/DEBUG] [com.tterrag.registrate.AbstractRegistrate/REGISTRATE.REGISTER]: Captured registration for entry bone/skeleton/door_double of type minecraft:item
[10May2026 20:20:59.731] [modloading-worker-0/DEBUG] [com.tterrag.registrate.AbstractRegistrate/REGISTRATE.REGISTER]: Captured registration for entry bone/skeleton/lockbox of type minecraft:item
[10May2026 20:20:59.731] [modloading-worker-0/DEBUG] [com.tterrag.registrate.AbstractRegistrate/REGISTRATE.REGISTER]: Captured registration for entry bone/skeleton/counter of type minecraft:item
[10May2026 20:20:59.731] [modloading-worker-0/DEBUG] [com.tterrag.registrate.AbstractRegistrate/REGISTRATE.REGISTER]: Captured registration for entry bone/skeleton/oven of type minecraft:item
[10May2026 20:20:59.731] [modloading-worker-0/DEBUG] [com.tterrag.registrate.AbstractRegistrate/REGISTRATE.REGISTER]: Captured registration for entry bone/wither/wool of type minecraft:item
[10May2026 20:20:59.731] [modloading-worker-0/DEBUG] [com.tterrag.registrate.AbstractRegistrate/REGISTRATE.REGISTER]: Captured registration for entry bone/wither/carpet of type minecraft:item
[10May2026 20:20:59.732] [modloading-worker-0/DEBUG] [com.tterrag.registrate.AbstractRegistrate/REGISTRATE.REGISTER]: Captured registration for entry bone/wither/wall_light of type minecraft:item
[10May2026 20:20:59.732] [modloading-worker-0/DEBUG] [com.tterrag.registrate.AbstractRegistrate/REGISTRATE.REGISTER]: Captured registration for entry bone/wither/floor_light of type minecraft:item
[10May2026 20:20:59.732] [modloading-worker-0/DEBUG] [com.tterrag.registrate.AbstractRegistrate/REGISTRATE.REGISTER]: Captured registration for entry bone/wither/table_small of type minecraft:item
[10May2026 20:20:59.732] [modloading-worker-0/DEBUG] [com.tterrag.registrate.AbstractRegistrate/REGISTRATE.REGISTER]: Captured registration for entry bone/wither/table_wide of type minecraft:item
[10May2026 20:20:59.732] [modloading-worker-0/DEBUG] [com.tterrag.registrate.AbstractRegistrate/REGISTRATE.REGISTER]: Captured registration for entry bone/wither/table_large of type minecraft:item
[10May2026 20:20:59.732] [modloading-worker-0/DEBUG] [com.tterrag.registrate.AbstractRegistrate/REGISTRATE.REGISTER]: Captured registration for entry bone/wither/stool of type minecraft:item
[10May2026 20:20:59.732] [modloading-worker-0/DEBUG] [com.tterrag.registrate.AbstractRegistrate/REGISTRATE.REGISTER]: Captured registration for entry bone/wither/skull of type minecraft:item
[10May2026 20:20:59.732] [modloading-worker-0/DEBUG] [com.tterrag.registrate.AbstractRegistrate/REGISTRATE.REGISTER]: Captured registration for entry bone/wither/painting_small of type minecraft:item
[10May2026 20:20:59.732] [modloading-worker-0/DEBUG] [com.tterrag.registrate.AbstractRegistrate/REGISTRATE.REGISTER]: Captured registration for entry bone/wither/painting_wide of type minecraft:item
[10May2026 20:20:59.732] [modloading-worker-0/DEBUG] [com.tterrag.registrate.AbstractRegistrate/REGISTRATE.REGISTER]: Captured registration for entry bone/wither/drawer of type minecraft:item
[10May2026 20:20:59.732] [modloading-worker-0/DEBUG] [com.tterrag.registrate.AbstractRegistrate/REGISTRATE.REGISTER]: Captured registration for entry bone/wither/shelf of type minecraft:item
[10May2026 20:20:59.732] [modloading-worker-0/DEBUG] [com.tterrag.registrate.AbstractRegistrate/REGISTRATE.REGISTER]: Captured registration for entry bone/wither/sofa of type minecraft:item
[10May2026 20:20:59.733] [modloading-worker-0/DEBUG] [com.tterrag.registrate.AbstractRegistrate/REGISTRATE.REGISTER]: Captured registration for entry bone/wither/desk_left of type minecraft:item
[10May2026 20:20:59.733] [modloading-worker-0/DEBUG] [com.tterrag.registrate.AbstractRegistrate/REGISTRATE.REGISTER]: Captured registration for entry bone/wither/desk_right of type minecraft:item
[10May2026 20:20:59.734] [modloading-worker-0/DEBUG] [com.tterrag.registrate.AbstractRegistrate/REGISTRATE.REGISTER]: Captured registration for entry bone/wither/chair of type minecraft:item
[10May2026 20:20:59.735] [modloading-worker-0/DEBUG] [com.tterrag.registrate.AbstractRegistrate/REGISTRATE.REGISTER]: Captured registration for entry bone/wither/bench of type minecraft:item
[10May2026 20:20:59.735] [modloading-worker-0/DEBUG] [com.tterrag.registrate.AbstractRegistrate/REGISTRATE.REGISTER]: Captured registration for entry bone/wither/bookshelf of type minecraft:item
[10May2026 20:20:59.735] [modloading-worker-0/DEBUG] [com.tterrag.registrate.AbstractRegistrate/REGISTRATE.REGISTER]: Captured registration for entry bone/wither/chest of type minecraft:item
[10May2026 20:20:59.735] [modloading-worker-0/DEBUG] [com.tterrag.registrate.AbstractRegistrate/REGISTRATE.REGISTER]: Captured registration for entry bone/wither/dresser of type minecraft:item
[10May2026 20:20:59.735] [modloading-worker-0/DEBUG] [com.tterrag.registrate.AbstractRegistrate/REGISTRATE.REGISTER]: Captured registration for entry bone/wither/wardrobe_bottom of type minecraft:item
[10May2026 20:20:59.735] [modloading-worker-0/DEBUG] [com.tterrag.registrate.AbstractRegistrate/REGISTRATE.REGISTER]: Captured registration for entry bone/wither/wardrobe_top of type minecraft:item
[10May2026 20:20:59.736] [modloading-worker-0/DEBUG] [com.tterrag.registrate.AbstractRegistrate/REGISTRATE.REGISTER]: Captured registration for entry bone/wither/bed_single of type minecraft:item
[10May2026 20:20:59.736] [modloading-worker-0/DEBUG] [com.tterrag.registrate.AbstractRegistrate/REGISTRATE.REGISTER]: Captured registration for entry bone/wither/bed_double of type minecraft:item
[10May2026 20:20:59.736] [modloading-worker-0/DEBUG] [com.tterrag.registrate.AbstractRegistrate/REGISTRATE.REGISTER]: Captured registration for entry bone/wither/chandelier of type minecraft:item
[10May2026 20:20:59.736] [modloading-worker-0/DEBUG] [com.tterrag.registrate.AbstractRegistrate/REGISTRATE.REGISTER]: Captured registration for entry bone/wither/door_single of type minecraft:item
[10May2026 20:20:59.736] [modloading-worker-0/DEBUG] [com.tterrag.registrate.AbstractRegistrate/REGISTRATE.REGISTER]: Captured registration for entry bone/wither/door_double of type minecraft:item
[10May2026 20:20:59.736] [modloading-worker-0/DEBUG] [com.tterrag.registrate.AbstractRegistrate/REGISTRATE.REGISTER]: Captured registration for entry bone/wither/lockbox of type minecraft:item
[10May2026 20:20:59.737] [modloading-worker-0/DEBUG] [com.tterrag.registrate.AbstractRegistrate/REGISTRATE.REGISTER]: Captured registration for entry bone/wither/counter of type minecraft:item
[10May2026 20:20:59.737] [modloading-worker-0/DEBUG] [com.tterrag.registrate.AbstractRegistrate/REGISTRATE.REGISTER]: Captured registration for entry bone/wither/oven of type minecraft:item
[10May2026 20:20:59.737] [modloading-worker-0/DEBUG] [com.tterrag.registrate.AbstractRegistrate/REGISTRATE.REGISTER]: Captured registration for entry royal/wool of type minecraft:item
[10May2026 20:20:59.737] [modloading-worker-0/DEBUG] [com.tterrag.registrate.AbstractRegistrate/REGISTRATE.REGISTER]: Captured registration for entry royal/carpet of type minecraft:item
[10May2026 20:20:59.737] [modloading-worker-0/DEBUG] [com.tterrag.registrate.AbstractRegistrate/REGISTRATE.REGISTER]: Captured registration for entry royal/wall_light of type minecraft:item
[10May2026 20:20:59.737] [modloading-worker-0/DEBUG] [com.tterrag.registrate.AbstractRegistrate/REGISTRATE.REGISTER]: Captured registration for entry royal/floor_light of type minecraft:item
[10May2026 20:20:59.737] [modloading-worker-0/DEBUG] [com.tterrag.registrate.AbstractRegistrate/REGISTRATE.REGISTER]: Captured registration for entry royal/table_small of type minecraft:item
[10May2026 20:20:59.737] [modloading-worker-0/DEBUG] [com.tterrag.registrate.AbstractRegistrate/REGISTRATE.REGISTER]: Captured registration for entry royal/table_wide of type minecraft:item
[10May2026 20:20:59.738] [modloading-worker-0/DEBUG] [com.tterrag.registrate.AbstractRegistrate/REGISTRATE.REGISTER]: Captured registration for entry royal/table_large of type minecraft:item
[10May2026 20:20:59.738] [modloading-worker-0/DEBUG] [com.tterrag.registrate.AbstractRegistrate/REGISTRATE.REGISTER]: Captured registration for entry royal/stool of type minecraft:item
[10May2026 20:20:59.738] [modloading-worker-0/DEBUG] [com.tterrag.registrate.AbstractRegistrate/REGISTRATE.REGISTER]: Captured registration for entry royal/cushion of type minecraft:item
[10May2026 20:20:59.738] [modloading-worker-0/DEBUG] [com.tterrag.registrate.AbstractRegistrate/REGISTRATE.REGISTER]: Captured registration for entry royal/painting_small of type minecraft:item
[10May2026 20:20:59.738] [modloading-worker-0/DEBUG] [com.tterrag.registrate.AbstractRegistrate/REGISTRATE.REGISTER]: Captured registration for entry royal/painting_wide of type minecraft:item
[10May2026 20:20:59.738] [modloading-worker-0/DEBUG] [com.tterrag.registrate.AbstractRegistrate/REGISTRATE.REGISTER]: Captured registration for entry royal/drawer of type minecraft:item
[10May2026 20:20:59.739] [modloading-worker-0/DEBUG] [com.tterrag.registrate.AbstractRegistrate/REGISTRATE.REGISTER]: Captured registration for entry royal/shelf of type minecraft:item
[10May2026 20:20:59.739] [modloading-worker-0/DEBUG] [com.tterrag.registrate.AbstractRegistrate/REGISTRATE.REGISTER]: Captured registration for entry royal/sofa of type minecraft:item
[10May2026 20:20:59.740] [modloading-worker-0/DEBUG] [com.tterrag.registrate.AbstractRegistrate/REGISTRATE.REGISTER]: Captured registration for entry royal/desk_left of type minecraft:item
[10May2026 20:20:59.740] [modloading-worker-0/DEBUG] [com.tterrag.registrate.AbstractRegistrate/REGISTRATE.REGISTER]: Captured registration for entry royal/desk_right of type minecraft:item
[10May2026 20:20:59.741] [modloading-worker-0/DEBUG] [com.tterrag.registrate.AbstractRegistrate/REGISTRATE.REGISTER]: Captured registration for entry royal/chair of type minecraft:item
[10May2026 20:20:59.741] [modloading-worker-0/DEBUG] [com.tterrag.registrate.AbstractRegistrate/REGISTRATE.REGISTER]: Captured registration for entry royal/bench of type minecraft:item
[10May2026 20:20:59.742] [modloading-worker-0/DEBUG] [com.tterrag.registrate.AbstractRegistrate/REGISTRATE.REGISTER]: Captured registration for entry royal/bookshelf of type minecraft:item
[10May2026 20:20:59.742] [modloading-worker-0/DEBUG] [com.tterrag.registrate.AbstractRegistrate/REGISTRATE.REGISTER]: Captured registration for entry royal/chest of type minecraft:item
[10May2026 20:20:59.742] [modloading-worker-0/DEBUG] [com.tterrag.registrate.AbstractRegistrate/REGISTRATE.REGISTER]: Captured registration for entry royal/dresser of type minecraft:item
[10May2026 20:20:59.742] [modloading-worker-0/DEBUG] [com.tterrag.registrate.AbstractRegistrate/REGISTRATE.REGISTER]: Captured registration for entry royal/wardrobe_bottom of type minecraft:item
[10May2026 20:20:59.742] [modloading-worker-0/DEBUG] [com.tterrag.registrate.AbstractRegistrate/REGISTRATE.REGISTER]: Captured registration for entry royal/wardrobe_top of type minecraft:item
[10May2026 20:20:59.743] [modloading-worker-0/DEBUG] [com.tterrag.registrate.AbstractRegistrate/REGISTRATE.REGISTER]: Captured registration for entry royal/bed_single of type minecraft:item
[10May2026 20:20:59.743] [modloading-worker-0/DEBUG] [com.tterrag.registrate.AbstractRegistrate/REGISTRATE.REGISTER]: Captured registration for entry royal/bed_double of type minecraft:item
[10May2026 20:20:59.743] [modloading-worker-0/DEBUG] [com.tterrag.registrate.AbstractRegistrate/REGISTRATE.REGISTER]: Captured registration for entry royal/chandelier of type minecraft:item
[10May2026 20:20:59.743] [modloading-worker-0/DEBUG] [com.tterrag.registrate.AbstractRegistrate/REGISTRATE.REGISTER]: Captured registration for entry royal/door_single of type minecraft:item
[10May2026 20:20:59.743] [modloading-worker-0/DEBUG] [com.tterrag.registrate.AbstractRegistrate/REGISTRATE.REGISTER]: Captured registration for entry royal/door_double of type minecraft:item
[10May2026 20:20:59.743] [modloading-worker-0/DEBUG] [com.tterrag.registrate.AbstractRegistrate/REGISTRATE.REGISTER]: Captured registration for entry royal/lockbox of type minecraft:item
[10May2026 20:20:59.744] [modloading-worker-0/DEBUG] [com.tterrag.registrate.AbstractRegistrate/REGISTRATE.REGISTER]: Captured registration for entry royal/counter of type minecraft:item
[10May2026 20:20:59.744] [modloading-worker-0/DEBUG] [com.tterrag.registrate.AbstractRegistrate/REGISTRATE.REGISTER]: Captured registration for entry royal/oven of type minecraft:item
[10May2026 20:20:59.745] [modloading-worker-0/DEBUG] [com.tterrag.registrate.AbstractRegistrate/REGISTRATE.REGISTER]: Captured registration for entry necrolord/wool of type minecraft:item
[10May2026 20:20:59.745] [modloading-worker-0/DEBUG] [com.tterrag.registrate.AbstractRegistrate/REGISTRATE.REGISTER]: Captured registration for entry necrolord/carpet of type minecraft:item
[10May2026 20:20:59.746] [modloading-worker-0/DEBUG] [com.tterrag.registrate.AbstractRegistrate/REGISTRATE.REGISTER]: Captured registration for entry necrolord/wall_light of type minecraft:item
[10May2026 20:20:59.746] [modloading-worker-0/DEBUG] [com.tterrag.registrate.AbstractRegistrate/REGISTRATE.REGISTER]: Captured registration for entry necrolord/floor_light of type minecraft:item
[10May2026 20:20:59.746] [modloading-worker-0/DEBUG] [com.tterrag.registrate.AbstractRegistrate/REGISTRATE.REGISTER]: Captured registration for entry necrolord/table_small of type minecraft:item
[10May2026 20:20:59.746] [modloading-worker-0/DEBUG] [com.tterrag.registrate.AbstractRegistrate/REGISTRATE.REGISTER]: Captured registration for entry necrolord/table_wide of type minecraft:item
[10May2026 20:20:59.746] [modloading-worker-0/DEBUG] [com.tterrag.registrate.AbstractRegistrate/REGISTRATE.REGISTER]: Captured registration for entry necrolord/table_large of type minecraft:item
[10May2026 20:20:59.746] [modloading-worker-0/DEBUG] [com.tterrag.registrate.AbstractRegistrate/REGISTRATE.REGISTER]: Captured registration for entry necrolord/stool of type minecraft:item
[10May2026 20:20:59.746] [modloading-worker-0/DEBUG] [com.tterrag.registrate.AbstractRegistrate/REGISTRATE.REGISTER]: Captured registration for entry necrolord/cushion of type minecraft:item
[10May2026 20:20:59.746] [modloading-worker-0/DEBUG] [com.tterrag.registrate.AbstractRegistrate/REGISTRATE.REGISTER]: Captured registration for entry necrolord/painting_small of type minecraft:item
[10May2026 20:20:59.747] [modloading-worker-0/DEBUG] [com.tterrag.registrate.AbstractRegistrate/REGISTRATE.REGISTER]: Captured registration for entry necrolord/painting_wide of type minecraft:item
[10May2026 20:20:59.747] [modloading-worker-0/DEBUG] [com.tterrag.registrate.AbstractRegistrate/REGISTRATE.REGISTER]: Captured registration for entry necrolord/drawer of type minecraft:item
[10May2026 20:20:59.747] [modloading-worker-0/DEBUG] [com.tterrag.registrate.AbstractRegistrate/REGISTRATE.REGISTER]: Captured registration for entry necrolord/shelf of type minecraft:item
[10May2026 20:20:59.747] [modloading-worker-0/DEBUG] [com.tterrag.registrate.AbstractRegistrate/REGISTRATE.REGISTER]: Captured registration for entry necrolord/sofa of type minecraft:item
[10May2026 20:20:59.747] [modloading-worker-0/DEBUG] [com.tterrag.registrate.AbstractRegistrate/REGISTRATE.REGISTER]: Captured registration for entry necrolord/desk_left of type minecraft:item
[10May2026 20:20:59.747] [modloading-worker-0/DEBUG] [com.tterrag.registrate.AbstractRegistrate/REGISTRATE.REGISTER]: Captured registration for entry necrolord/desk_right of type minecraft:item
[10May2026 20:20:59.747] [modloading-worker-0/DEBUG] [com.tterrag.registrate.AbstractRegistrate/REGISTRATE.REGISTER]: Captured registration for entry necrolord/chair of type minecraft:item
[10May2026 20:20:59.747] [modloading-worker-0/DEBUG] [com.tterrag.registrate.AbstractRegistrate/REGISTRATE.REGISTER]: Captured registration for entry necrolord/bench of type minecraft:item
[10May2026 20:20:59.747] [modloading-worker-0/DEBUG] [com.tterrag.registrate.AbstractRegistrate/REGISTRATE.REGISTER]: Captured registration for entry necrolord/bookshelf of type minecraft:item
[10May2026 20:20:59.748] [modloading-worker-0/DEBUG] [com.tterrag.registrate.AbstractRegistrate/REGISTRATE.REGISTER]: Captured registration for entry necrolord/chest of type minecraft:item
[10May2026 20:20:59.748] [modloading-worker-0/DEBUG] [com.tterrag.registrate.AbstractRegistrate/REGISTRATE.REGISTER]: Captured registration for entry necrolord/dresser of type minecraft:item
[10May2026 20:20:59.748] [modloading-worker-0/DEBUG] [com.tterrag.registrate.AbstractRegistrate/REGISTRATE.REGISTER]: Captured registration for entry necrolord/wardrobe_bottom of type minecraft:item
[10May2026 20:20:59.748] [modloading-worker-0/DEBUG] [com.tterrag.registrate.AbstractRegistrate/REGISTRATE.REGISTER]: Captured registration for entry necrolord/wardrobe_top of type minecraft:item
[10May2026 20:20:59.748] [modloading-worker-0/DEBUG] [com.tterrag.registrate.AbstractRegistrate/REGISTRATE.REGISTER]: Captured registration for entry necrolord/bed_single of type minecraft:item
[10May2026 20:20:59.748] [modloading-worker-0/DEBUG] [com.tterrag.registrate.AbstractRegistrate/REGISTRATE.REGISTER]: Captured registration for entry necrolord/bed_double of type minecraft:item
[10May2026 20:20:59.748] [modloading-worker-0/DEBUG] [com.tterrag.registrate.AbstractRegistrate/REGISTRATE.REGISTER]: Captured registration for entry necrolord/chandelier of type minecraft:item
[10May2026 20:20:59.748] [modloading-worker-0/DEBUG] [com.tterrag.registrate.AbstractRegistrate/REGISTRATE.REGISTER]: Captured registration for entry necrolord/door_single of type minecraft:item
[10May2026 20:20:59.748] [modloading-worker-0/DEBUG] [com.tterrag.registrate.AbstractRegistrate/REGISTRATE.REGISTER]: Captured registration for entry necrolord/door_double of type minecraft:item
[10May2026 20:20:59.748] [modloading-worker-0/DEBUG] [com.tterrag.registrate.AbstractRegistrate/REGISTRATE.REGISTER]: Captured registration for entry necrolord/lockbox of type minecraft:item
[10May2026 20:20:59.748] [modloading-worker-0/DEBUG] [com.tterrag.registrate.AbstractRegistrate/REGISTRATE.REGISTER]: Captured registration for entry necrolord/counter of type minecraft:item
[10May2026 20:20:59.749] [modloading-worker-0/DEBUG] [com.tterrag.registrate.AbstractRegistrate/REGISTRATE.REGISTER]: Captured registration for entry necrolord/oven of type minecraft:item
[10May2026 20:20:59.751] [modloading-worker-0/DEBUG] [com.tterrag.registrate.AbstractRegistrate/REGISTRATE.REGISTER]: Captured registration for entry bookshelf of type minecraft:block_entity_type
[10May2026 20:20:59.751] [modloading-worker-0/DEBUG] [com.tterrag.registrate.AbstractRegistrate/REGISTRATE.REGISTER]: Captured registration for entry chest of type minecraft:block_entity_type
[10May2026 20:20:59.751] [modloading-worker-0/DEBUG] [com.tterrag.registrate.AbstractRegistrate/REGISTRATE.REGISTER]: Captured registration for entry desk of type minecraft:block_entity_type
[10May2026 20:20:59.752] [modloading-worker-0/DEBUG] [com.tterrag.registrate.AbstractRegistrate/REGISTRATE.REGISTER]: Captured registration for entry drawer of type minecraft:block_entity_type
[10May2026 20:20:59.752] [modloading-worker-0/DEBUG] [com.tterrag.registrate.AbstractRegistrate/REGISTRATE.REGISTER]: Captured registration for entry dresser of type minecraft:block_entity_type
[10May2026 20:20:59.754] [modloading-worker-0/DEBUG] [io.netty.util.internal.InternalThreadLocalMap/]: -Dio.netty.threadLocalMap.stringBuilder.initialSize: 1024
[10May2026 20:20:59.754] [modloading-worker-0/DEBUG] [io.netty.util.internal.InternalThreadLocalMap/]: -Dio.netty.threadLocalMap.stringBuilder.maxSize: 4096
[10May2026 20:20:59.754] [modloading-worker-0/DEBUG] [io.netty.util.internal.ThreadLocalRandom/]: -Dio.netty.initialSeedUniquifier: 0x6970b3406ea3827e
[10May2026 20:20:59.760] [modloading-worker-0/DEBUG] [com.tterrag.registrate.AbstractRegistrate/REGISTRATE.REGISTER]: Captured registration for entry lockbox of type minecraft:block_entity_type
[10May2026 20:20:59.761] [modloading-worker-0/DEBUG] [com.tterrag.registrate.AbstractRegistrate/REGISTRATE.REGISTER]: Captured registration for entry wardrobe of type minecraft:block_entity_type
[10May2026 20:20:59.762] [modloading-worker-0/DEBUG] [com.tterrag.registrate.AbstractRegistrate/REGISTRATE.REGISTER]: Captured registration for entry counter of type minecraft:block_entity_type
[10May2026 20:20:59.763] [modloading-worker-0/DEBUG] [com.tterrag.registrate.AbstractRegistrate/REGISTRATE.REGISTER]: Captured registration for entry oven of type minecraft:block_entity_type
[10May2026 20:20:59.763] [modloading-worker-0/DEBUG] [com.tterrag.registrate.AbstractRegistrate/REGISTRATE.REGISTER]: Captured registration for entry cookie_jar of type minecraft:block_entity_type
[10May2026 20:20:59.764] [modloading-worker-0/DEBUG] [com.tterrag.registrate.AbstractRegistrate/REGISTRATE.REGISTER]: Captured registration for entry decorations/widow_bloom of type minecraft:block_entity_type
[10May2026 20:20:59.764] [modloading-worker-0/DEBUG] [com.tterrag.registrate.AbstractRegistrate/REGISTRATE.REGISTER]: Captured registration for entry decorations/bone_skull_blossoms of type minecraft:block_entity_type
[10May2026 20:20:59.765] [modloading-worker-0/DEBUG] [com.tterrag.registrate.AbstractRegistrate/REGISTRATE.REGISTER]: Captured registration for entry stocking of type minecraft:block_entity_type
[10May2026 20:20:59.766] [modloading-worker-0/DEBUG] [com.tterrag.registrate.AbstractRegistrate/REGISTRATE.REGISTER]: Captured registration for entry small_soul_fire_flame of type minecraft:particle_type
[10May2026 20:20:59.766] [modloading-worker-0/DEBUG] [com.tterrag.registrate.AbstractRegistrate/REGISTRATE.REGISTER]: Captured registration for entry necrolord_flame of type minecraft:particle_type
[10May2026 20:20:59.766] [modloading-worker-0/DEBUG] [com.tterrag.registrate.AbstractRegistrate/REGISTRATE.REGISTER]: Captured registration for entry small_necrolord_flame of type minecraft:particle_type
[10May2026 20:20:59.770] [modloading-worker-0/DEBUG] [com.tterrag.registrate.AbstractRegistrate/REGISTRATE.REGISTER]: Captured registration for entry large_inventory_menu of type minecraft:menu
[10May2026 20:20:59.771] [modloading-worker-0/DEBUG] [com.tterrag.registrate.AbstractRegistrate/REGISTRATE.REGISTER]: Captured registration for entry medium_inventory_menu of type minecraft:menu
[10May2026 20:20:59.772] [modloading-worker-0/DEBUG] [com.tterrag.registrate.AbstractRegistrate/REGISTRATE.REGISTER]: Captured registration for entry small_inventory_menu of type minecraft:menu
[10May2026 20:20:59.773] [modloading-worker-0/DEBUG] [net.minecraftforge.fml.javafmlmod.AutomaticEventSubscriber/LOADING]: Attempting to inject @EventBusSubscriber classes into the eventbus for framedblocks
[10May2026 20:20:59.774] [modloading-worker-0/DEBUG] [net.minecraftforge.fml.javafmlmod.AutomaticEventSubscriber/LOADING]: Auto-subscribing xfacthd.framedblocks.common.datagen.GeneratorHandler to MOD
[10May2026 20:20:59.774] [modloading-worker-0/DEBUG] [com.tterrag.registrate.AbstractRegistrate/REGISTRATE.REGISTER]: Captured registration for entry bookshelf of type minecraft:menu
[10May2026 20:20:59.776] [modloading-worker-0/DEBUG] [com.tterrag.registrate.AbstractRegistrate/REGISTRATE.REGISTER]: Captured registration for entry oven of type minecraft:menu
[10May2026 20:20:59.776] [modloading-worker-0/DEBUG] [net.minecraftforge.fml.javafmlmod.AutomaticEventSubscriber/LOADING]: Auto-subscribing xfacthd.framedblocks.client.FBClient to MOD
[10May2026 20:20:59.777] [modloading-worker-0/DEBUG] [com.tterrag.registrate.AbstractRegistrate/REGISTRATE.REGISTER]: Captured registration for entry cookie_jar of type minecraft:menu
[10May2026 20:20:59.779] [modloading-worker-0/DEBUG] [com.tterrag.registrate.AbstractRegistrate/REGISTRATE.REGISTER]: Captured registration for entry furniture_station of type minecraft:menu
[10May2026 20:20:59.780] [modloading-worker-0/DEBUG] [com.tterrag.registrate.AbstractRegistrate/REGISTRATE.REGISTER]: Captured registration for entry stocking of type minecraft:menu
[10May2026 20:20:59.780] [modloading-worker-0/DEBUG] [com.tterrag.registrate.AbstractRegistrate/REGISTRATE.REGISTER]: Captured registration for entry dyeable of type minecraft:recipe_serializer
[10May2026 20:20:59.780] [modloading-worker-0/DEBUG] [com.tterrag.registrate.AbstractRegistrate/REGISTRATE.REGISTER]: Captured registration for entry dyeable of type minecraft:recipe_type
[10May2026 20:20:59.780] [modloading-worker-0/DEBUG] [net.minecraftforge.fml.javafmlmod.AutomaticEventSubscriber/LOADING]: Attempting to inject @EventBusSubscriber classes into the eventbus for fantasyfurniture
[10May2026 20:20:59.781] [modloading-worker-0/DEBUG] [net.minecraftforge.fml.javafmlmod.AutomaticEventSubscriber/LOADING]: Auto-subscribing xyz.apex.forge.fantasyfurniture.events.CommonModEvents to MOD
[10May2026 20:20:59.783] [modloading-worker-0/DEBUG] [net.minecraftforge.fml.javafmlmod.AutomaticEventSubscriber/LOADING]: Auto-subscribing xyz.apex.forge.fantasyfurniture.events.CommonForgeEvents to FORGE
[10May2026 20:20:59.790] [modloading-worker-0/DEBUG] [net.minecraftforge.fml.javafmlmod.AutomaticEventSubscriber/LOADING]: Auto-subscribing xyz.apex.forge.fantasyfurniture.events.ClientModEvents to MOD
[10May2026 20:20:59.791] [modloading-worker-0/DEBUG] [net.minecraftforge.fml.javafmlmod.AutomaticEventSubscriber/LOADING]: Auto-subscribing xyz.apex.forge.fantasyfurniture.events.ClientForgeEvents to FORGE
[10May2026 20:20:59.817] [modloading-worker-0/DEBUG] [mixin/]: Mixing accessor.BrainAccessor from moonlight-common.mixins.json into net.minecraft.world.entity.ai.Brain
[10May2026 20:20:59.827] [modloading-worker-0/DEBUG] [mixin/]: Mixing SelfCustomModelLoaderMixin from moonlight.mixins.json into net.mehvahdjukaar.moonlight.api.client.model.CustomModelLoader
[10May2026 20:20:59.832] [modloading-worker-0/DEBUG] [mixin/]: Mixing GameRendererMixin from moonlight-common.mixins.json into net.minecraft.client.renderer.GameRenderer
[10May2026 20:20:59.833] [modloading-worker-0/DEBUG] [mixin/]: Mixing GameRendererMixin from supplementaries-common.mixins.json into net.minecraft.client.renderer.GameRenderer
[10May2026 20:20:59.867] [modloading-worker-0/DEBUG] [net.minecraftforge.fml.javafmlmod.AutomaticEventSubscriber/LOADING]: Attempting to inject @EventBusSubscriber classes into the eventbus for supplementaries
[10May2026 20:20:59.867] [modloading-worker-0/DEBUG] [net.minecraftforge.fml.javafmlmod.AutomaticEventSubscriber/LOADING]: Auto-subscribing net.mehvahdjukaar.supplementaries.forge.SupplementariesForgeClient to MOD
[10May2026 20:20:59.872] [modloading-worker-0/DEBUG] [net.minecraftforge.fml.javafmlmod.AutomaticEventSubscriber/LOADING]: Auto-subscribing net.mehvahdjukaar.supplementaries.forge.RemapHandler to FORGE
[10May2026 20:20:59.874] [modloading-worker-0/DEBUG] [net.minecraftforge.fml.javafmlmod.AutomaticEventSubscriber/LOADING]: Auto-subscribing net.mehvahdjukaar.supplementaries.client.renderers.forge.PicklePlayer to FORGE
[10May2026 20:20:59.876] [modloading-worker-0/DEBUG] [mixin/]: Mixing client.LivingRendererMixin from fantasyfurniture.mixins.json into net.minecraft.client.renderer.entity.LivingEntityRenderer
[10May2026 20:20:59.907] [Render thread/DEBUG] [net.minecraftforge.registries.ObjectHolderRegistry/REGISTRIES]: Processing ObjectHolder annotations
[10May2026 20:20:59.923] [Render thread/DEBUG] [net.minecraftforge.registries.ObjectHolderRegistry/REGISTRIES]: Found 9106 ObjectHolder annotations
[10May2026 20:20:59.928] [Render thread/DEBUG] [net.minecraftforge.common.capabilities.CapabilityManager/CAPABILITIES]: Attempting to automatically register: Lnet/minecraftforge/energy/IEnergyStorage;
[10May2026 20:20:59.929] [Render thread/DEBUG] [net.minecraftforge.common.capabilities.CapabilityManager/CAPABILITIES]: Attempting to automatically register: Lnet/minecraftforge/fluids/capability/IFluidHandler;
[10May2026 20:20:59.929] [Render thread/DEBUG] [net.minecraftforge.common.capabilities.CapabilityManager/CAPABILITIES]: Attempting to automatically register: Lnet/minecraftforge/fluids/capability/IFluidHandlerItem;
[10May2026 20:20:59.929] [Render thread/DEBUG] [net.minecraftforge.common.capabilities.CapabilityManager/CAPABILITIES]: Attempting to automatically register: Lnet/minecraftforge/items/IItemHandler;
[10May2026 20:20:59.932] [Render thread/DEBUG] [net.minecraftforge.registries.GameData/REGISTRIES]: Unfreezing vanilla registries
[10May2026 20:20:59.934] [Render thread/DEBUG] [net.minecraftforge.registries.GameData/REGISTRIES]: Applying holder lookups: minecraft:sound_event
[10May2026 20:20:59.938] [Render thread/DEBUG] [net.minecraftforge.registries.GameData/REGISTRIES]: Holder lookups applied: minecraft:sound_event
[10May2026 20:20:59.939] [Render thread/DEBUG] [mixin/]: Mixing SelfModFlowingFluidMixin from moonlight.mixins.json into net.mehvahdjukaar.moonlight.api.fluids.ModFlowingFluid
[10May2026 20:20:59.940] [Render thread/DEBUG] [mixin/]: Renaming synthetic method lambda$afterInit$0(Lnet/mehvahdjukaar/moonlight/api/client/forge/ModFluidType;)Lnet/minecraftforge/fluids/FluidType; to md2f2977$lambda$afterInit$0$0 in moonlight.mixins.json:SelfModFlowingFluidMixin
[10May2026 20:20:59.942] [Render thread/DEBUG] [net.minecraftforge.registries.GameData/REGISTRIES]: Applying holder lookups: minecraft:fluid
[10May2026 20:20:59.944] [Render thread/DEBUG] [net.minecraftforge.registries.GameData/REGISTRIES]: Holder lookups applied: minecraft:fluid
[10May2026 20:21:01.704] [Render thread/DEBUG] [mixin/]: Generating mapped inner class net/mehvahdjukaar/supplementaries/common/fluids/FlammableLiquidBlock$Anonymous$94a3dc1abbae4e639a8966e312534dfe (originally net/mehvahdjukaar/supplementaries/mixins/forge/self/SelfFlammableFluidBlockMixin$1)
[10May2026 20:21:01.890] [Render thread/DEBUG] [mixin/]: Mixing self.SelfSpeakerBlockTileMixin from supplementaries.mixins.json into net.mehvahdjukaar.supplementaries.common.block.tiles.SpeakerBlockTile
[10May2026 20:21:01.954] [Render thread/DEBUG] [mixin/]: Mixing ExplosionMixin from supplementaries-common.mixins.json into net.minecraft.world.level.Explosion
[10May2026 20:21:01.981] [Render thread/DEBUG] [com.tterrag.registrate.AbstractRegistrate/REGISTRATE.REGISTER]: Registering 294 known objects of type minecraft:block
[10May2026 20:21:01.984] [Render thread/DEBUG] [com.tterrag.registrate.AbstractRegistrate/REGISTRATE.REGISTER]: Registered fantasyfurniture:decorations/berry_basket_empty to registry ResourceKey[minecraft:root / minecraft:block]
[10May2026 20:21:01.984] [Render thread/DEBUG] [com.tterrag.registrate.AbstractRegistrate/REGISTRATE.REGISTER]: Registered fantasyfurniture:decorations/berry_basket_sweetberry to registry ResourceKey[minecraft:root / minecraft:block]
[10May2026 20:21:01.984] [Render thread/DEBUG] [com.tterrag.registrate.AbstractRegistrate/REGISTRATE.REGISTER]: Registered fantasyfurniture:decorations/berry_basket_blueberry to registry ResourceKey[minecraft:root / minecraft:block]
[10May2026 20:21:01.984] [Render thread/DEBUG] [com.tterrag.registrate.AbstractRegistrate/REGISTRATE.REGISTER]: Registered fantasyfurniture:decorations/berry_basket_strawberry to registry ResourceKey[minecraft:root / minecraft:block]
[10May2026 20:21:01.985] [Render thread/DEBUG] [com.tterrag.registrate.AbstractRegistrate/REGISTRATE.REGISTER]: Registered fantasyfurniture:decorations/bolts_of_cloth to registry ResourceKey[minecraft:root / minecraft:block]
[10May2026 20:21:01.985] [Render thread/DEBUG] [com.tterrag.registrate.AbstractRegistrate/REGISTRATE.REGISTER]: Registered fantasyfurniture:decorations/book_stack to registry ResourceKey[minecraft:root / minecraft:block]
[10May2026 20:21:01.985] [Render thread/DEBUG] [com.tterrag.registrate.AbstractRegistrate/REGISTRATE.REGISTER]: Registered fantasyfurniture:decorations/bowl_empty to registry ResourceKey[minecraft:root / minecraft:block]
[10May2026 20:21:01.985] [Render thread/DEBUG] [com.tterrag.registrate.AbstractRegistrate/REGISTRATE.REGISTER]: Registered fantasyfurniture:decorations/bowl_beetroot_soup to registry ResourceKey[minecraft:root / minecraft:block]
[10May2026 20:21:01.985] [Render thread/DEBUG] [com.tterrag.registrate.AbstractRegistrate/REGISTRATE.REGISTER]: Registered fantasyfurniture:decorations/bowl_mushroom_stew to registry ResourceKey[minecraft:root / minecraft:block]
[10May2026 20:21:01.985] [Render thread/DEBUG] [com.tterrag.registrate.AbstractRegistrate/REGISTRATE.REGISTER]: Registered fantasyfurniture:decorations/tankards_empty to registry ResourceKey[minecraft:root / minecraft:block]
[10May2026 20:21:01.986] [Render thread/DEBUG] [com.tterrag.registrate.AbstractRegistrate/REGISTRATE.REGISTER]: Registered fantasyfurniture:decorations/tankards_honeymead to registry ResourceKey[minecraft:root / minecraft:block]
[10May2026 20:21:01.986] [Render thread/DEBUG] [com.tterrag.registrate.AbstractRegistrate/REGISTRATE.REGISTER]: Registered fantasyfurniture:decorations/tankards_milk to registry ResourceKey[minecraft:root / minecraft:block]
[10May2026 20:21:01.986] [Render thread/DEBUG] [com.tterrag.registrate.AbstractRegistrate/REGISTRATE.REGISTER]: Registered fantasyfurniture:decorations/tankards_sweetberry to registry ResourceKey[minecraft:root / minecraft:block]
[10May2026 20:21:01.989] [Render thread/DEBUG] [com.tterrag.registrate.AbstractRegistrate/REGISTRATE.REGISTER]: Registered fantasyfurniture:decorations/mushrooms_red to registry ResourceKey[minecraft:root / minecraft:block]
[10May2026 20:21:01.989] [Render thread/DEBUG] [com.tterrag.registrate.AbstractRegistrate/REGISTRATE.REGISTER]: Registered fantasyfurniture:decorations/coin_stack_gold to registry ResourceKey[minecraft:root / minecraft:block]
[10May2026 20:21:01.990] [Render thread/DEBUG] [com.tterrag.registrate.AbstractRegistrate/REGISTRATE.REGISTER]: Registered fantasyfurniture:decorations/coin_stack_iron to registry ResourceKey[minecraft:root / minecraft:block]
[10May2026 20:21:01.990] [Render thread/DEBUG] [com.tterrag.registrate.AbstractRegistrate/REGISTRATE.REGISTER]: Registered fantasyfurniture:decorations/muffins_blueberry to registry ResourceKey[minecraft:root / minecraft:block]
[10May2026 20:21:01.990] [Render thread/DEBUG] [com.tterrag.registrate.AbstractRegistrate/REGISTRATE.REGISTER]: Registered fantasyfurniture:decorations/muffins_chocolate to registry ResourceKey[minecraft:root / minecraft:block]
[10May2026 20:21:01.990] [Render thread/DEBUG] [com.tterrag.registrate.AbstractRegistrate/REGISTRATE.REGISTER]: Registered fantasyfurniture:decorations/muffins_sweetberry to registry ResourceKey[minecraft:root / minecraft:block]
[10May2026 20:21:01.991] [Render thread/DEBUG] [com.tterrag.registrate.AbstractRegistrate/REGISTRATE.REGISTER]: Registered fantasyfurniture:decorations/paper_stack to registry ResourceKey[minecraft:root / minecraft:block]
[10May2026 20:21:01.991] [Render thread/DEBUG] [com.tterrag.registrate.AbstractRegistrate/REGISTRATE.REGISTER]: Registered fantasyfurniture:decorations/cookie_jar to registry ResourceKey[minecraft:root / minecraft:block]
[10May2026 20:21:01.994] [Render thread/DEBUG] [com.tterrag.registrate.AbstractRegistrate/REGISTRATE.REGISTER]: Registered fantasyfurniture:decorations/brewing_cauldron to registry ResourceKey[minecraft:root / minecraft:block]
[10May2026 20:21:01.999] [Render thread/DEBUG] [com.tterrag.registrate.AbstractRegistrate/REGISTRATE.REGISTER]: Registered fantasyfurniture:decorations/floating_tomes to registry ResourceKey[minecraft:root / minecraft:block]
[10May2026 20:21:01.999] [Render thread/DEBUG] [com.tterrag.registrate.AbstractRegistrate/REGISTRATE.REGISTER]: Registered fantasyfurniture:decorations/gravestone to registry ResourceKey[minecraft:root / minecraft:block]
[10May2026 20:21:01.999] [Render thread/DEBUG] [com.tterrag.registrate.AbstractRegistrate/REGISTRATE.REGISTER]: Registered fantasyfurniture:decorations/hanging_herbs to registry ResourceKey[minecraft:root / minecraft:block]
[10May2026 20:21:01.999] [Render thread/DEBUG] [com.tterrag.registrate.AbstractRegistrate/REGISTRATE.REGISTER]: Registered fantasyfurniture:decorations/spider_web_small to registry ResourceKey[minecraft:root / minecraft:block]
[10May2026 20:21:02.001] [Render thread/DEBUG] [com.tterrag.registrate.AbstractRegistrate/REGISTRATE.REGISTER]: Registered fantasyfurniture:decorations/spider_web_wide to registry ResourceKey[minecraft:root / minecraft:block]
[10May2026 20:21:02.002] [Render thread/DEBUG] [com.tterrag.registrate.AbstractRegistrate/REGISTRATE.REGISTER]: Registered fantasyfurniture:decorations/stackable_pumpkins to registry ResourceKey[minecraft:root / minecraft:block]
[10May2026 20:21:02.002] [Render thread/DEBUG] [com.tterrag.registrate.AbstractRegistrate/REGISTRATE.REGISTER]: Registered fantasyfurniture:decorations/bronze_chain to registry ResourceKey[minecraft:root / minecraft:block]
[10May2026 20:21:02.002] [Render thread/DEBUG] [com.tterrag.registrate.AbstractRegistrate/REGISTRATE.REGISTER]: Registered fantasyfurniture:decorations/mushrooms_brown to registry ResourceKey[minecraft:root / minecraft:block]
[10May2026 20:21:02.003] [Render thread/DEBUG] [com.tterrag.registrate.AbstractRegistrate/REGISTRATE.REGISTER]: Registered fantasyfurniture:decorations/potion_bottles to registry ResourceKey[minecraft:root / minecraft:block]
[10May2026 20:21:02.010] [Render thread/DEBUG] [com.tterrag.registrate.AbstractRegistrate/REGISTRATE.REGISTER]: Registered fantasyfurniture:decorations/potion_bottles_dyeable to registry ResourceKey[minecraft:root / minecraft:block]
[10May2026 20:21:02.012] [Render thread/DEBUG] [com.tterrag.registrate.AbstractRegistrate/REGISTRATE.REGISTER]: Registered fantasyfurniture:decorations/fairy_lights_1 to registry ResourceKey[minecraft:root / minecraft:block]
[10May2026 20:21:02.012] [Render thread/DEBUG] [com.tterrag.registrate.AbstractRegistrate/REGISTRATE.REGISTER]: Registered fantasyfurniture:decorations/fairy_lights_2 to registry ResourceKey[minecraft:root / minecraft:block]
[10May2026 20:21:02.013] [Render thread/DEBUG] [com.tterrag.registrate.AbstractRegistrate/REGISTRATE.REGISTER]: Registered fantasyfurniture:decorations/presents_stack_1 to registry ResourceKey[minecraft:root / minecraft:block]
[10May2026 20:21:02.017] [Render thread/DEBUG] [com.tterrag.registrate.AbstractRegistrate/REGISTRATE.REGISTER]: Registered fantasyfurniture:decorations/presents_stack_2 to registry ResourceKey[minecraft:root / minecraft:block]
[10May2026 20:21:02.018] [Render thread/DEBUG] [com.tterrag.registrate.AbstractRegistrate/REGISTRATE.REGISTER]: Registered fantasyfurniture:decorations/snowballs to registry ResourceKey[minecraft:root / minecraft:block]
[10May2026 20:21:02.020] [Render thread/DEBUG] [com.tterrag.registrate.AbstractRegistrate/REGISTRATE.REGISTER]: Registered fantasyfurniture:decorations/stocking to registry ResourceKey[minecraft:root / minecraft:block]
[10May2026 20:21:02.021] [Render thread/DEBUG] [com.tterrag.registrate.AbstractRegistrate/REGISTRATE.REGISTER]: Registered fantasyfurniture:decorations/nordic_boiled_creme_treats to registry ResourceKey[minecraft:root / minecraft:block]
[10May2026 20:21:02.021] [Render thread/DEBUG] [com.tterrag.registrate.AbstractRegistrate/REGISTRATE.REGISTER]: Registered fantasyfurniture:decorations/nordic_sweetrolls to registry ResourceKey[minecraft:root / minecraft:block]
[10May2026 20:21:02.021] [Render thread/DEBUG] [com.tterrag.registrate.AbstractRegistrate/REGISTRATE.REGISTER]: Registered fantasyfurniture:decorations/nordic_mead_bottles to registry ResourceKey[minecraft:root / minecraft:block]
[10May2026 20:21:02.021] [Render thread/DEBUG] [com.tterrag.registrate.AbstractRegistrate/REGISTRATE.REGISTER]: Registered fantasyfurniture:decorations/nordic_soul_gems_light to registry ResourceKey[minecraft:root / minecraft:block]
[10May2026 20:21:02.021] [Render thread/DEBUG] [com.tterrag.registrate.AbstractRegistrate/REGISTRATE.REGISTER]: Registered fantasyfurniture:decorations/nordic_soul_gems_dark to registry ResourceKey[minecraft:root / minecraft:block]
[10May2026 20:21:02.021] [Render thread/DEBUG] [com.tterrag.registrate.AbstractRegistrate/REGISTRATE.REGISTER]: Registered fantasyfurniture:decorations/venthyr_food_0 to registry ResourceKey[minecraft:root / minecraft:block]
[10May2026 20:21:02.022] [Render thread/DEBUG] [com.tterrag.registrate.AbstractRegistrate/REGISTRATE.REGISTER]: Registered fantasyfurniture:decorations/venthyr_food_1 to registry ResourceKey[minecraft:root / minecraft:block]
[10May2026 20:21:02.022] [Render thread/DEBUG] [com.tterrag.registrate.AbstractRegistrate/REGISTRATE.REGISTER]: Registered fantasyfurniture:decorations/venthyr_tea_set to registry ResourceKey[minecraft:root / minecraft:block]
[10May2026 20:21:02.022] [Render thread/DEBUG] [com.tterrag.registrate.AbstractRegistrate/REGISTRATE.REGISTER]: Registered fantasyfurniture:decorations/venthyr_tea_cups to registry ResourceKey[minecraft:root / minecraft:block]
[10May2026 20:21:02.024] [Render thread/DEBUG] [com.tterrag.registrate.AbstractRegistrate/REGISTRATE.REGISTER]: Registered fantasyfurniture:decorations/venthyr_platter to registry ResourceKey[minecraft:root / minecraft:block]
[10May2026 20:21:02.025] [Render thread/DEBUG] [com.tterrag.registrate.AbstractRegistrate/REGISTRATE.REGISTER]: Registered fantasyfurniture:decorations/venthyr_widow_bloom to registry ResourceKey[minecraft:root / minecraft:block]
[10May2026 20:21:02.025] [Render thread/DEBUG] [com.tterrag.registrate.AbstractRegistrate/REGISTRATE.REGISTER]: Registered fantasyfurniture:decorations/venthyr_tomes to registry ResourceKey[minecraft:root / minecraft:block]
[10May2026 20:21:02.029] [Render thread/DEBUG] [com.tterrag.registrate.AbstractRegistrate/REGISTRATE.REGISTER]: Registered fantasyfurniture:decorations/venthyr_chalices to registry ResourceKey[minecraft:root / minecraft:block]
[10May2026 20:21:02.029] [Render thread/DEBUG] [com.tterrag.registrate.AbstractRegistrate/REGISTRATE.REGISTER]: Registered fantasyfurniture:decorations/venthyr_candles to registry ResourceKey[minecraft:root / minecraft:block]
[10May2026 20:21:02.029] [Render thread/DEBUG] [com.tterrag.registrate.AbstractRegistrate/REGISTRATE.REGISTER]: Registered fantasyfurniture:decorations/venthyr_banner to registry ResourceKey[minecraft:root / minecraft:block]
[10May2026 20:21:02.034] [Render thread/DEBUG] [com.tterrag.registrate.AbstractRegistrate/REGISTRATE.REGISTER]: Registered fantasyfurniture:decorations/dunmer_pottery_0 to registry ResourceKey[minecraft:root / minecraft:block]
[10May2026 20:21:02.034] [Render thread/DEBUG] [com.tterrag.registrate.AbstractRegistrate/REGISTRATE.REGISTER]: Registered fantasyfurniture:decorations/dunmer_pottery_1 to registry ResourceKey[minecraft:root / minecraft:block]
[10May2026 20:21:02.034] [Render thread/DEBUG] [com.tterrag.registrate.AbstractRegistrate/REGISTRATE.REGISTER]: Registered fantasyfurniture:decorations/bone_candles to registry ResourceKey[minecraft:root / minecraft:block]
[10May2026 20:21:02.034] [Render thread/DEBUG] [com.tterrag.registrate.AbstractRegistrate/REGISTRATE.REGISTER]: Registered fantasyfurniture:decorations/bone_skeleton_chalices to registry ResourceKey[minecraft:root / minecraft:block]
[10May2026 20:21:02.034] [Render thread/DEBUG] [com.tterrag.registrate.AbstractRegistrate/REGISTRATE.REGISTER]: Registered fantasyfurniture:decorations/bone_skeleton_pile to registry ResourceKey[minecraft:root / minecraft:block]
[10May2026 20:21:02.034] [Render thread/DEBUG] [com.tterrag.registrate.AbstractRegistrate/REGISTRATE.REGISTER]: Registered fantasyfurniture:decorations/bone_skeleton_skull_blossoms to registry ResourceKey[minecraft:root / minecraft:block]
[10May2026 20:21:02.034] [Render thread/DEBUG] [com.tterrag.registrate.AbstractRegistrate/REGISTRATE.REGISTER]: Registered fantasyfurniture:decorations/bone_wither_chalices to registry ResourceKey[minecraft:root / minecraft:block]
[10May2026 20:21:02.035] [Render thread/DEBUG] [com.tterrag.registrate.AbstractRegistrate/REGISTRATE.REGISTER]: Registered fantasyfurniture:decorations/bone_wither_pile to registry ResourceKey[minecraft:root / minecraft:block]
[10May2026 20:21:02.035] [Render thread/DEBUG] [com.tterrag.registrate.AbstractRegistrate/REGISTRATE.REGISTER]: Registered fantasyfurniture:decorations/bone_wither_skull_blossoms to registry ResourceKey[minecraft:root / minecraft:block]
[10May2026 20:21:02.037] [Render thread/DEBUG] [com.tterrag.registrate.AbstractRegistrate/REGISTRATE.REGISTER]: Registered fantasyfurniture:decorations/royal_crown to registry ResourceKey[minecraft:root / minecraft:block]
[10May2026 20:21:02.048] [Render thread/DEBUG] [com.tterrag.registrate.AbstractRegistrate/REGISTRATE.REGISTER]: Registered fantasyfurniture:decorations/royal_candelabra to registry ResourceKey[minecraft:root / minecraft:block]
[10May2026 20:21:02.055] [Render thread/DEBUG] [com.tterrag.registrate.AbstractRegistrate/REGISTRATE.REGISTER]: Registered fantasyfurniture:decorations/royal_chalices to registry ResourceKey[minecraft:root / minecraft:block]
[10May2026 20:21:02.058] [Render thread/DEBUG] [com.tterrag.registrate.AbstractRegistrate/REGISTRATE.REGISTER]: Registered fantasyfurniture:decorations/royal_cushioned_crown to registry ResourceKey[minecraft:root / minecraft:block]
[10May2026 20:21:02.058] [Render thread/DEBUG] [com.tterrag.registrate.AbstractRegistrate/REGISTRATE.REGISTER]: Registered fantasyfurniture:decorations/royal_food_0 to registry ResourceKey[minecraft:root / minecraft:block]
[10May2026 20:21:02.059] [Render thread/DEBUG] [com.tterrag.registrate.AbstractRegistrate/REGISTRATE.REGISTER]: Registered fantasyfurniture:decorations/royal_food_1 to registry ResourceKey[minecraft:root / minecraft:block]
[10May2026 20:21:02.061] [Render thread/DEBUG] [com.tterrag.registrate.AbstractRegistrate/REGISTRATE.REGISTER]: Registered fantasyfurniture:decorations/royal_platter to registry ResourceKey[minecraft:root / minecraft:block]
[10May2026 20:21:02.066] [Render thread/DEBUG] [com.tterrag.registrate.AbstractRegistrate/REGISTRATE.REGISTER]: Registered fantasyfurniture:decorations/royal_floor_cushion to registry ResourceKey[minecraft:root / minecraft:block]
[10May2026 20:21:02.068] [Render thread/DEBUG] [com.tterrag.registrate.AbstractRegistrate/REGISTRATE.REGISTER]: Registered fantasyfurniture:decorations/royal_wall_mirror_small to registry ResourceKey[minecraft:root / minecraft:block]
[10May2026 20:21:02.075] [Render thread/DEBUG] [com.tterrag.registrate.AbstractRegistrate/REGISTRATE.REGISTER]: Registered fantasyfurniture:decorations/royal_wall_mirror_large to registry ResourceKey[minecraft:root / minecraft:block]
[10May2026 20:21:02.075] [Render thread/DEBUG] [com.tterrag.registrate.AbstractRegistrate/REGISTRATE.REGISTER]: Registered fantasyfurniture:decorations/necrolord_candelabra to registry ResourceKey[minecraft:root / minecraft:block]
[10May2026 20:21:02.076] [Render thread/DEBUG] [com.tterrag.registrate.AbstractRegistrate/REGISTRATE.REGISTER]: Registered fantasyfurniture:nordic/wool to registry ResourceKey[minecraft:root / minecraft:block]
[10May2026 20:21:02.076] [Render thread/DEBUG] [com.tterrag.registrate.AbstractRegistrate/REGISTRATE.REGISTER]: Registered fantasyfurniture:nordic/carpet to registry ResourceKey[minecraft:root / minecraft:block]
[10May2026 20:21:02.076] [Render thread/DEBUG] [com.tterrag.registrate.AbstractRegistrate/REGISTRATE.REGISTER]: Registered fantasyfurniture:nordic/wall_light to registry ResourceKey[minecraft:root / minecraft:block]
[10May2026 20:21:02.076] [Render thread/DEBUG] [com.tterrag.registrate.AbstractRegistrate/REGISTRATE.REGISTER]: Registered fantasyfurniture:nordic/floor_light to registry ResourceKey[minecraft:root / minecraft:block]
[10May2026 20:21:02.076] [Render thread/DEBUG] [com.tterrag.registrate.AbstractRegistrate/REGISTRATE.REGISTER]: Registered fantasyfurniture:nordic/table_small to registry ResourceKey[minecraft:root / minecraft:block]
[10May2026 20:21:02.077] [Render thread/DEBUG] [com.tterrag.registrate.AbstractRegistrate/REGISTRATE.REGISTER]: Registered fantasyfurniture:nordic/table_wide to registry ResourceKey[minecraft:root / minecraft:block]
[10May2026 20:21:02.077] [Render thread/DEBUG] [com.tterrag.registrate.AbstractRegistrate/REGISTRATE.REGISTER]: Registered fantasyfurniture:nordic/table_large to registry ResourceKey[minecraft:root / minecraft:block]
[10May2026 20:21:02.077] [Render thread/DEBUG] [com.tterrag.registrate.AbstractRegistrate/REGISTRATE.REGISTER]: Registered fantasyfurniture:nordic/stool to registry ResourceKey[minecraft:root / minecraft:block]
[10May2026 20:21:02.077] [Render thread/DEBUG] [com.tterrag.registrate.AbstractRegistrate/REGISTRATE.REGISTER]: Registered fantasyfurniture:nordic/cushion to registry ResourceKey[minecraft:root / minecraft:block]
[10May2026 20:21:02.077] [Render thread/DEBUG] [com.tterrag.registrate.AbstractRegistrate/REGISTRATE.REGISTER]: Registered fantasyfurniture:nordic/painting_small to registry ResourceKey[minecraft:root / minecraft:block]
[10May2026 20:21:02.078] [Render thread/DEBUG] [com.tterrag.registrate.AbstractRegistrate/REGISTRATE.REGISTER]: Registered fantasyfurniture:nordic/painting_wide to registry ResourceKey[minecraft:root / minecraft:block]
[10May2026 20:21:02.078] [Render thread/DEBUG] [com.tterrag.registrate.AbstractRegistrate/REGISTRATE.REGISTER]: Registered fantasyfurniture:nordic/drawer to registry ResourceKey[minecraft:root / minecraft:block]
[10May2026 20:21:02.078] [Render thread/DEBUG] [com.tterrag.registrate.AbstractRegistrate/REGISTRATE.REGISTER]: Registered fantasyfurniture:nordic/shelf to registry ResourceKey[minecraft:root / minecraft:block]
[10May2026 20:21:02.079] [Render thread/DEBUG] [com.tterrag.registrate.AbstractRegistrate/REGISTRATE.REGISTER]: Registered fantasyfurniture:nordic/sofa to registry ResourceKey[minecraft:root / minecraft:block]
[10May2026 20:21:02.080] [Render thread/DEBUG] [com.tterrag.registrate.AbstractRegistrate/REGISTRATE.REGISTER]: Registered fantasyfurniture:nordic/desk_left to registry ResourceKey[minecraft:root / minecraft:block]
[10May2026 20:21:02.080] [Render thread/DEBUG] [com.tterrag.registrate.AbstractRegistrate/REGISTRATE.REGISTER]: Registered fantasyfurniture:nordic/desk_right to registry ResourceKey[minecraft:root / minecraft:block]
[10May2026 20:21:02.080] [Render thread/DEBUG] [com.tterrag.registrate.AbstractRegistrate/REGISTRATE.REGISTER]: Registered fantasyfurniture:nordic/chair to registry ResourceKey[minecraft:root / minecraft:block]
[10May2026 20:21:02.081] [Render thread/DEBUG] [com.tterrag.registrate.AbstractRegistrate/REGISTRATE.REGISTER]: Registered fantasyfurniture:nordic/bench to registry ResourceKey[minecraft:root / minecraft:block]
[10May2026 20:21:02.081] [Render thread/DEBUG] [com.tterrag.registrate.AbstractRegistrate/REGISTRATE.REGISTER]: Registered fantasyfurniture:nordic/bookshelf to registry ResourceKey[minecraft:root / minecraft:block]
[10May2026 20:21:02.081] [Render thread/DEBUG] [com.tterrag.registrate.AbstractRegistrate/REGISTRATE.REGISTER]: Registered fantasyfurniture:nordic/chest to registry ResourceKey[minecraft:root / minecraft:block]
[10May2026 20:21:02.082] [Render thread/DEBUG] [com.tterrag.registrate.AbstractRegistrate/REGISTRATE.REGISTER]: Registered fantasyfurniture:nordic/dresser to registry ResourceKey[minecraft:root / minecraft:block]
[10May2026 20:21:02.082] [Render thread/DEBUG] [com.tterrag.registrate.AbstractRegistrate/REGISTRATE.REGISTER]: Registered fantasyfurniture:nordic/wardrobe_bottom to registry ResourceKey[minecraft:root / minecraft:block]
[10May2026 20:21:02.082] [Render thread/DEBUG] [com.tterrag.registrate.AbstractRegistrate/REGISTRATE.REGISTER]: Registered fantasyfurniture:nordic/wardrobe_top to registry ResourceKey[minecraft:root / minecraft:block]
[10May2026 20:21:02.083] [Render thread/DEBUG] [com.tterrag.registrate.AbstractRegistrate/REGISTRATE.REGISTER]: Registered fantasyfurniture:nordic/bed_single to registry ResourceKey[minecraft:root / minecraft:block]
[10May2026 20:21:02.083] [Render thread/DEBUG] [com.tterrag.registrate.AbstractRegistrate/REGISTRATE.REGISTER]: Registered fantasyfurniture:nordic/bed_double to registry ResourceKey[minecraft:root / minecraft:block]
[10May2026 20:21:02.084] [Render thread/DEBUG] [com.tterrag.registrate.AbstractRegistrate/REGISTRATE.REGISTER]: Registered fantasyfurniture:nordic/chandelier to registry ResourceKey[minecraft:root / minecraft:block]
[10May2026 20:21:02.084] [Render thread/DEBUG] [com.tterrag.registrate.AbstractRegistrate/REGISTRATE.REGISTER]: Registered fantasyfurniture:nordic/door_single to registry ResourceKey[minecraft:root / minecraft:block]
[10May2026 20:21:02.084] [Render thread/DEBUG] [com.tterrag.registrate.AbstractRegistrate/REGISTRATE.REGISTER]: Registered fantasyfurniture:nordic/door_double to registry ResourceKey[minecraft:root / minecraft:block]
[10May2026 20:21:02.084] [Render thread/DEBUG] [com.tterrag.registrate.AbstractRegistrate/REGISTRATE.REGISTER]: Registered fantasyfurniture:nordic/lockbox to registry ResourceKey[minecraft:root / minecraft:block]
[10May2026 20:21:02.085] [Render thread/DEBUG] [com.tterrag.registrate.AbstractRegistrate/REGISTRATE.REGISTER]: Registered fantasyfurniture:nordic/counter to registry ResourceKey[minecraft:root / minecraft:block]
[10May2026 20:21:02.085] [Render thread/DEBUG] [com.tterrag.registrate.AbstractRegistrate/REGISTRATE.REGISTER]: Registered fantasyfurniture:nordic/oven to registry ResourceKey[minecraft:root / minecraft:block]
[10May2026 20:21:02.085] [Render thread/DEBUG] [com.tterrag.registrate.AbstractRegistrate/REGISTRATE.REGISTER]: Registered fantasyfurniture:dunmer/wool to registry ResourceKey[minecraft:root / minecraft:block]
[10May2026 20:21:02.085] [Render thread/DEBUG] [com.tterrag.registrate.AbstractRegistrate/REGISTRATE.REGISTER]: Registered fantasyfurniture:dunmer/carpet to registry ResourceKey[minecraft:root / minecraft:block]
[10May2026 20:21:02.085] [Render thread/DEBUG] [com.tterrag.registrate.AbstractRegistrate/REGISTRATE.REGISTER]: Registered fantasyfurniture:dunmer/wall_light to registry ResourceKey[minecraft:root / minecraft:block]
[10May2026 20:21:02.085] [Render thread/DEBUG] [com.tterrag.registrate.AbstractRegistrate/REGISTRATE.REGISTER]: Registered fantasyfurniture:dunmer/floor_light to registry ResourceKey[minecraft:root / minecraft:block]
[10May2026 20:21:02.085] [Render thread/DEBUG] [com.tterrag.registrate.AbstractRegistrate/REGISTRATE.REGISTER]: Registered fantasyfurniture:dunmer/table_small to registry ResourceKey[minecraft:root / minecraft:block]
[10May2026 20:21:02.086] [Render thread/DEBUG] [com.tterrag.registrate.AbstractRegistrate/REGISTRATE.REGISTER]: Registered fantasyfurniture:dunmer/table_wide to registry ResourceKey[minecraft:root / minecraft:block]
[10May2026 20:21:02.086] [Render thread/DEBUG] [com.tterrag.registrate.AbstractRegistrate/REGISTRATE.REGISTER]: Registered fantasyfurniture:dunmer/table_large to registry ResourceKey[minecraft:root / minecraft:block]
[10May2026 20:21:02.086] [Render thread/DEBUG] [com.tterrag.registrate.AbstractRegistrate/REGISTRATE.REGISTER]: Registered fantasyfurniture:dunmer/stool to registry ResourceKey[minecraft:root / minecraft:block]
[10May2026 20:21:02.086] [Render thread/DEBUG] [com.tterrag.registrate.AbstractRegistrate/REGISTRATE.REGISTER]: Registered fantasyfurniture:dunmer/cushion to registry ResourceKey[minecraft:root / minecraft:block]
[10May2026 20:21:02.086] [Render thread/DEBUG] [com.tterrag.registrate.AbstractRegistrate/REGISTRATE.REGISTER]: Registered fantasyfurniture:dunmer/painting_small to registry ResourceKey[minecraft:root / minecraft:block]
[10May2026 20:21:02.087] [Render thread/DEBUG] [com.tterrag.registrate.AbstractRegistrate/REGISTRATE.REGISTER]: Registered fantasyfurniture:dunmer/painting_wide to registry ResourceKey[minecraft:root / minecraft:block]
[10May2026 20:21:02.087] [Render thread/DEBUG] [com.tterrag.registrate.AbstractRegistrate/REGISTRATE.REGISTER]: Registered fantasyfurniture:dunmer/drawer to registry ResourceKey[minecraft:root / minecraft:block]
[10May2026 20:21:02.087] [Render thread/DEBUG] [com.tterrag.registrate.AbstractRegistrate/REGISTRATE.REGISTER]: Registered fantasyfurniture:dunmer/shelf to registry ResourceKey[minecraft:root / minecraft:block]
[10May2026 20:21:02.088] [Render thread/DEBUG] [com.tterrag.registrate.AbstractRegistrate/REGISTRATE.REGISTER]: Registered fantasyfurniture:dunmer/sofa to registry ResourceKey[minecraft:root / minecraft:block]
[10May2026 20:21:02.088] [Render thread/DEBUG] [com.tterrag.registrate.AbstractRegistrate/REGISTRATE.REGISTER]: Registered fantasyfurniture:dunmer/desk_left to registry ResourceKey[minecraft:root / minecraft:block]
[10May2026 20:21:02.088] [Render thread/DEBUG] [com.tterrag.registrate.AbstractRegistrate/REGISTRATE.REGISTER]: Registered fantasyfurniture:dunmer/desk_right to registry ResourceKey[minecraft:root / minecraft:block]
[10May2026 20:21:02.089] [Render thread/DEBUG] [com.tterrag.registrate.AbstractRegistrate/REGISTRATE.REGISTER]: Registered fantasyfurniture:dunmer/chair to registry ResourceKey[minecraft:root / minecraft:block]
[10May2026 20:21:02.089] [Render thread/DEBUG] [com.tterrag.registrate.AbstractRegistrate/REGISTRATE.REGISTER]: Registered fantasyfurniture:dunmer/bench to registry ResourceKey[minecraft:root / minecraft:block]
[10May2026 20:21:02.089] [Render thread/DEBUG] [com.tterrag.registrate.AbstractRegistrate/REGISTRATE.REGISTER]: Registered fantasyfurniture:dunmer/bookshelf to registry ResourceKey[minecraft:root / minecraft:block]
[10May2026 20:21:02.090] [Render thread/DEBUG] [com.tterrag.registrate.AbstractRegistrate/REGISTRATE.REGISTER]: Registered fantasyfurniture:dunmer/chest to registry ResourceKey[minecraft:root / minecraft:block]
[10May2026 20:21:02.090] [Render thread/DEBUG] [com.tterrag.registrate.AbstractRegistrate/REGISTRATE.REGISTER]: Registered fantasyfurniture:dunmer/dresser to registry ResourceKey[minecraft:root / minecraft:block]
[10May2026 20:21:02.090] [Render thread/DEBUG] [com.tterrag.registrate.AbstractRegistrate/REGISTRATE.REGISTER]: Registered fantasyfurniture:dunmer/wardrobe_bottom to registry ResourceKey[minecraft:root / minecraft:block]
[10May2026 20:21:02.090] [Render thread/DEBUG] [com.tterrag.registrate.AbstractRegistrate/REGISTRATE.REGISTER]: Registered fantasyfurniture:dunmer/wardrobe_top to registry ResourceKey[minecraft:root / minecraft:block]
[10May2026 20:21:02.091] [Render thread/DEBUG] [com.tterrag.registrate.AbstractRegistrate/REGISTRATE.REGISTER]: Registered fantasyfurniture:dunmer/bed_single to registry ResourceKey[minecraft:root / minecraft:block]
[10May2026 20:21:02.092] [Render thread/DEBUG] [com.tterrag.registrate.AbstractRegistrate/REGISTRATE.REGISTER]: Registered fantasyfurniture:dunmer/bed_double to registry ResourceKey[minecraft:root / minecraft:block]
[10May2026 20:21:02.092] [Render thread/DEBUG] [com.tterrag.registrate.AbstractRegistrate/REGISTRATE.REGISTER]: Registered fantasyfurniture:dunmer/chandelier to registry ResourceKey[minecraft:root / minecraft:block]
[10May2026 20:21:02.092] [Render thread/DEBUG] [com.tterrag.registrate.AbstractRegistrate/REGISTRATE.REGISTER]: Registered fantasyfurniture:dunmer/door_single to registry ResourceKey[minecraft:root / minecraft:block]
[10May2026 20:21:02.092] [Render thread/DEBUG] [com.tterrag.registrate.AbstractRegistrate/REGISTRATE.REGISTER]: Registered fantasyfurniture:dunmer/door_double to registry ResourceKey[minecraft:root / minecraft:block]
[10May2026 20:21:02.092] [Render thread/DEBUG] [com.tterrag.registrate.AbstractRegistrate/REGISTRATE.REGISTER]: Registered fantasyfurniture:dunmer/lockbox to registry ResourceKey[minecraft:root / minecraft:block]
[10May2026 20:21:02.093] [Render thread/DEBUG] [com.tterrag.registrate.AbstractRegistrate/REGISTRATE.REGISTER]: Registered fantasyfurniture:dunmer/counter to registry ResourceKey[minecraft:root / minecraft:block]
[10May2026 20:21:02.093] [Render thread/DEBUG] [com.tterrag.registrate.AbstractRegistrate/REGISTRATE.REGISTER]: Registered fantasyfurniture:dunmer/oven to registry ResourceKey[minecraft:root / minecraft:block]
[10May2026 20:21:02.093] [Render thread/DEBUG] [com.tterrag.registrate.AbstractRegistrate/REGISTRATE.REGISTER]: Registered fantasyfurniture:venthyr/wool to registry ResourceKey[minecraft:root / minecraft:block]
[10May2026 20:21:02.093] [Render thread/DEBUG] [com.tterrag.registrate.AbstractRegistrate/REGISTRATE.REGISTER]: Registered fantasyfurniture:venthyr/carpet to registry ResourceKey[minecraft:root / minecraft:block]
[10May2026 20:21:02.093] [Render thread/DEBUG] [com.tterrag.registrate.AbstractRegistrate/REGISTRATE.REGISTER]: Registered fantasyfurniture:venthyr/wall_light to registry ResourceKey[minecraft:root / minecraft:block]
[10May2026 20:21:02.093] [Render thread/DEBUG] [com.tterrag.registrate.AbstractRegistrate/REGISTRATE.REGISTER]: Registered fantasyfurniture:venthyr/floor_light to registry ResourceKey[minecraft:root / minecraft:block]
[10May2026 20:21:02.093] [Render thread/DEBUG] [com.tterrag.registrate.AbstractRegistrate/REGISTRATE.REGISTER]: Registered fantasyfurniture:venthyr/table_small to registry ResourceKey[minecraft:root / minecraft:block]
[10May2026 20:21:02.094] [Render thread/DEBUG] [com.tterrag.registrate.AbstractRegistrate/REGISTRATE.REGISTER]: Registered fantasyfurniture:venthyr/table_small_fancy to registry ResourceKey[minecraft:root / minecraft:block]
[10May2026 20:21:02.094] [Render thread/DEBUG] [com.tterrag.registrate.AbstractRegistrate/REGISTRATE.REGISTER]: Registered fantasyfurniture:venthyr/table_wide to registry ResourceKey[minecraft:root / minecraft:block]
[10May2026 20:21:02.094] [Render thread/DEBUG] [com.tterrag.registrate.AbstractRegistrate/REGISTRATE.REGISTER]: Registered fantasyfurniture:venthyr/table_wide_fancy to registry ResourceKey[minecraft:root / minecraft:block]
[10May2026 20:21:02.094] [Render thread/DEBUG] [com.tterrag.registrate.AbstractRegistrate/REGISTRATE.REGISTER]: Registered fantasyfurniture:venthyr/table_large to registry ResourceKey[minecraft:root / minecraft:block]
[10May2026 20:21:02.095] [Render thread/DEBUG] [com.tterrag.registrate.AbstractRegistrate/REGISTRATE.REGISTER]: Registered fantasyfurniture:venthyr/table_large_fancy to registry ResourceKey[minecraft:root / minecraft:block]
[10May2026 20:21:02.095] [Render thread/DEBUG] [com.tterrag.registrate.AbstractRegistrate/REGISTRATE.REGISTER]: Registered fantasyfurniture:venthyr/stool to registry ResourceKey[minecraft:root / minecraft:block]
[10May2026 20:21:02.095] [Render thread/DEBUG] [com.tterrag.registrate.AbstractRegistrate/REGISTRATE.REGISTER]: Registered fantasyfurniture:venthyr/cushion to registry ResourceKey[minecraft:root / minecraft:block]
[10May2026 20:21:02.095] [Render thread/DEBUG] [com.tterrag.registrate.AbstractRegistrate/REGISTRATE.REGISTER]: Registered fantasyfurniture:venthyr/painting_small to registry ResourceKey[minecraft:root / minecraft:block]
[10May2026 20:21:02.095] [Render thread/DEBUG] [com.tterrag.registrate.AbstractRegistrate/REGISTRATE.REGISTER]: Registered fantasyfurniture:venthyr/painting_wide to registry ResourceKey[minecraft:root / minecraft:block]
[10May2026 20:21:02.095] [Render thread/DEBUG] [com.tterrag.registrate.AbstractRegistrate/REGISTRATE.REGISTER]: Registered fantasyfurniture:venthyr/drawer to registry ResourceKey[minecraft:root / minecraft:block]
[10May2026 20:21:02.096] [Render thread/DEBUG] [com.tterrag.registrate.AbstractRegistrate/REGISTRATE.REGISTER]: Registered fantasyfurniture:venthyr/shelf to registry ResourceKey[minecraft:root / minecraft:block]
[10May2026 20:21:02.096] [Render thread/DEBUG] [com.tterrag.registrate.AbstractRegistrate/REGISTRATE.REGISTER]: Registered fantasyfurniture:venthyr/sofa to registry ResourceKey[minecraft:root / minecraft:block]
[10May2026 20:21:02.097] [Render thread/DEBUG] [com.tterrag.registrate.AbstractRegistrate/REGISTRATE.REGISTER]: Registered fantasyfurniture:venthyr/desk_left to registry ResourceKey[minecraft:root / minecraft:block]
[10May2026 20:21:02.097] [Render thread/DEBUG] [com.tterrag.registrate.AbstractRegistrate/REGISTRATE.REGISTER]: Registered fantasyfurniture:venthyr/desk_right to registry ResourceKey[minecraft:root / minecraft:block]
[10May2026 20:21:02.097] [Render thread/DEBUG] [com.tterrag.registrate.AbstractRegistrate/REGISTRATE.REGISTER]: Registered fantasyfurniture:venthyr/chair to registry ResourceKey[minecraft:root / minecraft:block]
[10May2026 20:21:02.098] [Render thread/DEBUG] [com.tterrag.registrate.AbstractRegistrate/REGISTRATE.REGISTER]: Registered fantasyfurniture:venthyr/bench to registry ResourceKey[minecraft:root / minecraft:block]
[10May2026 20:21:02.098] [Render thread/DEBUG] [com.tterrag.registrate.AbstractRegistrate/REGISTRATE.REGISTER]: Registered fantasyfurniture:venthyr/bookshelf to registry ResourceKey[minecraft:root / minecraft:block]
[10May2026 20:21:02.098] [Render thread/DEBUG] [com.tterrag.registrate.AbstractRegistrate/REGISTRATE.REGISTER]: Registered fantasyfurniture:venthyr/chest to registry ResourceKey[minecraft:root / minecraft:block]
[10May2026 20:21:02.098] [Render thread/DEBUG] [com.tterrag.registrate.AbstractRegistrate/REGISTRATE.REGISTER]: Registered fantasyfurniture:venthyr/dresser to registry ResourceKey[minecraft:root / minecraft:block]
[10May2026 20:21:02.099] [Render thread/DEBUG] [com.tterrag.registrate.AbstractRegistrate/REGISTRATE.REGISTER]: Registered fantasyfurniture:venthyr/wardrobe_bottom to registry ResourceKey[minecraft:root / minecraft:block]
[10May2026 20:21:02.099] [Render thread/DEBUG] [com.tterrag.registrate.AbstractRegistrate/REGISTRATE.REGISTER]: Registered fantasyfurniture:venthyr/wardrobe_top to registry ResourceKey[minecraft:root / minecraft:block]
[10May2026 20:21:02.099] [Render thread/DEBUG] [com.tterrag.registrate.AbstractRegistrate/REGISTRATE.REGISTER]: Registered fantasyfurniture:venthyr/bed_single to registry ResourceKey[minecraft:root / minecraft:block]
[10May2026 20:21:02.100] [Render thread/DEBUG] [com.tterrag.registrate.AbstractRegistrate/REGISTRATE.REGISTER]: Registered fantasyfurniture:venthyr/bed_double to registry ResourceKey[minecraft:root / minecraft:block]
[10May2026 20:21:02.100] [Render thread/DEBUG] [com.tterrag.registrate.AbstractRegistrate/REGISTRATE.REGISTER]: Registered fantasyfurniture:venthyr/chandelier to registry ResourceKey[minecraft:root / minecraft:block]
[10May2026 20:21:02.101] [Render thread/DEBUG] [com.tterrag.registrate.AbstractRegistrate/REGISTRATE.REGISTER]: Registered fantasyfurniture:venthyr/door_single to registry ResourceKey[minecraft:root / minecraft:block]
[10May2026 20:21:02.101] [Render thread/DEBUG] [com.tterrag.registrate.AbstractRegistrate/REGISTRATE.REGISTER]: Registered fantasyfurniture:venthyr/door_double to registry ResourceKey[minecraft:root / minecraft:block]
[10May2026 20:21:02.101] [Render thread/DEBUG] [com.tterrag.registrate.AbstractRegistrate/REGISTRATE.REGISTER]: Registered fantasyfurniture:venthyr/lockbox to registry ResourceKey[minecraft:root / minecraft:block]
[10May2026 20:21:02.101] [Render thread/DEBUG] [com.tterrag.registrate.AbstractRegistrate/REGISTRATE.REGISTER]: Registered fantasyfurniture:venthyr/counter to registry ResourceKey[minecraft:root / minecraft:block]
[10May2026 20:21:02.101] [Render thread/DEBUG] [com.tterrag.registrate.AbstractRegistrate/REGISTRATE.REGISTER]: Registered fantasyfurniture:venthyr/oven to registry ResourceKey[minecraft:root / minecraft:block]
[10May2026 20:21:02.101] [Render thread/DEBUG] [com.tterrag.registrate.AbstractRegistrate/REGISTRATE.REGISTER]: Registered fantasyfurniture:bone/skeleton/wool to registry ResourceKey[minecraft:root / minecraft:block]
[10May2026 20:21:02.101] [Render thread/DEBUG] [com.tterrag.registrate.AbstractRegistrate/REGISTRATE.REGISTER]: Registered fantasyfurniture:bone/skeleton/carpet to registry ResourceKey[minecraft:root / minecraft:block]
[10May2026 20:21:02.102] [Render thread/DEBUG] [com.tterrag.registrate.AbstractRegistrate/REGISTRATE.REGISTER]: Registered fantasyfurniture:bone/skeleton/wall_light to registry ResourceKey[minecraft:root / minecraft:block]
[10May2026 20:21:02.102] [Render thread/DEBUG] [com.tterrag.registrate.AbstractRegistrate/REGISTRATE.REGISTER]: Registered fantasyfurniture:bone/skeleton/floor_light to registry ResourceKey[minecraft:root / minecraft:block]
[10May2026 20:21:02.102] [Render thread/DEBUG] [com.tterrag.registrate.AbstractRegistrate/REGISTRATE.REGISTER]: Registered fantasyfurniture:bone/skeleton/table_small to registry ResourceKey[minecraft:root / minecraft:block]
[10May2026 20:21:02.102] [Render thread/DEBUG] [com.tterrag.registrate.AbstractRegistrate/REGISTRATE.REGISTER]: Registered fantasyfurniture:bone/skeleton/table_wide to registry ResourceKey[minecraft:root / minecraft:block]
[10May2026 20:21:02.103] [Render thread/DEBUG] [com.tterrag.registrate.AbstractRegistrate/REGISTRATE.REGISTER]: Registered fantasyfurniture:bone/skeleton/table_large to registry ResourceKey[minecraft:root / minecraft:block]
[10May2026 20:21:02.103] [Render thread/DEBUG] [com.tterrag.registrate.AbstractRegistrate/REGISTRATE.REGISTER]: Registered fantasyfurniture:bone/skeleton/stool to registry ResourceKey[minecraft:root / minecraft:block]
[10May2026 20:21:02.103] [Render thread/DEBUG] [com.tterrag.registrate.AbstractRegistrate/REGISTRATE.REGISTER]: Registered fantasyfurniture:bone/skeleton/skull to registry ResourceKey[minecraft:root / minecraft:block]
[10May2026 20:21:02.103] [Render thread/DEBUG] [com.tterrag.registrate.AbstractRegistrate/REGISTRATE.REGISTER]: Registered fantasyfurniture:bone/skeleton/painting_small to registry ResourceKey[minecraft:root / minecraft:block]
[10May2026 20:21:02.103] [Render thread/DEBUG] [com.tterrag.registrate.AbstractRegistrate/REGISTRATE.REGISTER]: Registered fantasyfurniture:bone/skeleton/painting_wide to registry ResourceKey[minecraft:root / minecraft:block]
[10May2026 20:21:02.103] [Render thread/DEBUG] [com.tterrag.registrate.AbstractRegistrate/REGISTRATE.REGISTER]: Registered fantasyfurniture:bone/skeleton/drawer to registry ResourceKey[minecraft:root / minecraft:block]
[10May2026 20:21:02.104] [Render thread/DEBUG] [com.tterrag.registrate.AbstractRegistrate/REGISTRATE.REGISTER]: Registered fantasyfurniture:bone/skeleton/shelf to registry ResourceKey[minecraft:root / minecraft:block]
[10May2026 20:21:02.105] [Render thread/DEBUG] [com.tterrag.registrate.AbstractRegistrate/REGISTRATE.REGISTER]: Registered fantasyfurniture:bone/skeleton/sofa to registry ResourceKey[minecraft:root / minecraft:block]
[10May2026 20:21:02.105] [Render thread/DEBUG] [com.tterrag.registrate.AbstractRegistrate/REGISTRATE.REGISTER]: Registered fantasyfurniture:bone/skeleton/desk_left to registry ResourceKey[minecraft:root / minecraft:block]
[10May2026 20:21:02.105] [Render thread/DEBUG] [com.tterrag.registrate.AbstractRegistrate/REGISTRATE.REGISTER]: Registered fantasyfurniture:bone/skeleton/desk_right to registry ResourceKey[minecraft:root / minecraft:block]
[10May2026 20:21:02.106] [Render thread/DEBUG] [com.tterrag.registrate.AbstractRegistrate/REGISTRATE.REGISTER]: Registered fantasyfurniture:bone/skeleton/chair to registry ResourceKey[minecraft:root / minecraft:block]
[10May2026 20:21:02.106] [Render thread/DEBUG] [com.tterrag.registrate.AbstractRegistrate/REGISTRATE.REGISTER]: Registered fantasyfurniture:bone/skeleton/bench to registry ResourceKey[minecraft:root / minecraft:block]
[10May2026 20:21:02.106] [Render thread/DEBUG] [com.tterrag.registrate.AbstractRegistrate/REGISTRATE.REGISTER]: Registered fantasyfurniture:bone/skeleton/bookshelf to registry ResourceKey[minecraft:root / minecraft:block]
[10May2026 20:21:02.107] [Render thread/DEBUG] [com.tterrag.registrate.AbstractRegistrate/REGISTRATE.REGISTER]: Registered fantasyfurniture:bone/skeleton/chest to registry ResourceKey[minecraft:root / minecraft:block]
[10May2026 20:21:02.107] [Render thread/DEBUG] [com.tterrag.registrate.AbstractRegistrate/REGISTRATE.REGISTER]: Registered fantasyfurniture:bone/skeleton/dresser to registry ResourceKey[minecraft:root / minecraft:block]
[10May2026 20:21:02.107] [Render thread/DEBUG] [com.tterrag.registrate.AbstractRegistrate/REGISTRATE.REGISTER]: Registered fantasyfurniture:bone/skeleton/wardrobe_bottom to registry ResourceKey[minecraft:root / minecraft:block]
[10May2026 20:21:02.108] [Render thread/DEBUG] [com.tterrag.registrate.AbstractRegistrate/REGISTRATE.REGISTER]: Registered fantasyfurniture:bone/skeleton/wardrobe_top to registry ResourceKey[minecraft:root / minecraft:block]
[10May2026 20:21:02.108] [Render thread/DEBUG] [com.tterrag.registrate.AbstractRegistrate/REGISTRATE.REGISTER]: Registered fantasyfurniture:bone/skeleton/bed_single to registry ResourceKey[minecraft:root / minecraft:block]
[10May2026 20:21:02.109] [Render thread/DEBUG] [com.tterrag.registrate.AbstractRegistrate/REGISTRATE.REGISTER]: Registered fantasyfurniture:bone/skeleton/bed_double to registry ResourceKey[minecraft:root / minecraft:block]
[10May2026 20:21:02.109] [Render thread/DEBUG] [com.tterrag.registrate.AbstractRegistrate/REGISTRATE.REGISTER]: Registered fantasyfurniture:bone/skeleton/chandelier to registry ResourceKey[minecraft:root / minecraft:block]
[10May2026 20:21:02.109] [Render thread/DEBUG] [com.tterrag.registrate.AbstractRegistrate/REGISTRATE.REGISTER]: Registered fantasyfurniture:bone/skeleton/door_single to registry ResourceKey[minecraft:root / minecraft:block]
[10May2026 20:21:02.110] [Render thread/DEBUG] [com.tterrag.registrate.AbstractRegistrate/REGISTRATE.REGISTER]: Registered fantasyfurniture:bone/skeleton/door_double to registry ResourceKey[minecraft:root / minecraft:block]
[10May2026 20:21:02.110] [Render thread/DEBUG] [com.tterrag.registrate.AbstractRegistrate/REGISTRATE.REGISTER]: Registered fantasyfurniture:bone/skeleton/lockbox to registry ResourceKey[minecraft:root / minecraft:block]
[10May2026 20:21:02.110] [Render thread/DEBUG] [com.tterrag.registrate.AbstractRegistrate/REGISTRATE.REGISTER]: Registered fantasyfurniture:bone/skeleton/counter to registry ResourceKey[minecraft:root / minecraft:block]
[10May2026 20:21:02.110] [Render thread/DEBUG] [com.tterrag.registrate.AbstractRegistrate/REGISTRATE.REGISTER]: Registered fantasyfurniture:bone/skeleton/oven to registry ResourceKey[minecraft:root / minecraft:block]
[10May2026 20:21:02.110] [Render thread/DEBUG] [com.tterrag.registrate.AbstractRegistrate/REGISTRATE.REGISTER]: Registered fantasyfurniture:bone/wither/wool to registry ResourceKey[minecraft:root / minecraft:block]
[10May2026 20:21:02.110] [Render thread/DEBUG] [com.tterrag.registrate.AbstractRegistrate/REGISTRATE.REGISTER]: Registered fantasyfurniture:bone/wither/carpet to registry ResourceKey[minecraft:root / minecraft:block]
[10May2026 20:21:02.110] [Render thread/DEBUG] [com.tterrag.registrate.AbstractRegistrate/REGISTRATE.REGISTER]: Registered fantasyfurniture:bone/wither/wall_light to registry ResourceKey[minecraft:root / minecraft:block]
[10May2026 20:21:02.111] [Render thread/DEBUG] [com.tterrag.registrate.AbstractRegistrate/REGISTRATE.REGISTER]: Registered fantasyfurniture:bone/wither/floor_light to registry ResourceKey[minecraft:root / minecraft:block]
[10May2026 20:21:02.111] [Render thread/DEBUG] [com.tterrag.registrate.AbstractRegistrate/REGISTRATE.REGISTER]: Registered fantasyfurniture:bone/wither/table_small to registry ResourceKey[minecraft:root / minecraft:block]
[10May2026 20:21:02.111] [Render thread/DEBUG] [com.tterrag.registrate.AbstractRegistrate/REGISTRATE.REGISTER]: Registered fantasyfurniture:bone/wither/table_wide to registry ResourceKey[minecraft:root / minecraft:block]
[10May2026 20:21:02.111] [Render thread/DEBUG] [com.tterrag.registrate.AbstractRegistrate/REGISTRATE.REGISTER]: Registered fantasyfurniture:bone/wither/table_large to registry ResourceKey[minecraft:root / minecraft:block]
[10May2026 20:21:02.111] [Render thread/DEBUG] [com.tterrag.registrate.AbstractRegistrate/REGISTRATE.REGISTER]: Registered fantasyfurniture:bone/wither/stool to registry ResourceKey[minecraft:root / minecraft:block]
[10May2026 20:21:02.111] [Render thread/DEBUG] [com.tterrag.registrate.AbstractRegistrate/REGISTRATE.REGISTER]: Registered fantasyfurniture:bone/wither/skull to registry ResourceKey[minecraft:root / minecraft:block]
[10May2026 20:21:02.112] [Render thread/DEBUG] [com.tterrag.registrate.AbstractRegistrate/REGISTRATE.REGISTER]: Registered fantasyfurniture:bone/wither/painting_small to registry ResourceKey[minecraft:root / minecraft:block]
[10May2026 20:21:02.112] [Render thread/DEBUG] [com.tterrag.registrate.AbstractRegistrate/REGISTRATE.REGISTER]: Registered fantasyfurniture:bone/wither/painting_wide to registry ResourceKey[minecraft:root / minecraft:block]
[10May2026 20:21:02.112] [Render thread/DEBUG] [com.tterrag.registrate.AbstractRegistrate/REGISTRATE.REGISTER]: Registered fantasyfurniture:bone/wither/drawer to registry ResourceKey[minecraft:root / minecraft:block]
[10May2026 20:21:02.112] [Render thread/DEBUG] [com.tterrag.registrate.AbstractRegistrate/REGISTRATE.REGISTER]: Registered fantasyfurniture:bone/wither/shelf to registry ResourceKey[minecraft:root / minecraft:block]
[10May2026 20:21:02.113] [Render thread/DEBUG] [com.tterrag.registrate.AbstractRegistrate/REGISTRATE.REGISTER]: Registered fantasyfurniture:bone/wither/sofa to registry ResourceKey[minecraft:root / minecraft:block]
[10May2026 20:21:02.113] [Render thread/DEBUG] [com.tterrag.registrate.AbstractRegistrate/REGISTRATE.REGISTER]: Registered fantasyfurniture:bone/wither/desk_left to registry ResourceKey[minecraft:root / minecraft:block]
[10May2026 20:21:02.113] [Render thread/DEBUG] [com.tterrag.registrate.AbstractRegistrate/REGISTRATE.REGISTER]: Registered fantasyfurniture:bone/wither/desk_right to registry ResourceKey[minecraft:root / minecraft:block]
[10May2026 20:21:02.114] [Render thread/DEBUG] [com.tterrag.registrate.AbstractRegistrate/REGISTRATE.REGISTER]: Registered fantasyfurniture:bone/wither/chair to registry ResourceKey[minecraft:root / minecraft:block]
[10May2026 20:21:02.114] [Render thread/DEBUG] [com.tterrag.registrate.AbstractRegistrate/REGISTRATE.REGISTER]: Registered fantasyfurniture:bone/wither/bench to registry ResourceKey[minecraft:root / minecraft:block]
[10May2026 20:21:02.115] [Render thread/DEBUG] [com.tterrag.registrate.AbstractRegistrate/REGISTRATE.REGISTER]: Registered fantasyfurniture:bone/wither/bookshelf to registry ResourceKey[minecraft:root / minecraft:block]
[10May2026 20:21:02.115] [Render thread/DEBUG] [com.tterrag.registrate.AbstractRegistrate/REGISTRATE.REGISTER]: Registered fantasyfurniture:bone/wither/chest to registry ResourceKey[minecraft:root / minecraft:block]
[10May2026 20:21:02.115] [Render thread/DEBUG] [com.tterrag.registrate.AbstractRegistrate/REGISTRATE.REGISTER]: Registered fantasyfurniture:bone/wither/dresser to registry ResourceKey[minecraft:root / minecraft:block]
[10May2026 20:21:02.115] [Render thread/DEBUG] [com.tterrag.registrate.AbstractRegistrate/REGISTRATE.REGISTER]: Registered fantasyfurniture:bone/wither/wardrobe_bottom to registry ResourceKey[minecraft:root / minecraft:block]
[10May2026 20:21:02.115] [Render thread/DEBUG] [com.tterrag.registrate.AbstractRegistrate/REGISTRATE.REGISTER]: Registered fantasyfurniture:bone/wither/wardrobe_top to registry ResourceKey[minecraft:root / minecraft:block]
[10May2026 20:21:02.116] [Render thread/DEBUG] [com.tterrag.registrate.AbstractRegistrate/REGISTRATE.REGISTER]: Registered fantasyfurniture:bone/wither/bed_single to registry ResourceKey[minecraft:root / minecraft:block]
[10May2026 20:21:02.117] [Render thread/DEBUG] [com.tterrag.registrate.AbstractRegistrate/REGISTRATE.REGISTER]: Registered fantasyfurniture:bone/wither/bed_double to registry ResourceKey[minecraft:root / minecraft:block]
[10May2026 20:21:02.117] [Render thread/DEBUG] [com.tterrag.registrate.AbstractRegistrate/REGISTRATE.REGISTER]: Registered fantasyfurniture:bone/wither/chandelier to registry ResourceKey[minecraft:root / minecraft:block]
[10May2026 20:21:02.117] [Render thread/DEBUG] [com.tterrag.registrate.AbstractRegistrate/REGISTRATE.REGISTER]: Registered fantasyfurniture:bone/wither/door_single to registry ResourceKey[minecraft:root / minecraft:block]
[10May2026 20:21:02.117] [Render thread/DEBUG] [com.tterrag.registrate.AbstractRegistrate/REGISTRATE.REGISTER]: Registered fantasyfurniture:bone/wither/door_double to registry ResourceKey[minecraft:root / minecraft:block]
[10May2026 20:21:02.117] [Render thread/DEBUG] [com.tterrag.registrate.AbstractRegistrate/REGISTRATE.REGISTER]: Registered fantasyfurniture:bone/wither/lockbox to registry ResourceKey[minecraft:root / minecraft:block]
[10May2026 20:21:02.118] [Render thread/DEBUG] [com.tterrag.registrate.AbstractRegistrate/REGISTRATE.REGISTER]: Registered fantasyfurniture:bone/wither/counter to registry ResourceKey[minecraft:root / minecraft:block]
[10May2026 20:21:02.118] [Render thread/DEBUG] [com.tterrag.registrate.AbstractRegistrate/REGISTRATE.REGISTER]: Registered fantasyfurniture:bone/wither/oven to registry ResourceKey[minecraft:root / minecraft:block]
[10May2026 20:21:02.118] [Render thread/DEBUG] [com.tterrag.registrate.AbstractRegistrate/REGISTRATE.REGISTER]: Registered fantasyfurniture:royal/wool to registry ResourceKey[minecraft:root / minecraft:block]
[10May2026 20:21:02.118] [Render thread/DEBUG] [com.tterrag.registrate.AbstractRegistrate/REGISTRATE.REGISTER]: Registered fantasyfurniture:royal/carpet to registry ResourceKey[minecraft:root / minecraft:block]
[10May2026 20:21:02.118] [Render thread/DEBUG] [com.tterrag.registrate.AbstractRegistrate/REGISTRATE.REGISTER]: Registered fantasyfurniture:royal/wall_light to registry ResourceKey[minecraft:root / minecraft:block]
[10May2026 20:21:02.119] [Render thread/DEBUG] [com.tterrag.registrate.AbstractRegistrate/REGISTRATE.REGISTER]: Registered fantasyfurniture:royal/floor_light to registry ResourceKey[minecraft:root / minecraft:block]
[10May2026 20:21:02.121] [Render thread/DEBUG] [com.tterrag.registrate.AbstractRegistrate/REGISTRATE.REGISTER]: Registered fantasyfurniture:royal/table_small to registry ResourceKey[minecraft:root / minecraft:block]
[10May2026 20:21:02.128] [Render thread/DEBUG] [com.tterrag.registrate.AbstractRegistrate/REGISTRATE.REGISTER]: Registered fantasyfurniture:royal/table_wide to registry ResourceKey[minecraft:root / minecraft:block]
[10May2026 20:21:02.141] [Render thread/DEBUG] [com.tterrag.registrate.AbstractRegistrate/REGISTRATE.REGISTER]: Registered fantasyfurniture:royal/table_large to registry ResourceKey[minecraft:root / minecraft:block]
[10May2026 20:21:02.145] [Render thread/DEBUG] [com.tterrag.registrate.AbstractRegistrate/REGISTRATE.REGISTER]: Registered fantasyfurniture:royal/stool to registry ResourceKey[minecraft:root / minecraft:block]
[10May2026 20:21:02.150] [Render thread/DEBUG] [com.tterrag.registrate.AbstractRegistrate/REGISTRATE.REGISTER]: Registered fantasyfurniture:royal/cushion to registry ResourceKey[minecraft:root / minecraft:block]
[10May2026 20:21:02.150] [Render thread/DEBUG] [com.tterrag.registrate.AbstractRegistrate/REGISTRATE.REGISTER]: Registered fantasyfurniture:royal/painting_small to registry ResourceKey[minecraft:root / minecraft:block]
[10May2026 20:21:02.150] [Render thread/DEBUG] [com.tterrag.registrate.AbstractRegistrate/REGISTRATE.REGISTER]: Registered fantasyfurniture:royal/painting_wide to registry ResourceKey[minecraft:root / minecraft:block]
[10May2026 20:21:02.152] [Render thread/DEBUG] [com.tterrag.registrate.AbstractRegistrate/REGISTRATE.REGISTER]: Registered fantasyfurniture:royal/drawer to registry ResourceKey[minecraft:root / minecraft:block]
[10May2026 20:21:02.162] [Render thread/DEBUG] [com.tterrag.registrate.AbstractRegistrate/REGISTRATE.REGISTER]: Registered fantasyfurniture:royal/shelf to registry ResourceKey[minecraft:root / minecraft:block]
[10May2026 20:21:02.254] [Render thread/DEBUG] [com.tterrag.registrate.AbstractRegistrate/REGISTRATE.REGISTER]: Registered fantasyfurniture:royal/sofa to registry ResourceKey[minecraft:root / minecraft:block]
[10May2026 20:21:02.261] [Render thread/DEBUG] [com.tterrag.registrate.AbstractRegistrate/REGISTRATE.REGISTER]: Registered fantasyfurniture:royal/desk_left to registry ResourceKey[minecraft:root / minecraft:block]
[10May2026 20:21:02.268] [Render thread/DEBUG] [com.tterrag.registrate.AbstractRegistrate/REGISTRATE.REGISTER]: Registered fantasyfurniture:royal/desk_right to registry ResourceKey[minecraft:root / minecraft:block]
[10May2026 20:21:02.284] [Render thread/DEBUG] [com.tterrag.registrate.AbstractRegistrate/REGISTRATE.REGISTER]: Registered fantasyfurniture:royal/chair to registry ResourceKey[minecraft:root / minecraft:block]
[10May2026 20:21:02.300] [Render thread/DEBUG] [com.tterrag.registrate.AbstractRegistrate/REGISTRATE.REGISTER]: Registered fantasyfurniture:royal/bench to registry ResourceKey[minecraft:root / minecraft:block]
[10May2026 20:21:02.313] [Render thread/DEBUG] [com.tterrag.registrate.AbstractRegistrate/REGISTRATE.REGISTER]: Registered fantasyfurniture:royal/bookshelf to registry ResourceKey[minecraft:root / minecraft:block]
[10May2026 20:21:02.320] [Render thread/DEBUG] [com.tterrag.registrate.AbstractRegistrate/REGISTRATE.REGISTER]: Registered fantasyfurniture:royal/chest to registry ResourceKey[minecraft:root / minecraft:block]
[10May2026 20:21:02.327] [Render thread/DEBUG] [com.tterrag.registrate.AbstractRegistrate/REGISTRATE.REGISTER]: Registered fantasyfurniture:royal/dresser to registry ResourceKey[minecraft:root / minecraft:block]
[10May2026 20:21:02.339] [Render thread/DEBUG] [com.tterrag.registrate.AbstractRegistrate/REGISTRATE.REGISTER]: Registered fantasyfurniture:royal/wardrobe_bottom to registry ResourceKey[minecraft:root / minecraft:block]
[10May2026 20:21:02.346] [Render thread/DEBUG] [com.tterrag.registrate.AbstractRegistrate/REGISTRATE.REGISTER]: Registered fantasyfurniture:royal/wardrobe_top to registry ResourceKey[minecraft:root / minecraft:block]
[10May2026 20:21:02.362] [Render thread/DEBUG] [com.tterrag.registrate.AbstractRegistrate/REGISTRATE.REGISTER]: Registered fantasyfurniture:royal/bed_single to registry ResourceKey[minecraft:root / minecraft:block]
[10May2026 20:21:02.391] [Render thread/DEBUG] [com.tterrag.registrate.AbstractRegistrate/REGISTRATE.REGISTER]: Registered fantasyfurniture:royal/bed_double to registry ResourceKey[minecraft:root / minecraft:block]
[10May2026 20:21:02.391] [Render thread/DEBUG] [com.tterrag.registrate.AbstractRegistrate/REGISTRATE.REGISTER]: Registered fantasyfurniture:royal/chandelier to registry ResourceKey[minecraft:root / minecraft:block]
[10May2026 20:21:02.402] [Render thread/DEBUG] [com.tterrag.registrate.AbstractRegistrate/REGISTRATE.REGISTER]: Registered fantasyfurniture:royal/door_single to registry ResourceKey[minecraft:root / minecraft:block]
[10May2026 20:21:02.414] [Render thread/DEBUG] [com.tterrag.registrate.AbstractRegistrate/REGISTRATE.REGISTER]: Registered fantasyfurniture:royal/door_double to registry ResourceKey[minecraft:root / minecraft:block]
[10May2026 20:21:02.416] [Render thread/DEBUG] [com.tterrag.registrate.AbstractRegistrate/REGISTRATE.REGISTER]: Registered fantasyfurniture:royal/lockbox to registry ResourceKey[minecraft:root / minecraft:block]
[10May2026 20:21:02.420] [Render thread/DEBUG] [com.tterrag.registrate.AbstractRegistrate/REGISTRATE.REGISTER]: Registered fantasyfurniture:royal/counter to registry ResourceKey[minecraft:root / minecraft:block]
[10May2026 20:21:02.424] [Render thread/DEBUG] [com.tterrag.registrate.AbstractRegistrate/REGISTRATE.REGISTER]: Registered fantasyfurniture:royal/oven to registry ResourceKey[minecraft:root / minecraft:block]
[10May2026 20:21:02.425] [Render thread/DEBUG] [com.tterrag.registrate.AbstractRegistrate/REGISTRATE.REGISTER]: Registered fantasyfurniture:necrolord/wool to registry ResourceKey[minecraft:root / minecraft:block]
[10May2026 20:21:02.425] [Render thread/DEBUG] [com.tterrag.registrate.AbstractRegistrate/REGISTRATE.REGISTER]: Registered fantasyfurniture:necrolord/carpet to registry ResourceKey[minecraft:root / minecraft:block]
[10May2026 20:21:02.425] [Render thread/DEBUG] [com.tterrag.registrate.AbstractRegistrate/REGISTRATE.REGISTER]: Registered fantasyfurniture:necrolord/wall_light to registry ResourceKey[minecraft:root / minecraft:block]
[10May2026 20:21:02.425] [Render thread/DEBUG] [com.tterrag.registrate.AbstractRegistrate/REGISTRATE.REGISTER]: Registered fantasyfurniture:necrolord/floor_light to registry ResourceKey[minecraft:root / minecraft:block]
[10May2026 20:21:02.425] [Render thread/DEBUG] [com.tterrag.registrate.AbstractRegistrate/REGISTRATE.REGISTER]: Registered fantasyfurniture:necrolord/table_small to registry ResourceKey[minecraft:root / minecraft:block]
[10May2026 20:21:02.425] [Render thread/DEBUG] [com.tterrag.registrate.AbstractRegistrate/REGISTRATE.REGISTER]: Registered fantasyfurniture:necrolord/table_wide to registry ResourceKey[minecraft:root / minecraft:block]
[10May2026 20:21:02.426] [Render thread/DEBUG] [com.tterrag.registrate.AbstractRegistrate/REGISTRATE.REGISTER]: Registered fantasyfurniture:necrolord/table_large to registry ResourceKey[minecraft:root / minecraft:block]
[10May2026 20:21:02.426] [Render thread/DEBUG] [com.tterrag.registrate.AbstractRegistrate/REGISTRATE.REGISTER]: Registered fantasyfurniture:necrolord/stool to registry ResourceKey[minecraft:root / minecraft:block]
[10May2026 20:21:02.426] [Render thread/DEBUG] [com.tterrag.registrate.AbstractRegistrate/REGISTRATE.REGISTER]: Registered fantasyfurniture:necrolord/cushion to registry ResourceKey[minecraft:root / minecraft:block]
[10May2026 20:21:02.426] [Render thread/DEBUG] [com.tterrag.registrate.AbstractRegistrate/REGISTRATE.REGISTER]: Registered fantasyfurniture:necrolord/painting_small to registry ResourceKey[minecraft:root / minecraft:block]
[10May2026 20:21:02.426] [Render thread/DEBUG] [com.tterrag.registrate.AbstractRegistrate/REGISTRATE.REGISTER]: Registered fantasyfurniture:necrolord/painting_wide to registry ResourceKey[minecraft:root / minecraft:block]
[10May2026 20:21:02.426] [Render thread/DEBUG] [com.tterrag.registrate.AbstractRegistrate/REGISTRATE.REGISTER]: Registered fantasyfurniture:necrolord/drawer to registry ResourceKey[minecraft:root / minecraft:block]
[10May2026 20:21:02.427] [Render thread/DEBUG] [com.tterrag.registrate.AbstractRegistrate/REGISTRATE.REGISTER]: Registered fantasyfurniture:necrolord/shelf to registry ResourceKey[minecraft:root / minecraft:block]
[10May2026 20:21:02.427] [Render thread/DEBUG] [com.tterrag.registrate.AbstractRegistrate/REGISTRATE.REGISTER]: Registered fantasyfurniture:necrolord/sofa to registry ResourceKey[minecraft:root / minecraft:block]
[10May2026 20:21:02.428] [Render thread/DEBUG] [com.tterrag.registrate.AbstractRegistrate/REGISTRATE.REGISTER]: Registered fantasyfurniture:necrolord/desk_left to registry ResourceKey[minecraft:root / minecraft:block]
[10May2026 20:21:02.428] [Render thread/DEBUG] [com.tterrag.registrate.AbstractRegistrate/REGISTRATE.REGISTER]: Registered fantasyfurniture:necrolord/desk_right to registry ResourceKey[minecraft:root / minecraft:block]
[10May2026 20:21:02.428] [Render thread/DEBUG] [com.tterrag.registrate.AbstractRegistrate/REGISTRATE.REGISTER]: Registered fantasyfurniture:necrolord/chair to registry ResourceKey[minecraft:root / minecraft:block]
[10May2026 20:21:02.429] [Render thread/DEBUG] [com.tterrag.registrate.AbstractRegistrate/REGISTRATE.REGISTER]: Registered fantasyfurniture:necrolord/bench to registry ResourceKey[minecraft:root / minecraft:block]
[10May2026 20:21:02.429] [Render thread/DEBUG] [com.tterrag.registrate.AbstractRegistrate/REGISTRATE.REGISTER]: Registered fantasyfurniture:necrolord/bookshelf to registry ResourceKey[minecraft:root / minecraft:block]
[10May2026 20:21:02.429] [Render thread/DEBUG] [com.tterrag.registrate.AbstractRegistrate/REGISTRATE.REGISTER]: Registered fantasyfurniture:necrolord/chest to registry ResourceKey[minecraft:root / minecraft:block]
[10May2026 20:21:02.429] [Render thread/DEBUG] [com.tterrag.registrate.AbstractRegistrate/REGISTRATE.REGISTER]: Registered fantasyfurniture:necrolord/dresser to registry ResourceKey[minecraft:root / minecraft:block]
[10May2026 20:21:02.430] [Render thread/DEBUG] [com.tterrag.registrate.AbstractRegistrate/REGISTRATE.REGISTER]: Registered fantasyfurniture:necrolord/wardrobe_bottom to registry ResourceKey[minecraft:root / minecraft:block]
[10May2026 20:21:02.430] [Render thread/DEBUG] [com.tterrag.registrate.AbstractRegistrate/REGISTRATE.REGISTER]: Registered fantasyfurniture:necrolord/wardrobe_top to registry ResourceKey[minecraft:root / minecraft:block]
[10May2026 20:21:02.430] [Render thread/DEBUG] [com.tterrag.registrate.AbstractRegistrate/REGISTRATE.REGISTER]: Registered fantasyfurniture:necrolord/bed_single to registry ResourceKey[minecraft:root / minecraft:block]
[10May2026 20:21:02.431] [Render thread/DEBUG] [com.tterrag.registrate.AbstractRegistrate/REGISTRATE.REGISTER]: Registered fantasyfurniture:necrolord/bed_double to registry ResourceKey[minecraft:root / minecraft:block]
[10May2026 20:21:02.431] [Render thread/DEBUG] [com.tterrag.registrate.AbstractRegistrate/REGISTRATE.REGISTER]: Registered fantasyfurniture:necrolord/chandelier to registry ResourceKey[minecraft:root / minecraft:block]
[10May2026 20:21:02.431] [Render thread/DEBUG] [com.tterrag.registrate.AbstractRegistrate/REGISTRATE.REGISTER]: Registered fantasyfurniture:necrolord/door_single to registry ResourceKey[minecraft:root / minecraft:block]
[10May2026 20:21:02.432] [Render thread/DEBUG] [com.tterrag.registrate.AbstractRegistrate/REGISTRATE.REGISTER]: Registered fantasyfurniture:necrolord/door_double to registry ResourceKey[minecraft:root / minecraft:block]
[10May2026 20:21:02.432] [Render thread/DEBUG] [com.tterrag.registrate.AbstractRegistrate/REGISTRATE.REGISTER]: Registered fantasyfurniture:necrolord/lockbox to registry ResourceKey[minecraft:root / minecraft:block]
[10May2026 20:21:02.432] [Render thread/DEBUG] [com.tterrag.registrate.AbstractRegistrate/REGISTRATE.REGISTER]: Registered fantasyfurniture:necrolord/counter to registry ResourceKey[minecraft:root / minecraft:block]
[10May2026 20:21:02.432] [Render thread/DEBUG] [com.tterrag.registrate.AbstractRegistrate/REGISTRATE.REGISTER]: Registered fantasyfurniture:necrolord/oven to registry ResourceKey[minecraft:root / minecraft:block]
[10May2026 20:21:02.433] [Render thread/DEBUG] [com.tterrag.registrate.AbstractRegistrate/REGISTRATE.REGISTER]: Registered fantasyfurniture:furniture_station to registry ResourceKey[minecraft:root / minecraft:block]
[10May2026 20:21:02.456] [Render thread/DEBUG] [net.minecraftforge.registries.GameData/REGISTRIES]: Applying holder lookups: minecraft:block
[10May2026 20:21:02.458] [Render thread/DEBUG] [net.minecraftforge.registries.GameData/REGISTRIES]: Holder lookups applied: minecraft:block
[10May2026 20:21:02.459] [Render thread/DEBUG] [net.minecraftforge.registries.GameData/REGISTRIES]: Applying holder lookups: minecraft:attribute
[10May2026 20:21:02.459] [Render thread/DEBUG] [net.minecraftforge.registries.GameData/REGISTRIES]: Holder lookups applied: minecraft:attribute
[10May2026 20:21:02.459] [Render thread/DEBUG] [net.minecraftforge.registries.GameData/REGISTRIES]: Applying holder lookups: minecraft:mob_effect
[10May2026 20:21:02.460] [Render thread/DEBUG] [net.minecraftforge.registries.GameData/REGISTRIES]: Holder lookups applied: minecraft:mob_effect
[10May2026 20:21:02.460] [Render thread/DEBUG] [com.tterrag.registrate.AbstractRegistrate/REGISTRATE.REGISTER]: Registering 3 known objects of type minecraft:particle_type
[10May2026 20:21:02.460] [Render thread/DEBUG] [com.tterrag.registrate.AbstractRegistrate/REGISTRATE.REGISTER]: Registered fantasyfurniture:small_soul_fire_flame to registry ResourceKey[minecraft:root / minecraft:particle_type]
[10May2026 20:21:02.460] [Render thread/DEBUG] [com.tterrag.registrate.AbstractRegistrate/REGISTRATE.REGISTER]: Registered fantasyfurniture:necrolord_flame to registry ResourceKey[minecraft:root / minecraft:particle_type]
[10May2026 20:21:02.460] [Render thread/DEBUG] [com.tterrag.registrate.AbstractRegistrate/REGISTRATE.REGISTER]: Registered fantasyfurniture:small_necrolord_flame to registry ResourceKey[minecraft:root / minecraft:particle_type]
[10May2026 20:21:02.460] [Render thread/DEBUG] [net.minecraftforge.registries.GameData/REGISTRIES]: Applying holder lookups: minecraft:particle_type
[10May2026 20:21:02.460] [Render thread/DEBUG] [net.minecraftforge.registries.GameData/REGISTRIES]: Holder lookups applied: minecraft:particle_type
[10May2026 20:21:02.462] [Render thread/DEBUG] [mixin/]: Mixing ThirdPersonRendererMixin from moonlight-common.mixins.json into net.minecraft.client.model.HumanoidModel
[10May2026 20:21:02.475] [Render thread/DEBUG] [mixin/]: Mixing AgeableListAccessor from supplementaries-common.mixins.json into net.minecraft.client.model.AgeableListModel
[10May2026 20:21:02.506] [Render thread/DEBUG] [net.minecraftforge.registries.ForgeRegistry/REGISTRIES]: Registry minecraft:item Override: minecraft:shulker_shell shulker_shell -> air
[10May2026 20:21:02.508] [Render thread/DEBUG] [mixin/]: Mixing self.SelfDispenserMinecraftMixin from supplementaries.mixins.json into net.mehvahdjukaar.supplementaries.common.entities.dispenser_minecart.DispenserMinecartEntity
[10May2026 20:21:02.509] [Render thread/DEBUG] [mixin/]: Renaming synthetic method lambda$reviveCaps$1()Lnet/minecraftforge/items/wrapper/InvWrapper; to md2f2977$lambda$reviveCaps$1$0 in supplementaries.mixins.json:self.SelfDispenserMinecraftMixin
[10May2026 20:21:02.509] [Render thread/DEBUG] [mixin/]: Renaming synthetic method lambda$new$0()Lnet/minecraftforge/items/wrapper/InvWrapper; to md2f2977$lambda$new$0$1 in supplementaries.mixins.json:self.SelfDispenserMinecraftMixin
[10May2026 20:21:02.514] [Render thread/DEBUG] [mixin/]: Generating mapped inner class net/minecraft/world/item/Item$Anonymous$ffd2d18a64014f9f8fb7293ba3cb8912 (originally net/mehvahdjukaar/moonlight/core/mixins/forge/ItemMixin$1)
[10May2026 20:21:02.522] [Render thread/DEBUG] [com.tterrag.registrate.AbstractRegistrate/REGISTRATE.REGISTER]: Registering 294 known objects of type minecraft:item
[10May2026 20:21:02.522] [Render thread/DEBUG] [com.tterrag.registrate.AbstractRegistrate/REGISTRATE.REGISTER]: Registered fantasyfurniture:furniture_station to registry ResourceKey[minecraft:root / minecraft:item]
[10May2026 20:21:02.522] [Render thread/DEBUG] [com.tterrag.registrate.AbstractRegistrate/REGISTRATE.REGISTER]: Registered fantasyfurniture:decorations/berry_basket_empty to registry ResourceKey[minecraft:root / minecraft:item]
[10May2026 20:21:02.522] [Render thread/DEBUG] [com.tterrag.registrate.AbstractRegistrate/REGISTRATE.REGISTER]: Registered fantasyfurniture:decorations/berry_basket_sweetberry to registry ResourceKey[minecraft:root / minecraft:item]
[10May2026 20:21:02.522] [Render thread/DEBUG] [com.tterrag.registrate.AbstractRegistrate/REGISTRATE.REGISTER]: Registered fantasyfurniture:decorations/berry_basket_blueberry to registry ResourceKey[minecraft:root / minecraft:item]
[10May2026 20:21:02.522] [Render thread/DEBUG] [com.tterrag.registrate.AbstractRegistrate/REGISTRATE.REGISTER]: Registered fantasyfurniture:decorations/berry_basket_strawberry to registry ResourceKey[minecraft:root / minecraft:item]
[10May2026 20:21:02.522] [Render thread/DEBUG] [com.tterrag.registrate.AbstractRegistrate/REGISTRATE.REGISTER]: Registered fantasyfurniture:decorations/bolts_of_cloth to registry ResourceKey[minecraft:root / minecraft:item]
[10May2026 20:21:02.523] [Render thread/DEBUG] [com.tterrag.registrate.AbstractRegistrate/REGISTRATE.REGISTER]: Registered fantasyfurniture:decorations/book_stack to registry ResourceKey[minecraft:root / minecraft:item]
[10May2026 20:21:02.523] [Render thread/DEBUG] [com.tterrag.registrate.AbstractRegistrate/REGISTRATE.REGISTER]: Registered fantasyfurniture:decorations/bowl_empty to registry ResourceKey[minecraft:root / minecraft:item]
[10May2026 20:21:02.523] [Render thread/DEBUG] [com.tterrag.registrate.AbstractRegistrate/REGISTRATE.REGISTER]: Registered fantasyfurniture:decorations/bowl_beetroot_soup to registry ResourceKey[minecraft:root / minecraft:item]
[10May2026 20:21:02.523] [Render thread/DEBUG] [com.tterrag.registrate.AbstractRegistrate/REGISTRATE.REGISTER]: Registered fantasyfurniture:decorations/bowl_mushroom_stew to registry ResourceKey[minecraft:root / minecraft:item]
[10May2026 20:21:02.523] [Render thread/DEBUG] [com.tterrag.registrate.AbstractRegistrate/REGISTRATE.REGISTER]: Registered fantasyfurniture:decorations/tankards_empty to registry ResourceKey[minecraft:root / minecraft:item]
[10May2026 20:21:02.523] [Render thread/DEBUG] [com.tterrag.registrate.AbstractRegistrate/REGISTRATE.REGISTER]: Registered fantasyfurniture:decorations/tankards_honeymead to registry ResourceKey[minecraft:root / minecraft:item]
[10May2026 20:21:02.523] [Render thread/DEBUG] [com.tterrag.registrate.AbstractRegistrate/REGISTRATE.REGISTER]: Registered fantasyfurniture:decorations/tankards_milk to registry ResourceKey[minecraft:root / minecraft:item]
[10May2026 20:21:02.523] [Render thread/DEBUG] [com.tterrag.registrate.AbstractRegistrate/REGISTRATE.REGISTER]: Registered fantasyfurniture:decorations/tankards_sweetberry to registry ResourceKey[minecraft:root / minecraft:item]
[10May2026 20:21:02.523] [Render thread/DEBUG] [com.tterrag.registrate.AbstractRegistrate/REGISTRATE.REGISTER]: Registered fantasyfurniture:decorations/mushrooms_red to registry ResourceKey[minecraft:root / minecraft:item]
[10May2026 20:21:02.523] [Render thread/DEBUG] [com.tterrag.registrate.AbstractRegistrate/REGISTRATE.REGISTER]: Registered fantasyfurniture:decorations/coin_stack_gold to registry ResourceKey[minecraft:root / minecraft:item]
[10May2026 20:21:02.523] [Render thread/DEBUG] [com.tterrag.registrate.AbstractRegistrate/REGISTRATE.REGISTER]: Registered fantasyfurniture:decorations/coin_stack_iron to registry ResourceKey[minecraft:root / minecraft:item]
[10May2026 20:21:02.523] [Render thread/DEBUG] [com.tterrag.registrate.AbstractRegistrate/REGISTRATE.REGISTER]: Registered fantasyfurniture:decorations/muffins_blueberry to registry ResourceKey[minecraft:root / minecraft:item]
[10May2026 20:21:02.523] [Render thread/DEBUG] [com.tterrag.registrate.AbstractRegistrate/REGISTRATE.REGISTER]: Registered fantasyfurniture:decorations/muffins_chocolate to registry ResourceKey[minecraft:root / minecraft:item]
[10May2026 20:21:02.523] [Render thread/DEBUG] [com.tterrag.registrate.AbstractRegistrate/REGISTRATE.REGISTER]: Registered fantasyfurniture:decorations/muffins_sweetberry to registry ResourceKey[minecraft:root / minecraft:item]
[10May2026 20:21:02.523] [Render thread/DEBUG] [com.tterrag.registrate.AbstractRegistrate/REGISTRATE.REGISTER]: Registered fantasyfurniture:decorations/paper_stack to registry ResourceKey[minecraft:root / minecraft:item]
[10May2026 20:21:02.523] [Render thread/DEBUG] [com.tterrag.registrate.AbstractRegistrate/REGISTRATE.REGISTER]: Registered fantasyfurniture:decorations/cookie_jar to registry ResourceKey[minecraft:root / minecraft:item]
[10May2026 20:21:02.523] [Render thread/DEBUG] [com.tterrag.registrate.AbstractRegistrate/REGISTRATE.REGISTER]: Registered fantasyfurniture:decorations/brewing_cauldron to registry ResourceKey[minecraft:root / minecraft:item]
[10May2026 20:21:02.523] [Render thread/DEBUG] [com.tterrag.registrate.AbstractRegistrate/REGISTRATE.REGISTER]: Registered fantasyfurniture:decorations/floating_tomes to registry ResourceKey[minecraft:root / minecraft:item]
[10May2026 20:21:02.523] [Render thread/DEBUG] [com.tterrag.registrate.AbstractRegistrate/REGISTRATE.REGISTER]: Registered fantasyfurniture:decorations/gravestone to registry ResourceKey[minecraft:root / minecraft:item]
[10May2026 20:21:02.523] [Render thread/DEBUG] [com.tterrag.registrate.AbstractRegistrate/REGISTRATE.REGISTER]: Registered fantasyfurniture:decorations/hanging_herbs to registry ResourceKey[minecraft:root / minecraft:item]
[10May2026 20:21:02.523] [Render thread/DEBUG] [com.tterrag.registrate.AbstractRegistrate/REGISTRATE.REGISTER]: Registered fantasyfurniture:decorations/spider_web_small to registry ResourceKey[minecraft:root / minecraft:item]
[10May2026 20:21:02.523] [Render thread/DEBUG] [com.tterrag.registrate.AbstractRegistrate/REGISTRATE.REGISTER]: Registered fantasyfurniture:decorations/spider_web_wide to registry ResourceKey[minecraft:root / minecraft:item]
[10May2026 20:21:02.523] [Render thread/DEBUG] [com.tterrag.registrate.AbstractRegistrate/REGISTRATE.REGISTER]: Registered fantasyfurniture:decorations/stackable_pumpkins to registry ResourceKey[minecraft:root / minecraft:item]
[10May2026 20:21:02.523] [Render thread/DEBUG] [com.tterrag.registrate.AbstractRegistrate/REGISTRATE.REGISTER]: Registered fantasyfurniture:decorations/bronze_chain to registry ResourceKey[minecraft:root / minecraft:item]
[10May2026 20:21:02.523] [Render thread/DEBUG] [com.tterrag.registrate.AbstractRegistrate/REGISTRATE.REGISTER]: Registered fantasyfurniture:decorations/mushrooms_brown to registry ResourceKey[minecraft:root / minecraft:item]
[10May2026 20:21:02.523] [Render thread/DEBUG] [com.tterrag.registrate.AbstractRegistrate/REGISTRATE.REGISTER]: Registered fantasyfurniture:decorations/potion_bottles to registry ResourceKey[minecraft:root / minecraft:item]
[10May2026 20:21:02.523] [Render thread/DEBUG] [com.tterrag.registrate.AbstractRegistrate/REGISTRATE.REGISTER]: Registered fantasyfurniture:decorations/potion_bottles_dyeable to registry ResourceKey[minecraft:root / minecraft:item]
[10May2026 20:21:02.524] [Render thread/DEBUG] [com.tterrag.registrate.AbstractRegistrate/REGISTRATE.REGISTER]: Registered fantasyfurniture:decorations/fairy_lights_1 to registry ResourceKey[minecraft:root / minecraft:item]
[10May2026 20:21:02.524] [Render thread/DEBUG] [com.tterrag.registrate.AbstractRegistrate/REGISTRATE.REGISTER]: Registered fantasyfurniture:decorations/fairy_lights_2 to registry ResourceKey[minecraft:root / minecraft:item]
[10May2026 20:21:02.524] [Render thread/DEBUG] [com.tterrag.registrate.AbstractRegistrate/REGISTRATE.REGISTER]: Registered fantasyfurniture:decorations/presents_stack_1 to registry ResourceKey[minecraft:root / minecraft:item]
[10May2026 20:21:02.524] [Render thread/DEBUG] [com.tterrag.registrate.AbstractRegistrate/REGISTRATE.REGISTER]: Registered fantasyfurniture:decorations/presents_stack_2 to registry ResourceKey[minecraft:root / minecraft:item]
[10May2026 20:21:02.524] [Render thread/DEBUG] [com.tterrag.registrate.AbstractRegistrate/REGISTRATE.REGISTER]: Registered fantasyfurniture:decorations/snowballs to registry ResourceKey[minecraft:root / minecraft:item]
[10May2026 20:21:02.524] [Render thread/DEBUG] [com.tterrag.registrate.AbstractRegistrate/REGISTRATE.REGISTER]: Registered fantasyfurniture:decorations/stocking to registry ResourceKey[minecraft:root / minecraft:item]
[10May2026 20:21:02.524] [Render thread/DEBUG] [com.tterrag.registrate.AbstractRegistrate/REGISTRATE.REGISTER]: Registered fantasyfurniture:decorations/nordic_boiled_creme_treats to registry ResourceKey[minecraft:root / minecraft:item]
[10May2026 20:21:02.524] [Render thread/DEBUG] [com.tterrag.registrate.AbstractRegistrate/REGISTRATE.REGISTER]: Registered fantasyfurniture:decorations/nordic_sweetrolls to registry ResourceKey[minecraft:root / minecraft:item]
[10May2026 20:21:02.524] [Render thread/DEBUG] [com.tterrag.registrate.AbstractRegistrate/REGISTRATE.REGISTER]: Registered fantasyfurniture:decorations/nordic_mead_bottles to registry ResourceKey[minecraft:root / minecraft:item]
[10May2026 20:21:02.524] [Render thread/DEBUG] [com.tterrag.registrate.AbstractRegistrate/REGISTRATE.REGISTER]: Registered fantasyfurniture:decorations/nordic_soul_gems_light to registry ResourceKey[minecraft:root / minecraft:item]
[10May2026 20:21:02.524] [Render thread/DEBUG] [com.tterrag.registrate.AbstractRegistrate/REGISTRATE.REGISTER]: Registered fantasyfurniture:decorations/nordic_soul_gems_dark to registry ResourceKey[minecraft:root / minecraft:item]
[10May2026 20:21:02.524] [Render thread/DEBUG] [com.tterrag.registrate.AbstractRegistrate/REGISTRATE.REGISTER]: Registered fantasyfurniture:decorations/venthyr_food_0 to registry ResourceKey[minecraft:root / minecraft:item]
[10May2026 20:21:02.524] [Render thread/DEBUG] [com.tterrag.registrate.AbstractRegistrate/REGISTRATE.REGISTER]: Registered fantasyfurniture:decorations/venthyr_food_1 to registry ResourceKey[minecraft:root / minecraft:item]
[10May2026 20:21:02.524] [Render thread/DEBUG] [com.tterrag.registrate.AbstractRegistrate/REGISTRATE.REGISTER]: Registered fantasyfurniture:decorations/venthyr_tea_set to registry ResourceKey[minecraft:root / minecraft:item]
[10May2026 20:21:02.524] [Render thread/DEBUG] [com.tterrag.registrate.AbstractRegistrate/REGISTRATE.REGISTER]: Registered fantasyfurniture:decorations/venthyr_tea_cups to registry ResourceKey[minecraft:root / minecraft:item]
[10May2026 20:21:02.524] [Render thread/DEBUG] [com.tterrag.registrate.AbstractRegistrate/REGISTRATE.REGISTER]: Registered fantasyfurniture:decorations/venthyr_platter to registry ResourceKey[minecraft:root / minecraft:item]
[10May2026 20:21:02.524] [Render thread/DEBUG] [com.tterrag.registrate.AbstractRegistrate/REGISTRATE.REGISTER]: Registered fantasyfurniture:decorations/venthyr_widow_bloom to registry ResourceKey[minecraft:root / minecraft:item]
[10May2026 20:21:02.524] [Render thread/DEBUG] [com.tterrag.registrate.AbstractRegistrate/REGISTRATE.REGISTER]: Registered fantasyfurniture:decorations/venthyr_tomes to registry ResourceKey[minecraft:root / minecraft:item]
[10May2026 20:21:02.524] [Render thread/DEBUG] [com.tterrag.registrate.AbstractRegistrate/REGISTRATE.REGISTER]: Registered fantasyfurniture:decorations/venthyr_chalices to registry ResourceKey[minecraft:root / minecraft:item]
[10May2026 20:21:02.524] [Render thread/DEBUG] [com.tterrag.registrate.AbstractRegistrate/REGISTRATE.REGISTER]: Registered fantasyfurniture:decorations/venthyr_candles to registry ResourceKey[minecraft:root / minecraft:item]
[10May2026 20:21:02.525] [Render thread/DEBUG] [com.tterrag.registrate.AbstractRegistrate/REGISTRATE.REGISTER]: Registered fantasyfurniture:decorations/venthyr_banner to registry ResourceKey[minecraft:root / minecraft:item]
[10May2026 20:21:02.525] [Render thread/DEBUG] [com.tterrag.registrate.AbstractRegistrate/REGISTRATE.REGISTER]: Registered fantasyfurniture:decorations/dunmer_pottery_0 to registry ResourceKey[minecraft:root / minecraft:item]
[10May2026 20:21:02.525] [Render thread/DEBUG] [com.tterrag.registrate.AbstractRegistrate/REGISTRATE.REGISTER]: Registered fantasyfurniture:decorations/dunmer_pottery_1 to registry ResourceKey[minecraft:root / minecraft:item]
[10May2026 20:21:02.525] [Render thread/DEBUG] [com.tterrag.registrate.AbstractRegistrate/REGISTRATE.REGISTER]: Registered fantasyfurniture:decorations/bone_candles to registry ResourceKey[minecraft:root / minecraft:item]
[10May2026 20:21:02.525] [Render thread/DEBUG] [com.tterrag.registrate.AbstractRegistrate/REGISTRATE.REGISTER]: Registered fantasyfurniture:decorations/bone_skeleton_chalices to registry ResourceKey[minecraft:root / minecraft:item]
[10May2026 20:21:02.525] [Render thread/DEBUG] [com.tterrag.registrate.AbstractRegistrate/REGISTRATE.REGISTER]: Registered fantasyfurniture:decorations/bone_skeleton_pile to registry ResourceKey[minecraft:root / minecraft:item]
[10May2026 20:21:02.525] [Render thread/DEBUG] [com.tterrag.registrate.AbstractRegistrate/REGISTRATE.REGISTER]: Registered fantasyfurniture:decorations/bone_skeleton_skull_blossoms to registry ResourceKey[minecraft:root / minecraft:item]
[10May2026 20:21:02.525] [Render thread/DEBUG] [com.tterrag.registrate.AbstractRegistrate/REGISTRATE.REGISTER]: Registered fantasyfurniture:decorations/bone_wither_chalices to registry ResourceKey[minecraft:root / minecraft:item]
[10May2026 20:21:02.525] [Render thread/DEBUG] [com.tterrag.registrate.AbstractRegistrate/REGISTRATE.REGISTER]: Registered fantasyfurniture:decorations/bone_wither_pile to registry ResourceKey[minecraft:root / minecraft:item]
[10May2026 20:21:02.525] [Render thread/DEBUG] [com.tterrag.registrate.AbstractRegistrate/REGISTRATE.REGISTER]: Registered fantasyfurniture:decorations/bone_wither_skull_blossoms to registry ResourceKey[minecraft:root / minecraft:item]
[10May2026 20:21:02.525] [Render thread/DEBUG] [com.tterrag.registrate.AbstractRegistrate/REGISTRATE.REGISTER]: Registered fantasyfurniture:decorations/royal_crown to registry ResourceKey[minecraft:root / minecraft:item]
[10May2026 20:21:02.525] [Render thread/DEBUG] [com.tterrag.registrate.AbstractRegistrate/REGISTRATE.REGISTER]: Registered fantasyfurniture:decorations/royal_candelabra to registry ResourceKey[minecraft:root / minecraft:item]
[10May2026 20:21:02.525] [Render thread/DEBUG] [com.tterrag.registrate.AbstractRegistrate/REGISTRATE.REGISTER]: Registered fantasyfurniture:decorations/royal_chalices to registry ResourceKey[minecraft:root / minecraft:item]
[10May2026 20:21:02.525] [Render thread/DEBUG] [com.tterrag.registrate.AbstractRegistrate/REGISTRATE.REGISTER]: Registered fantasyfurniture:decorations/royal_cushioned_crown to registry ResourceKey[minecraft:root / minecraft:item]
[10May2026 20:21:02.525] [Render thread/DEBUG] [com.tterrag.registrate.AbstractRegistrate/REGISTRATE.REGISTER]: Registered fantasyfurniture:decorations/royal_food_0 to registry ResourceKey[minecraft:root / minecraft:item]
[10May2026 20:21:02.525] [Render thread/DEBUG] [com.tterrag.registrate.AbstractRegistrate/REGISTRATE.REGISTER]: Registered fantasyfurniture:decorations/royal_food_1 to registry ResourceKey[minecraft:root / minecraft:item]
[10May2026 20:21:02.525] [Render thread/DEBUG] [com.tterrag.registrate.AbstractRegistrate/REGISTRATE.REGISTER]: Registered fantasyfurniture:decorations/royal_platter to registry ResourceKey[minecraft:root / minecraft:item]
[10May2026 20:21:02.525] [Render thread/DEBUG] [com.tterrag.registrate.AbstractRegistrate/REGISTRATE.REGISTER]: Registered fantasyfurniture:decorations/royal_floor_cushion to registry ResourceKey[minecraft:root / minecraft:item]
[10May2026 20:21:02.525] [Render thread/DEBUG] [com.tterrag.registrate.AbstractRegistrate/REGISTRATE.REGISTER]: Registered fantasyfurniture:decorations/royal_wall_mirror_small to registry ResourceKey[minecraft:root / minecraft:item]
[10May2026 20:21:02.525] [Render thread/DEBUG] [com.tterrag.registrate.AbstractRegistrate/REGISTRATE.REGISTER]: Registered fantasyfurniture:decorations/royal_wall_mirror_large to registry ResourceKey[minecraft:root / minecraft:item]
[10May2026 20:21:02.525] [Render thread/DEBUG] [com.tterrag.registrate.AbstractRegistrate/REGISTRATE.REGISTER]: Registered fantasyfurniture:decorations/necrolord_candelabra to registry ResourceKey[minecraft:root / minecraft:item]
[10May2026 20:21:02.525] [Render thread/DEBUG] [com.tterrag.registrate.AbstractRegistrate/REGISTRATE.REGISTER]: Registered fantasyfurniture:nordic/wool to registry ResourceKey[minecraft:root / minecraft:item]
[10May2026 20:21:02.525] [Render thread/DEBUG] [com.tterrag.registrate.AbstractRegistrate/REGISTRATE.REGISTER]: Registered fantasyfurniture:nordic/carpet to registry ResourceKey[minecraft:root / minecraft:item]
[10May2026 20:21:02.526] [Render thread/DEBUG] [com.tterrag.registrate.AbstractRegistrate/REGISTRATE.REGISTER]: Registered fantasyfurniture:nordic/wall_light to registry ResourceKey[minecraft:root / minecraft:item]
[10May2026 20:21:02.526] [Render thread/DEBUG] [com.tterrag.registrate.AbstractRegistrate/REGISTRATE.REGISTER]: Registered fantasyfurniture:nordic/floor_light to registry ResourceKey[minecraft:root / minecraft:item]
[10May2026 20:21:02.526] [Render thread/DEBUG] [com.tterrag.registrate.AbstractRegistrate/REGISTRATE.REGISTER]: Registered fantasyfurniture:nordic/table_small to registry ResourceKey[minecraft:root / minecraft:item]
[10May2026 20:21:02.526] [Render thread/DEBUG] [com.tterrag.registrate.AbstractRegistrate/REGISTRATE.REGISTER]: Registered fantasyfurniture:nordic/table_wide to registry ResourceKey[minecraft:root / minecraft:item]
[10May2026 20:21:02.526] [Render thread/DEBUG] [com.tterrag.registrate.AbstractRegistrate/REGISTRATE.REGISTER]: Registered fantasyfurniture:nordic/table_large to registry ResourceKey[minecraft:root / minecraft:item]
[10May2026 20:21:02.526] [Render thread/DEBUG] [com.tterrag.registrate.AbstractRegistrate/REGISTRATE.REGISTER]: Registered fantasyfurniture:nordic/stool to registry ResourceKey[minecraft:root / minecraft:item]
[10May2026 20:21:02.526] [Render thread/DEBUG] [com.tterrag.registrate.AbstractRegistrate/REGISTRATE.REGISTER]: Registered fantasyfurniture:nordic/cushion to registry ResourceKey[minecraft:root / minecraft:item]
[10May2026 20:21:02.526] [Render thread/DEBUG] [com.tterrag.registrate.AbstractRegistrate/REGISTRATE.REGISTER]: Registered fantasyfurniture:nordic/painting_small to registry ResourceKey[minecraft:root / minecraft:item]
[10May2026 20:21:02.526] [Render thread/DEBUG] [com.tterrag.registrate.AbstractRegistrate/REGISTRATE.REGISTER]: Registered fantasyfurniture:nordic/painting_wide to registry ResourceKey[minecraft:root / minecraft:item]
[10May2026 20:21:02.526] [Render thread/DEBUG] [com.tterrag.registrate.AbstractRegistrate/REGISTRATE.REGISTER]: Registered fantasyfurniture:nordic/drawer to registry ResourceKey[minecraft:root / minecraft:item]
[10May2026 20:21:02.526] [Render thread/DEBUG] [com.tterrag.registrate.AbstractRegistrate/REGISTRATE.REGISTER]: Registered fantasyfurniture:nordic/shelf to registry ResourceKey[minecraft:root / minecraft:item]
[10May2026 20:21:02.526] [Render thread/DEBUG] [com.tterrag.registrate.AbstractRegistrate/REGISTRATE.REGISTER]: Registered fantasyfurniture:nordic/sofa to registry ResourceKey[minecraft:root / minecraft:item]
[10May2026 20:21:02.526] [Render thread/DEBUG] [com.tterrag.registrate.AbstractRegistrate/REGISTRATE.REGISTER]: Registered fantasyfurniture:nordic/desk_left to registry ResourceKey[minecraft:root / minecraft:item]
[10May2026 20:21:02.526] [Render thread/DEBUG] [com.tterrag.registrate.AbstractRegistrate/REGISTRATE.REGISTER]: Registered fantasyfurniture:nordic/desk_right to registry ResourceKey[minecraft:root / minecraft:item]
[10May2026 20:21:02.526] [Render thread/DEBUG] [com.tterrag.registrate.AbstractRegistrate/REGISTRATE.REGISTER]: Registered fantasyfurniture:nordic/chair to registry ResourceKey[minecraft:root / minecraft:item]
[10May2026 20:21:02.526] [Render thread/DEBUG] [com.tterrag.registrate.AbstractRegistrate/REGISTRATE.REGISTER]: Registered fantasyfurniture:nordic/bench to registry ResourceKey[minecraft:root / minecraft:item]
[10May2026 20:21:02.526] [Render thread/DEBUG] [com.tterrag.registrate.AbstractRegistrate/REGISTRATE.REGISTER]: Registered fantasyfurniture:nordic/bookshelf to registry ResourceKey[minecraft:root / minecraft:item]
[10May2026 20:21:02.526] [Render thread/DEBUG] [com.tterrag.registrate.AbstractRegistrate/REGISTRATE.REGISTER]: Registered fantasyfurniture:nordic/chest to registry ResourceKey[minecraft:root / minecraft:item]
[10May2026 20:21:02.527] [Render thread/DEBUG] [com.tterrag.registrate.AbstractRegistrate/REGISTRATE.REGISTER]: Registered fantasyfurniture:nordic/dresser to registry ResourceKey[minecraft:root / minecraft:item]
[10May2026 20:21:02.527] [Render thread/DEBUG] [com.tterrag.registrate.AbstractRegistrate/REGISTRATE.REGISTER]: Registered fantasyfurniture:nordic/wardrobe_bottom to registry ResourceKey[minecraft:root / minecraft:item]
[10May2026 20:21:02.527] [Render thread/DEBUG] [com.tterrag.registrate.AbstractRegistrate/REGISTRATE.REGISTER]: Registered fantasyfurniture:nordic/wardrobe_top to registry ResourceKey[minecraft:root / minecraft:item]
[10May2026 20:21:02.527] [Render thread/DEBUG] [com.tterrag.registrate.AbstractRegistrate/REGISTRATE.REGISTER]: Registered fantasyfurniture:nordic/bed_single to registry ResourceKey[minecraft:root / minecraft:item]
[10May2026 20:21:02.527] [Render thread/DEBUG] [com.tterrag.registrate.AbstractRegistrate/REGISTRATE.REGISTER]: Registered fantasyfurniture:nordic/bed_double to registry ResourceKey[minecraft:root / minecraft:item]
[10May2026 20:21:02.527] [Render thread/DEBUG] [com.tterrag.registrate.AbstractRegistrate/REGISTRATE.REGISTER]: Registered fantasyfurniture:nordic/chandelier to registry ResourceKey[minecraft:root / minecraft:item]
[10May2026 20:21:02.527] [Render thread/DEBUG] [com.tterrag.registrate.AbstractRegistrate/REGISTRATE.REGISTER]: Registered fantasyfurniture:nordic/door_single to registry ResourceKey[minecraft:root / minecraft:item]
[10May2026 20:21:02.527] [Render thread/DEBUG] [com.tterrag.registrate.AbstractRegistrate/REGISTRATE.REGISTER]: Registered fantasyfurniture:nordic/door_double to registry ResourceKey[minecraft:root / minecraft:item]
[10May2026 20:21:02.527] [Render thread/DEBUG] [com.tterrag.registrate.AbstractRegistrate/REGISTRATE.REGISTER]: Registered fantasyfurniture:nordic/lockbox to registry ResourceKey[minecraft:root / minecraft:item]
[10May2026 20:21:02.527] [Render thread/DEBUG] [com.tterrag.registrate.AbstractRegistrate/REGISTRATE.REGISTER]: Registered fantasyfurniture:nordic/counter to registry ResourceKey[minecraft:root / minecraft:item]
[10May2026 20:21:02.527] [Render thread/DEBUG] [com.tterrag.registrate.AbstractRegistrate/REGISTRATE.REGISTER]: Registered fantasyfurniture:nordic/oven to registry ResourceKey[minecraft:root / minecraft:item]
[10May2026 20:21:02.527] [Render thread/DEBUG] [com.tterrag.registrate.AbstractRegistrate/REGISTRATE.REGISTER]: Registered fantasyfurniture:dunmer/wool to registry ResourceKey[minecraft:root / minecraft:item]
[10May2026 20:21:02.527] [Render thread/DEBUG] [com.tterrag.registrate.AbstractRegistrate/REGISTRATE.REGISTER]: Registered fantasyfurniture:dunmer/carpet to registry ResourceKey[minecraft:root / minecraft:item]
[10May2026 20:21:02.527] [Render thread/DEBUG] [com.tterrag.registrate.AbstractRegistrate/REGISTRATE.REGISTER]: Registered fantasyfurniture:dunmer/wall_light to registry ResourceKey[minecraft:root / minecraft:item]
[10May2026 20:21:02.527] [Render thread/DEBUG] [com.tterrag.registrate.AbstractRegistrate/REGISTRATE.REGISTER]: Registered fantasyfurniture:dunmer/floor_light to registry ResourceKey[minecraft:root / minecraft:item]
[10May2026 20:21:02.527] [Render thread/DEBUG] [com.tterrag.registrate.AbstractRegistrate/REGISTRATE.REGISTER]: Registered fantasyfurniture:dunmer/table_small to registry ResourceKey[minecraft:root / minecraft:item]
[10May2026 20:21:02.527] [Render thread/DEBUG] [com.tterrag.registrate.AbstractRegistrate/REGISTRATE.REGISTER]: Registered fantasyfurniture:dunmer/table_wide to registry ResourceKey[minecraft:root / minecraft:item]
[10May2026 20:21:02.527] [Render thread/DEBUG] [com.tterrag.registrate.AbstractRegistrate/REGISTRATE.REGISTER]: Registered fantasyfurniture:dunmer/table_large to registry ResourceKey[minecraft:root / minecraft:item]
[10May2026 20:21:02.527] [Render thread/DEBUG] [com.tterrag.registrate.AbstractRegistrate/REGISTRATE.REGISTER]: Registered fantasyfurniture:dunmer/stool to registry ResourceKey[minecraft:root / minecraft:item]
[10May2026 20:21:02.527] [Render thread/DEBUG] [com.tterrag.registrate.AbstractRegistrate/REGISTRATE.REGISTER]: Registered fantasyfurniture:dunmer/cushion to registry ResourceKey[minecraft:root / minecraft:item]
[10May2026 20:21:02.527] [Render thread/DEBUG] [com.tterrag.registrate.AbstractRegistrate/REGISTRATE.REGISTER]: Registered fantasyfurniture:dunmer/painting_small to registry ResourceKey[minecraft:root / minecraft:item]
[10May2026 20:21:02.527] [Render thread/DEBUG] [com.tterrag.registrate.AbstractRegistrate/REGISTRATE.REGISTER]: Registered fantasyfurniture:dunmer/painting_wide to registry ResourceKey[minecraft:root / minecraft:item]
[10May2026 20:21:02.527] [Render thread/DEBUG] [com.tterrag.registrate.AbstractRegistrate/REGISTRATE.REGISTER]: Registered fantasyfurniture:dunmer/drawer to registry ResourceKey[minecraft:root / minecraft:item]
[10May2026 20:21:02.527] [Render thread/DEBUG] [com.tterrag.registrate.AbstractRegistrate/REGISTRATE.REGISTER]: Registered fantasyfurniture:dunmer/shelf to registry ResourceKey[minecraft:root / minecraft:item]
[10May2026 20:21:02.527] [Render thread/DEBUG] [com.tterrag.registrate.AbstractRegistrate/REGISTRATE.REGISTER]: Registered fantasyfurniture:dunmer/sofa to registry ResourceKey[minecraft:root / minecraft:item]
[10May2026 20:21:02.527] [Render thread/DEBUG] [com.tterrag.registrate.AbstractRegistrate/REGISTRATE.REGISTER]: Registered fantasyfurniture:dunmer/desk_left to registry ResourceKey[minecraft:root / minecraft:item]
[10May2026 20:21:02.527] [Render thread/DEBUG] [com.tterrag.registrate.AbstractRegistrate/REGISTRATE.REGISTER]: Registered fantasyfurniture:dunmer/desk_right to registry ResourceKey[minecraft:root / minecraft:item]
[10May2026 20:21:02.527] [Render thread/DEBUG] [com.tterrag.registrate.AbstractRegistrate/REGISTRATE.REGISTER]: Registered fantasyfurniture:dunmer/chair to registry ResourceKey[minecraft:root / minecraft:item]
[10May2026 20:21:02.527] [Render thread/DEBUG] [com.tterrag.registrate.AbstractRegistrate/REGISTRATE.REGISTER]: Registered fantasyfurniture:dunmer/bench to registry ResourceKey[minecraft:root / minecraft:item]
[10May2026 20:21:02.527] [Render thread/DEBUG] [com.tterrag.registrate.AbstractRegistrate/REGISTRATE.REGISTER]: Registered fantasyfurniture:dunmer/bookshelf to registry ResourceKey[minecraft:root / minecraft:item]
[10May2026 20:21:02.528] [Render thread/DEBUG] [com.tterrag.registrate.AbstractRegistrate/REGISTRATE.REGISTER]: Registered fantasyfurniture:dunmer/chest to registry ResourceKey[minecraft:root / minecraft:item]
[10May2026 20:21:02.528] [Render thread/DEBUG] [com.tterrag.registrate.AbstractRegistrate/REGISTRATE.REGISTER]: Registered fantasyfurniture:dunmer/dresser to registry ResourceKey[minecraft:root / minecraft:item]
[10May2026 20:21:02.528] [Render thread/DEBUG] [com.tterrag.registrate.AbstractRegistrate/REGISTRATE.REGISTER]: Registered fantasyfurniture:dunmer/wardrobe_bottom to registry ResourceKey[minecraft:root / minecraft:item]
[10May2026 20:21:02.528] [Render thread/DEBUG] [com.tterrag.registrate.AbstractRegistrate/REGISTRATE.REGISTER]: Registered fantasyfurniture:dunmer/wardrobe_top to registry ResourceKey[minecraft:root / minecraft:item]
[10May2026 20:21:02.528] [Render thread/DEBUG] [com.tterrag.registrate.AbstractRegistrate/REGISTRATE.REGISTER]: Registered fantasyfurniture:dunmer/bed_single to registry ResourceKey[minecraft:root / minecraft:item]
[10May2026 20:21:02.528] [Render thread/DEBUG] [com.tterrag.registrate.AbstractRegistrate/REGISTRATE.REGISTER]: Registered fantasyfurniture:dunmer/bed_double to registry ResourceKey[minecraft:root / minecraft:item]
[10May2026 20:21:02.528] [Render thread/DEBUG] [com.tterrag.registrate.AbstractRegistrate/REGISTRATE.REGISTER]: Registered fantasyfurniture:dunmer/chandelier to registry ResourceKey[minecraft:root / minecraft:item]
[10May2026 20:21:02.528] [Render thread/DEBUG] [com.tterrag.registrate.AbstractRegistrate/REGISTRATE.REGISTER]: Registered fantasyfurniture:dunmer/door_single to registry ResourceKey[minecraft:root / minecraft:item]
[10May2026 20:21:02.528] [Render thread/DEBUG] [com.tterrag.registrate.AbstractRegistrate/REGISTRATE.REGISTER]: Registered fantasyfurniture:dunmer/door_double to registry ResourceKey[minecraft:root / minecraft:item]
[10May2026 20:21:02.528] [Render thread/DEBUG] [com.tterrag.registrate.AbstractRegistrate/REGISTRATE.REGISTER]: Registered fantasyfurniture:dunmer/lockbox to registry ResourceKey[minecraft:root / minecraft:item]
[10May2026 20:21:02.528] [Render thread/DEBUG] [com.tterrag.registrate.AbstractRegistrate/REGISTRATE.REGISTER]: Registered fantasyfurniture:dunmer/counter to registry ResourceKey[minecraft:root / minecraft:item]
[10May2026 20:21:02.528] [Render thread/DEBUG] [com.tterrag.registrate.AbstractRegistrate/REGISTRATE.REGISTER]: Registered fantasyfurniture:dunmer/oven to registry ResourceKey[minecraft:root / minecraft:item]
[10May2026 20:21:02.528] [Render thread/DEBUG] [com.tterrag.registrate.AbstractRegistrate/REGISTRATE.REGISTER]: Registered fantasyfurniture:venthyr/wool to registry ResourceKey[minecraft:root / minecraft:item]
[10May2026 20:21:02.528] [Render thread/DEBUG] [com.tterrag.registrate.AbstractRegistrate/REGISTRATE.REGISTER]: Registered fantasyfurniture:venthyr/carpet to registry ResourceKey[minecraft:root / minecraft:item]
[10May2026 20:21:02.528] [Render thread/DEBUG] [com.tterrag.registrate.AbstractRegistrate/REGISTRATE.REGISTER]: Registered fantasyfurniture:venthyr/wall_light to registry ResourceKey[minecraft:root / minecraft:item]
[10May2026 20:21:02.528] [Render thread/DEBUG] [com.tterrag.registrate.AbstractRegistrate/REGISTRATE.REGISTER]: Registered fantasyfurniture:venthyr/floor_light to registry ResourceKey[minecraft:root / minecraft:item]
[10May2026 20:21:02.528] [Render thread/DEBUG] [com.tterrag.registrate.AbstractRegistrate/REGISTRATE.REGISTER]: Registered fantasyfurniture:venthyr/table_small to registry ResourceKey[minecraft:root / minecraft:item]
[10May2026 20:21:02.528] [Render thread/DEBUG] [com.tterrag.registrate.AbstractRegistrate/REGISTRATE.REGISTER]: Registered fantasyfurniture:venthyr/table_small_fancy to registry ResourceKey[minecraft:root / minecraft:item]
[10May2026 20:21:02.528] [Render thread/DEBUG] [com.tterrag.registrate.AbstractRegistrate/REGISTRATE.REGISTER]: Registered fantasyfurniture:venthyr/table_wide to registry ResourceKey[minecraft:root / minecraft:item]
[10May2026 20:21:02.528] [Render thread/DEBUG] [com.tterrag.registrate.AbstractRegistrate/REGISTRATE.REGISTER]: Registered fantasyfurniture:venthyr/table_wide_fancy to registry ResourceKey[minecraft:root / minecraft:item]
[10May2026 20:21:02.528] [Render thread/DEBUG] [com.tterrag.registrate.AbstractRegistrate/REGISTRATE.REGISTER]: Registered fantasyfurniture:venthyr/table_large to registry ResourceKey[minecraft:root / minecraft:item]
[10May2026 20:21:02.528] [Render thread/DEBUG] [com.tterrag.registrate.AbstractRegistrate/REGISTRATE.REGISTER]: Registered fantasyfurniture:venthyr/table_large_fancy to registry ResourceKey[minecraft:root / minecraft:item]
[10May2026 20:21:02.528] [Render thread/DEBUG] [com.tterrag.registrate.AbstractRegistrate/REGISTRATE.REGISTER]: Registered fantasyfurniture:venthyr/stool to registry ResourceKey[minecraft:root / minecraft:item]
[10May2026 20:21:02.528] [Render thread/DEBUG] [com.tterrag.registrate.AbstractRegistrate/REGISTRATE.REGISTER]: Registered fantasyfurniture:venthyr/cushion to registry ResourceKey[minecraft:root / minecraft:item]
[10May2026 20:21:02.528] [Render thread/DEBUG] [com.tterrag.registrate.AbstractRegistrate/REGISTRATE.REGISTER]: Registered fantasyfurniture:venthyr/painting_small to registry ResourceKey[minecraft:root / minecraft:item]
[10May2026 20:21:02.528] [Render thread/DEBUG] [com.tterrag.registrate.AbstractRegistrate/REGISTRATE.REGISTER]: Registered fantasyfurniture:venthyr/painting_wide to registry ResourceKey[minecraft:root / minecraft:item]
[10May2026 20:21:02.528] [Render thread/DEBUG] [com.tterrag.registrate.AbstractRegistrate/REGISTRATE.REGISTER]: Registered fantasyfurniture:venthyr/drawer to registry ResourceKey[minecraft:root / minecraft:item]
[10May2026 20:21:02.528] [Render thread/DEBUG] [com.tterrag.registrate.AbstractRegistrate/REGISTRATE.REGISTER]: Registered fantasyfurniture:venthyr/shelf to registry ResourceKey[minecraft:root / minecraft:item]
[10May2026 20:21:02.528] [Render thread/DEBUG] [com.tterrag.registrate.AbstractRegistrate/REGISTRATE.REGISTER]: Registered fantasyfurniture:venthyr/sofa to registry ResourceKey[minecraft:root / minecraft:item]
[10May2026 20:21:02.529] [Render thread/DEBUG] [com.tterrag.registrate.AbstractRegistrate/REGISTRATE.REGISTER]: Registered fantasyfurniture:venthyr/desk_left to registry ResourceKey[minecraft:root / minecraft:item]
[10May2026 20:21:02.529] [Render thread/DEBUG] [com.tterrag.registrate.AbstractRegistrate/REGISTRATE.REGISTER]: Registered fantasyfurniture:venthyr/desk_right to registry ResourceKey[minecraft:root / minecraft:item]
[10May2026 20:21:02.529] [Render thread/DEBUG] [com.tterrag.registrate.AbstractRegistrate/REGISTRATE.REGISTER]: Registered fantasyfurniture:venthyr/chair to registry ResourceKey[minecraft:root / minecraft:item]
[10May2026 20:21:02.529] [Render thread/DEBUG] [com.tterrag.registrate.AbstractRegistrate/REGISTRATE.REGISTER]: Registered fantasyfurniture:venthyr/bench to registry ResourceKey[minecraft:root / minecraft:item]
[10May2026 20:21:02.529] [Render thread/DEBUG] [com.tterrag.registrate.AbstractRegistrate/REGISTRATE.REGISTER]: Registered fantasyfurniture:venthyr/bookshelf to registry ResourceKey[minecraft:root / minecraft:item]
[10May2026 20:21:02.529] [Render thread/DEBUG] [com.tterrag.registrate.AbstractRegistrate/REGISTRATE.REGISTER]: Registered fantasyfurniture:venthyr/chest to registry ResourceKey[minecraft:root / minecraft:item]
[10May2026 20:21:02.529] [Render thread/DEBUG] [com.tterrag.registrate.AbstractRegistrate/REGISTRATE.REGISTER]: Registered fantasyfurniture:venthyr/dresser to registry ResourceKey[minecraft:root / minecraft:item]
[10May2026 20:21:02.529] [Render thread/DEBUG] [com.tterrag.registrate.AbstractRegistrate/REGISTRATE.REGISTER]: Registered fantasyfurniture:venthyr/wardrobe_bottom to registry ResourceKey[minecraft:root / minecraft:item]
[10May2026 20:21:02.529] [Render thread/DEBUG] [com.tterrag.registrate.AbstractRegistrate/REGISTRATE.REGISTER]: Registered fantasyfurniture:venthyr/wardrobe_top to registry ResourceKey[minecraft:root / minecraft:item]
[10May2026 20:21:02.529] [Render thread/DEBUG] [com.tterrag.registrate.AbstractRegistrate/REGISTRATE.REGISTER]: Registered fantasyfurniture:venthyr/bed_single to registry ResourceKey[minecraft:root / minecraft:item]
[10May2026 20:21:02.529] [Render thread/DEBUG] [com.tterrag.registrate.AbstractRegistrate/REGISTRATE.REGISTER]: Registered fantasyfurniture:venthyr/bed_double to registry ResourceKey[minecraft:root / minecraft:item]
[10May2026 20:21:02.529] [Render thread/DEBUG] [com.tterrag.registrate.AbstractRegistrate/REGISTRATE.REGISTER]: Registered fantasyfurniture:venthyr/chandelier to registry ResourceKey[minecraft:root / minecraft:item]
[10May2026 20:21:02.529] [Render thread/DEBUG] [com.tterrag.registrate.AbstractRegistrate/REGISTRATE.REGISTER]: Registered fantasyfurniture:venthyr/door_single to registry ResourceKey[minecraft:root / minecraft:item]
[10May2026 20:21:02.529] [Render thread/DEBUG] [com.tterrag.registrate.AbstractRegistrate/REGISTRATE.REGISTER]: Registered fantasyfurniture:venthyr/door_double to registry ResourceKey[minecraft:root / minecraft:item]
[10May2026 20:21:02.529] [Render thread/DEBUG] [com.tterrag.registrate.AbstractRegistrate/REGISTRATE.REGISTER]: Registered fantasyfurniture:venthyr/lockbox to registry ResourceKey[minecraft:root / minecraft:item]
[10May2026 20:21:02.529] [Render thread/DEBUG] [com.tterrag.registrate.AbstractRegistrate/REGISTRATE.REGISTER]: Registered fantasyfurniture:venthyr/counter to registry ResourceKey[minecraft:root / minecraft:item]
[10May2026 20:21:02.529] [Render thread/DEBUG] [com.tterrag.registrate.AbstractRegistrate/REGISTRATE.REGISTER]: Registered fantasyfurniture:venthyr/oven to registry ResourceKey[minecraft:root / minecraft:item]
[10May2026 20:21:02.529] [Render thread/DEBUG] [com.tterrag.registrate.AbstractRegistrate/REGISTRATE.REGISTER]: Registered fantasyfurniture:bone/skeleton/wool to registry ResourceKey[minecraft:root / minecraft:item]
[10May2026 20:21:02.529] [Render thread/DEBUG] [com.tterrag.registrate.AbstractRegistrate/REGISTRATE.REGISTER]: Registered fantasyfurniture:bone/skeleton/carpet to registry ResourceKey[minecraft:root / minecraft:item]
[10May2026 20:21:02.529] [Render thread/DEBUG] [com.tterrag.registrate.AbstractRegistrate/REGISTRATE.REGISTER]: Registered fantasyfurniture:bone/skeleton/wall_light to registry ResourceKey[minecraft:root / minecraft:item]
[10May2026 20:21:02.529] [Render thread/DEBUG] [com.tterrag.registrate.AbstractRegistrate/REGISTRATE.REGISTER]: Registered fantasyfurniture:bone/skeleton/floor_light to registry ResourceKey[minecraft:root / minecraft:item]
[10May2026 20:21:02.529] [Render thread/DEBUG] [com.tterrag.registrate.AbstractRegistrate/REGISTRATE.REGISTER]: Registered fantasyfurniture:bone/skeleton/table_small to registry ResourceKey[minecraft:root / minecraft:item]
[10May2026 20:21:02.529] [Render thread/DEBUG] [com.tterrag.registrate.AbstractRegistrate/REGISTRATE.REGISTER]: Registered fantasyfurniture:bone/skeleton/table_wide to registry ResourceKey[minecraft:root / minecraft:item]
[10May2026 20:21:02.530] [Render thread/DEBUG] [com.tterrag.registrate.AbstractRegistrate/REGISTRATE.REGISTER]: Registered fantasyfurniture:bone/skeleton/table_large to registry ResourceKey[minecraft:root / minecraft:item]
[10May2026 20:21:02.530] [Render thread/DEBUG] [com.tterrag.registrate.AbstractRegistrate/REGISTRATE.REGISTER]: Registered fantasyfurniture:bone/skeleton/stool to registry ResourceKey[minecraft:root / minecraft:item]
[10May2026 20:21:02.530] [Render thread/DEBUG] [com.tterrag.registrate.AbstractRegistrate/REGISTRATE.REGISTER]: Registered fantasyfurniture:bone/skeleton/skull to registry ResourceKey[minecraft:root / minecraft:item]
[10May2026 20:21:02.530] [Render thread/DEBUG] [com.tterrag.registrate.AbstractRegistrate/REGISTRATE.REGISTER]: Registered fantasyfurniture:bone/skeleton/painting_small to registry ResourceKey[minecraft:root / minecraft:item]
[10May2026 20:21:02.530] [Render thread/DEBUG] [com.tterrag.registrate.AbstractRegistrate/REGISTRATE.REGISTER]: Registered fantasyfurniture:bone/skeleton/painting_wide to registry ResourceKey[minecraft:root / minecraft:item]
[10May2026 20:21:02.530] [Render thread/DEBUG] [com.tterrag.registrate.AbstractRegistrate/REGISTRATE.REGISTER]: Registered fantasyfurniture:bone/skeleton/drawer to registry ResourceKey[minecraft:root / minecraft:item]
[10May2026 20:21:02.530] [Render thread/DEBUG] [com.tterrag.registrate.AbstractRegistrate/REGISTRATE.REGISTER]: Registered fantasyfurniture:bone/skeleton/shelf to registry ResourceKey[minecraft:root / minecraft:item]
[10May2026 20:21:02.530] [Render thread/DEBUG] [com.tterrag.registrate.AbstractRegistrate/REGISTRATE.REGISTER]: Registered fantasyfurniture:bone/skeleton/sofa to registry ResourceKey[minecraft:root / minecraft:item]
[10May2026 20:21:02.530] [Render thread/DEBUG] [com.tterrag.registrate.AbstractRegistrate/REGISTRATE.REGISTER]: Registered fantasyfurniture:bone/skeleton/desk_left to registry ResourceKey[minecraft:root / minecraft:item]
[10May2026 20:21:02.530] [Render thread/DEBUG] [com.tterrag.registrate.AbstractRegistrate/REGISTRATE.REGISTER]: Registered fantasyfurniture:bone/skeleton/desk_right to registry ResourceKey[minecraft:root / minecraft:item]
[10May2026 20:21:02.530] [Render thread/DEBUG] [com.tterrag.registrate.AbstractRegistrate/REGISTRATE.REGISTER]: Registered fantasyfurniture:bone/skeleton/chair to registry ResourceKey[minecraft:root / minecraft:item]
[10May2026 20:21:02.530] [Render thread/DEBUG] [com.tterrag.registrate.AbstractRegistrate/REGISTRATE.REGISTER]: Registered fantasyfurniture:bone/skeleton/bench to registry ResourceKey[minecraft:root / minecraft:item]
[10May2026 20:21:02.530] [Render thread/DEBUG] [com.tterrag.registrate.AbstractRegistrate/REGISTRATE.REGISTER]: Registered fantasyfurniture:bone/skeleton/bookshelf to registry ResourceKey[minecraft:root / minecraft:item]
[10May2026 20:21:02.530] [Render thread/DEBUG] [com.tterrag.registrate.AbstractRegistrate/REGISTRATE.REGISTER]: Registered fantasyfurniture:bone/skeleton/chest to registry ResourceKey[minecraft:root / minecraft:item]
[10May2026 20:21:02.530] [Render thread/DEBUG] [com.tterrag.registrate.AbstractRegistrate/REGISTRATE.REGISTER]: Registered fantasyfurniture:bone/skeleton/dresser to registry ResourceKey[minecraft:root / minecraft:item]
[10May2026 20:21:02.530] [Render thread/DEBUG] [com.tterrag.registrate.AbstractRegistrate/REGISTRATE.REGISTER]: Registered fantasyfurniture:bone/skeleton/wardrobe_bottom to registry ResourceKey[minecraft:root / minecraft:item]
[10May2026 20:21:02.530] [Render thread/DEBUG] [com.tterrag.registrate.AbstractRegistrate/REGISTRATE.REGISTER]: Registered fantasyfurniture:bone/skeleton/wardrobe_top to registry ResourceKey[minecraft:root / minecraft:item]
[10May2026 20:21:02.530] [Render thread/DEBUG] [com.tterrag.registrate.AbstractRegistrate/REGISTRATE.REGISTER]: Registered fantasyfurniture:bone/skeleton/bed_single to registry ResourceKey[minecraft:root / minecraft:item]
[10May2026 20:21:02.530] [Render thread/DEBUG] [com.tterrag.registrate.AbstractRegistrate/REGISTRATE.REGISTER]: Registered fantasyfurniture:bone/skeleton/bed_double to registry ResourceKey[minecraft:root / minecraft:item]
[10May2026 20:21:02.530] [Render thread/DEBUG] [com.tterrag.registrate.AbstractRegistrate/REGISTRATE.REGISTER]: Registered fantasyfurniture:bone/skeleton/chandelier to registry ResourceKey[minecraft:root / minecraft:item]
[10May2026 20:21:02.530] [Render thread/DEBUG] [com.tterrag.registrate.AbstractRegistrate/REGISTRATE.REGISTER]: Registered fantasyfurniture:bone/skeleton/door_single to registry ResourceKey[minecraft:root / minecraft:item]
[10May2026 20:21:02.530] [Render thread/DEBUG] [com.tterrag.registrate.AbstractRegistrate/REGISTRATE.REGISTER]: Registered fantasyfurniture:bone/skeleton/door_double to registry ResourceKey[minecraft:root / minecraft:item]
[10May2026 20:21:02.530] [Render thread/DEBUG] [com.tterrag.registrate.AbstractRegistrate/REGISTRATE.REGISTER]: Registered fantasyfurniture:bone/skeleton/lockbox to registry ResourceKey[minecraft:root / minecraft:item]
[10May2026 20:21:02.530] [Render thread/DEBUG] [com.tterrag.registrate.AbstractRegistrate/REGISTRATE.REGISTER]: Registered fantasyfurniture:bone/skeleton/counter to registry ResourceKey[minecraft:root / minecraft:item]
[10May2026 20:21:02.530] [Render thread/DEBUG] [com.tterrag.registrate.AbstractRegistrate/REGISTRATE.REGISTER]: Registered fantasyfurniture:bone/skeleton/oven to registry ResourceKey[minecraft:root / minecraft:item]
[10May2026 20:21:02.530] [Render thread/DEBUG] [com.tterrag.registrate.AbstractRegistrate/REGISTRATE.REGISTER]: Registered fantasyfurniture:bone/wither/wool to registry ResourceKey[minecraft:root / minecraft:item]
[10May2026 20:21:02.530] [Render thread/DEBUG] [com.tterrag.registrate.AbstractRegistrate/REGISTRATE.REGISTER]: Registered fantasyfurniture:bone/wither/carpet to registry ResourceKey[minecraft:root / minecraft:item]
[10May2026 20:21:02.530] [Render thread/DEBUG] [com.tterrag.registrate.AbstractRegistrate/REGISTRATE.REGISTER]: Registered fantasyfurniture:bone/wither/wall_light to registry ResourceKey[minecraft:root / minecraft:item]
[10May2026 20:21:02.531] [Render thread/DEBUG] [com.tterrag.registrate.AbstractRegistrate/REGISTRATE.REGISTER]: Registered fantasyfurniture:bone/wither/floor_light to registry ResourceKey[minecraft:root / minecraft:item]
[10May2026 20:21:02.531] [Render thread/DEBUG] [com.tterrag.registrate.AbstractRegistrate/REGISTRATE.REGISTER]: Registered fantasyfurniture:bone/wither/table_small to registry ResourceKey[minecraft:root / minecraft:item]
[10May2026 20:21:02.531] [Render thread/DEBUG] [com.tterrag.registrate.AbstractRegistrate/REGISTRATE.REGISTER]: Registered fantasyfurniture:bone/wither/table_wide to registry ResourceKey[minecraft:root / minecraft:item]
[10May2026 20:21:02.531] [Render thread/DEBUG] [com.tterrag.registrate.AbstractRegistrate/REGISTRATE.REGISTER]: Registered fantasyfurniture:bone/wither/table_large to registry ResourceKey[minecraft:root / minecraft:item]
[10May2026 20:21:02.531] [Render thread/DEBUG] [com.tterrag.registrate.AbstractRegistrate/REGISTRATE.REGISTER]: Registered fantasyfurniture:bone/wither/stool to registry ResourceKey[minecraft:root / minecraft:item]
[10May2026 20:21:02.531] [Render thread/DEBUG] [com.tterrag.registrate.AbstractRegistrate/REGISTRATE.REGISTER]: Registered fantasyfurniture:bone/wither/skull to registry ResourceKey[minecraft:root / minecraft:item]
[10May2026 20:21:02.531] [Render thread/DEBUG] [com.tterrag.registrate.AbstractRegistrate/REGISTRATE.REGISTER]: Registered fantasyfurniture:bone/wither/painting_small to registry ResourceKey[minecraft:root / minecraft:item]
[10May2026 20:21:02.531] [Render thread/DEBUG] [com.tterrag.registrate.AbstractRegistrate/REGISTRATE.REGISTER]: Registered fantasyfurniture:bone/wither/painting_wide to registry ResourceKey[minecraft:root / minecraft:item]
[10May2026 20:21:02.531] [Render thread/DEBUG] [com.tterrag.registrate.AbstractRegistrate/REGISTRATE.REGISTER]: Registered fantasyfurniture:bone/wither/drawer to registry ResourceKey[minecraft:root / minecraft:item]
[10May2026 20:21:02.531] [Render thread/DEBUG] [com.tterrag.registrate.AbstractRegistrate/REGISTRATE.REGISTER]: Registered fantasyfurniture:bone/wither/shelf to registry ResourceKey[minecraft:root / minecraft:item]
[10May2026 20:21:02.531] [Render thread/DEBUG] [com.tterrag.registrate.AbstractRegistrate/REGISTRATE.REGISTER]: Registered fantasyfurniture:bone/wither/sofa to registry ResourceKey[minecraft:root / minecraft:item]
[10May2026 20:21:02.531] [Render thread/DEBUG] [com.tterrag.registrate.AbstractRegistrate/REGISTRATE.REGISTER]: Registered fantasyfurniture:bone/wither/desk_left to registry ResourceKey[minecraft:root / minecraft:item]
[10May2026 20:21:02.531] [Render thread/DEBUG] [com.tterrag.registrate.AbstractRegistrate/REGISTRATE.REGISTER]: Registered fantasyfurniture:bone/wither/desk_right to registry ResourceKey[minecraft:root / minecraft:item]
[10May2026 20:21:02.531] [Render thread/DEBUG] [com.tterrag.registrate.AbstractRegistrate/REGISTRATE.REGISTER]: Registered fantasyfurniture:bone/wither/chair to registry ResourceKey[minecraft:root / minecraft:item]
[10May2026 20:21:02.531] [Render thread/DEBUG] [com.tterrag.registrate.AbstractRegistrate/REGISTRATE.REGISTER]: Registered fantasyfurniture:bone/wither/bench to registry ResourceKey[minecraft:root / minecraft:item]
[10May2026 20:21:02.531] [Render thread/DEBUG] [com.tterrag.registrate.AbstractRegistrate/REGISTRATE.REGISTER]: Registered fantasyfurniture:bone/wither/bookshelf to registry ResourceKey[minecraft:root / minecraft:item]
[10May2026 20:21:02.531] [Render thread/DEBUG] [com.tterrag.registrate.AbstractRegistrate/REGISTRATE.REGISTER]: Registered fantasyfurniture:bone/wither/chest to registry ResourceKey[minecraft:root / minecraft:item]
[10May2026 20:21:02.531] [Render thread/DEBUG] [com.tterrag.registrate.AbstractRegistrate/REGISTRATE.REGISTER]: Registered fantasyfurniture:bone/wither/dresser to registry ResourceKey[minecraft:root / minecraft:item]
[10May2026 20:21:02.531] [Render thread/DEBUG] [com.tterrag.registrate.AbstractRegistrate/REGISTRATE.REGISTER]: Registered fantasyfurniture:bone/wither/wardrobe_bottom to registry ResourceKey[minecraft:root / minecraft:item]
[10May2026 20:21:02.531] [Render thread/DEBUG] [com.tterrag.registrate.AbstractRegistrate/REGISTRATE.REGISTER]: Registered fantasyfurniture:bone/wither/wardrobe_top to registry ResourceKey[minecraft:root / minecraft:item]
[10May2026 20:21:02.531] [Render thread/DEBUG] [com.tterrag.registrate.AbstractRegistrate/REGISTRATE.REGISTER]: Registered fantasyfurniture:bone/wither/bed_single to registry ResourceKey[minecraft:root / minecraft:item]
[10May2026 20:21:02.531] [Render thread/DEBUG] [com.tterrag.registrate.AbstractRegistrate/REGISTRATE.REGISTER]: Registered fantasyfurniture:bone/wither/bed_double to registry ResourceKey[minecraft:root / minecraft:item]
[10May2026 20:21:02.531] [Render thread/DEBUG] [com.tterrag.registrate.AbstractRegistrate/REGISTRATE.REGISTER]: Registered fantasyfurniture:bone/wither/chandelier to registry ResourceKey[minecraft:root / minecraft:item]
[10May2026 20:21:02.531] [Render thread/DEBUG] [com.tterrag.registrate.AbstractRegistrate/REGISTRATE.REGISTER]: Registered fantasyfurniture:bone/wither/door_single to registry ResourceKey[minecraft:root / minecraft:item]
[10May2026 20:21:02.531] [Render thread/DEBUG] [com.tterrag.registrate.AbstractRegistrate/REGISTRATE.REGISTER]: Registered fantasyfurniture:bone/wither/door_double to registry ResourceKey[minecraft:root / minecraft:item]
[10May2026 20:21:02.531] [Render thread/DEBUG] [com.tterrag.registrate.AbstractRegistrate/REGISTRATE.REGISTER]: Registered fantasyfurniture:bone/wither/lockbox to registry ResourceKey[minecraft:root / minecraft:item]
[10May2026 20:21:02.531] [Render thread/DEBUG] [com.tterrag.registrate.AbstractRegistrate/REGISTRATE.REGISTER]: Registered fantasyfurniture:bone/wither/counter to registry ResourceKey[minecraft:root / minecraft:item]
[10May2026 20:21:02.531] [Render thread/DEBUG] [com.tterrag.registrate.AbstractRegistrate/REGISTRATE.REGISTER]: Registered fantasyfurniture:bone/wither/oven to registry ResourceKey[minecraft:root / minecraft:item]
[10May2026 20:21:02.531] [Render thread/DEBUG] [com.tterrag.registrate.AbstractRegistrate/REGISTRATE.REGISTER]: Registered fantasyfurniture:royal/wool to registry ResourceKey[minecraft:root / minecraft:item]
[10May2026 20:21:02.531] [Render thread/DEBUG] [com.tterrag.registrate.AbstractRegistrate/REGISTRATE.REGISTER]: Registered fantasyfurniture:royal/carpet to registry ResourceKey[minecraft:root / minecraft:item]
[10May2026 20:21:02.531] [Render thread/DEBUG] [com.tterrag.registrate.AbstractRegistrate/REGISTRATE.REGISTER]: Registered fantasyfurniture:royal/wall_light to registry ResourceKey[minecraft:root / minecraft:item]
[10May2026 20:21:02.531] [Render thread/DEBUG] [com.tterrag.registrate.AbstractRegistrate/REGISTRATE.REGISTER]: Registered fantasyfurniture:royal/floor_light to registry ResourceKey[minecraft:root / minecraft:item]
[10May2026 20:21:02.532] [Render thread/DEBUG] [com.tterrag.registrate.AbstractRegistrate/REGISTRATE.REGISTER]: Registered fantasyfurniture:royal/table_small to registry ResourceKey[minecraft:root / minecraft:item]
[10May2026 20:21:02.532] [Render thread/DEBUG] [com.tterrag.registrate.AbstractRegistrate/REGISTRATE.REGISTER]: Registered fantasyfurniture:royal/table_wide to registry ResourceKey[minecraft:root / minecraft:item]
[10May2026 20:21:02.532] [Render thread/DEBUG] [com.tterrag.registrate.AbstractRegistrate/REGISTRATE.REGISTER]: Registered fantasyfurniture:royal/table_large to registry ResourceKey[minecraft:root / minecraft:item]
[10May2026 20:21:02.532] [Render thread/DEBUG] [com.tterrag.registrate.AbstractRegistrate/REGISTRATE.REGISTER]: Registered fantasyfurniture:royal/stool to registry ResourceKey[minecraft:root / minecraft:item]
[10May2026 20:21:02.532] [Render thread/DEBUG] [com.tterrag.registrate.AbstractRegistrate/REGISTRATE.REGISTER]: Registered fantasyfurniture:royal/cushion to registry ResourceKey[minecraft:root / minecraft:item]
[10May2026 20:21:02.532] [Render thread/DEBUG] [com.tterrag.registrate.AbstractRegistrate/REGISTRATE.REGISTER]: Registered fantasyfurniture:royal/painting_small to registry ResourceKey[minecraft:root / minecraft:item]
[10May2026 20:21:02.532] [Render thread/DEBUG] [com.tterrag.registrate.AbstractRegistrate/REGISTRATE.REGISTER]: Registered fantasyfurniture:royal/painting_wide to registry ResourceKey[minecraft:root / minecraft:item]
[10May2026 20:21:02.532] [Render thread/DEBUG] [com.tterrag.registrate.AbstractRegistrate/REGISTRATE.REGISTER]: Registered fantasyfurniture:royal/drawer to registry ResourceKey[minecraft:root / minecraft:item]
[10May2026 20:21:02.532] [Render thread/DEBUG] [com.tterrag.registrate.AbstractRegistrate/REGISTRATE.REGISTER]: Registered fantasyfurniture:royal/shelf to registry ResourceKey[minecraft:root / minecraft:item]
[10May2026 20:21:02.532] [Render thread/DEBUG] [com.tterrag.registrate.AbstractRegistrate/REGISTRATE.REGISTER]: Registered fantasyfurniture:royal/sofa to registry ResourceKey[minecraft:root / minecraft:item]
[10May2026 20:21:02.532] [Render thread/DEBUG] [com.tterrag.registrate.AbstractRegistrate/REGISTRATE.REGISTER]: Registered fantasyfurniture:royal/desk_left to registry ResourceKey[minecraft:root / minecraft:item]
[10May2026 20:21:02.532] [Render thread/DEBUG] [com.tterrag.registrate.AbstractRegistrate/REGISTRATE.REGISTER]: Registered fantasyfurniture:royal/desk_right to registry ResourceKey[minecraft:root / minecraft:item]
[10May2026 20:21:02.532] [Render thread/DEBUG] [com.tterrag.registrate.AbstractRegistrate/REGISTRATE.REGISTER]: Registered fantasyfurniture:royal/chair to registry ResourceKey[minecraft:root / minecraft:item]
[10May2026 20:21:02.532] [Render thread/DEBUG] [com.tterrag.registrate.AbstractRegistrate/REGISTRATE.REGISTER]: Registered fantasyfurniture:royal/bench to registry ResourceKey[minecraft:root / minecraft:item]
[10May2026 20:21:02.532] [Render thread/DEBUG] [com.tterrag.registrate.AbstractRegistrate/REGISTRATE.REGISTER]: Registered fantasyfurniture:royal/bookshelf to registry ResourceKey[minecraft:root / minecraft:item]
[10May2026 20:21:02.532] [Render thread/DEBUG] [com.tterrag.registrate.AbstractRegistrate/REGISTRATE.REGISTER]: Registered fantasyfurniture:royal/chest to registry ResourceKey[minecraft:root / minecraft:item]
[10May2026 20:21:02.532] [Render thread/DEBUG] [com.tterrag.registrate.AbstractRegistrate/REGISTRATE.REGISTER]: Registered fantasyfurniture:royal/dresser to registry ResourceKey[minecraft:root / minecraft:item]
[10May2026 20:21:02.532] [Render thread/DEBUG] [com.tterrag.registrate.AbstractRegistrate/REGISTRATE.REGISTER]: Registered fantasyfurniture:royal/wardrobe_bottom to registry ResourceKey[minecraft:root / minecraft:item]
[10May2026 20:21:02.532] [Render thread/DEBUG] [com.tterrag.registrate.AbstractRegistrate/REGISTRATE.REGISTER]: Registered fantasyfurniture:royal/wardrobe_top to registry ResourceKey[minecraft:root / minecraft:item]
[10May2026 20:21:02.532] [Render thread/DEBUG] [com.tterrag.registrate.AbstractRegistrate/REGISTRATE.REGISTER]: Registered fantasyfurniture:royal/bed_single to registry ResourceKey[minecraft:root / minecraft:item]
[10May2026 20:21:02.532] [Render thread/DEBUG] [com.tterrag.registrate.AbstractRegistrate/REGISTRATE.REGISTER]: Registered fantasyfurniture:royal/bed_double to registry ResourceKey[minecraft:root / minecraft:item]
[10May2026 20:21:02.532] [Render thread/DEBUG] [com.tterrag.registrate.AbstractRegistrate/REGISTRATE.REGISTER]: Registered fantasyfurniture:royal/chandelier to registry ResourceKey[minecraft:root / minecraft:item]
[10May2026 20:21:02.532] [Render thread/DEBUG] [com.tterrag.registrate.AbstractRegistrate/REGISTRATE.REGISTER]: Registered fantasyfurniture:royal/door_single to registry ResourceKey[minecraft:root / minecraft:item]
[10May2026 20:21:02.532] [Render thread/DEBUG] [com.tterrag.registrate.AbstractRegistrate/REGISTRATE.REGISTER]: Registered fantasyfurniture:royal/door_double to registry ResourceKey[minecraft:root / minecraft:item]
[10May2026 20:21:02.532] [Render thread/DEBUG] [com.tterrag.registrate.AbstractRegistrate/REGISTRATE.REGISTER]: Registered fantasyfurniture:royal/lockbox to registry ResourceKey[minecraft:root / minecraft:item]
[10May2026 20:21:02.532] [Render thread/DEBUG] [com.tterrag.registrate.AbstractRegistrate/REGISTRATE.REGISTER]: Registered fantasyfurniture:royal/counter to registry ResourceKey[minecraft:root / minecraft:item]
[10May2026 20:21:02.532] [Render thread/DEBUG] [com.tterrag.registrate.AbstractRegistrate/REGISTRATE.REGISTER]: Registered fantasyfurniture:royal/oven to registry ResourceKey[minecraft:root / minecraft:item]
[10May2026 20:21:02.532] [Render thread/DEBUG] [com.tterrag.registrate.AbstractRegistrate/REGISTRATE.REGISTER]: Registered fantasyfurniture:necrolord/wool to registry ResourceKey[minecraft:root / minecraft:item]
[10May2026 20:21:02.533] [Render thread/DEBUG] [com.tterrag.registrate.AbstractRegistrate/REGISTRATE.REGISTER]: Registered fantasyfurniture:necrolord/carpet to registry ResourceKey[minecraft:root / minecraft:item]
[10May2026 20:21:02.533] [Render thread/DEBUG] [com.tterrag.registrate.AbstractRegistrate/REGISTRATE.REGISTER]: Registered fantasyfurniture:necrolord/wall_light to registry ResourceKey[minecraft:root / minecraft:item]
[10May2026 20:21:02.533] [Render thread/DEBUG] [com.tterrag.registrate.AbstractRegistrate/REGISTRATE.REGISTER]: Registered fantasyfurniture:necrolord/floor_light to registry ResourceKey[minecraft:root / minecraft:item]
[10May2026 20:21:02.533] [Render thread/DEBUG] [com.tterrag.registrate.AbstractRegistrate/REGISTRATE.REGISTER]: Registered fantasyfurniture:necrolord/table_small to registry ResourceKey[minecraft:root / minecraft:item]
[10May2026 20:21:02.533] [Render thread/DEBUG] [com.tterrag.registrate.AbstractRegistrate/REGISTRATE.REGISTER]: Registered fantasyfurniture:necrolord/table_wide to registry ResourceKey[minecraft:root / minecraft:item]
[10May2026 20:21:02.533] [Render thread/DEBUG] [com.tterrag.registrate.AbstractRegistrate/REGISTRATE.REGISTER]: Registered fantasyfurniture:necrolord/table_large to registry ResourceKey[minecraft:root / minecraft:item]
[10May2026 20:21:02.533] [Render thread/DEBUG] [com.tterrag.registrate.AbstractRegistrate/REGISTRATE.REGISTER]: Registered fantasyfurniture:necrolord/stool to registry ResourceKey[minecraft:root / minecraft:item]
[10May2026 20:21:02.533] [Render thread/DEBUG] [com.tterrag.registrate.AbstractRegistrate/REGISTRATE.REGISTER]: Registered fantasyfurniture:necrolord/cushion to registry ResourceKey[minecraft:root / minecraft:item]
[10May2026 20:21:02.533] [Render thread/DEBUG] [com.tterrag.registrate.AbstractRegistrate/REGISTRATE.REGISTER]: Registered fantasyfurniture:necrolord/painting_small to registry ResourceKey[minecraft:root / minecraft:item]
[10May2026 20:21:02.533] [Render thread/DEBUG] [com.tterrag.registrate.AbstractRegistrate/REGISTRATE.REGISTER]: Registered fantasyfurniture:necrolord/painting_wide to registry ResourceKey[minecraft:root / minecraft:item]
[10May2026 20:21:02.533] [Render thread/DEBUG] [com.tterrag.registrate.AbstractRegistrate/REGISTRATE.REGISTER]: Registered fantasyfurniture:necrolord/drawer to registry ResourceKey[minecraft:root / minecraft:item]
[10May2026 20:21:02.533] [Render thread/DEBUG] [com.tterrag.registrate.AbstractRegistrate/REGISTRATE.REGISTER]: Registered fantasyfurniture:necrolord/shelf to registry ResourceKey[minecraft:root / minecraft:item]
[10May2026 20:21:02.533] [Render thread/DEBUG] [com.tterrag.registrate.AbstractRegistrate/REGISTRATE.REGISTER]: Registered fantasyfurniture:necrolord/sofa to registry ResourceKey[minecraft:root / minecraft:item]
[10May2026 20:21:02.533] [Render thread/DEBUG] [com.tterrag.registrate.AbstractRegistrate/REGISTRATE.REGISTER]: Registered fantasyfurniture:necrolord/desk_left to registry ResourceKey[minecraft:root / minecraft:item]
[10May2026 20:21:02.533] [Render thread/DEBUG] [com.tterrag.registrate.AbstractRegistrate/REGISTRATE.REGISTER]: Registered fantasyfurniture:necrolord/desk_right to registry ResourceKey[minecraft:root / minecraft:item]
[10May2026 20:21:02.533] [Render thread/DEBUG] [com.tterrag.registrate.AbstractRegistrate/REGISTRATE.REGISTER]: Registered fantasyfurniture:necrolord/chair to registry ResourceKey[minecraft:root / minecraft:item]
[10May2026 20:21:02.533] [Render thread/DEBUG] [com.tterrag.registrate.AbstractRegistrate/REGISTRATE.REGISTER]: Registered fantasyfurniture:necrolord/bench to registry ResourceKey[minecraft:root / minecraft:item]
[10May2026 20:21:02.533] [Render thread/DEBUG] [com.tterrag.registrate.AbstractRegistrate/REGISTRATE.REGISTER]: Registered fantasyfurniture:necrolord/bookshelf to registry ResourceKey[minecraft:root / minecraft:item]
[10May2026 20:21:02.533] [Render thread/DEBUG] [com.tterrag.registrate.AbstractRegistrate/REGISTRATE.REGISTER]: Registered fantasyfurniture:necrolord/chest to registry ResourceKey[minecraft:root / minecraft:item]
[10May2026 20:21:02.533] [Render thread/DEBUG] [com.tterrag.registrate.AbstractRegistrate/REGISTRATE.REGISTER]: Registered fantasyfurniture:necrolord/dresser to registry ResourceKey[minecraft:root / minecraft:item]
[10May2026 20:21:02.533] [Render thread/DEBUG] [com.tterrag.registrate.AbstractRegistrate/REGISTRATE.REGISTER]: Registered fantasyfurniture:necrolord/wardrobe_bottom to registry ResourceKey[minecraft:root / minecraft:item]
[10May2026 20:21:02.533] [Render thread/DEBUG] [com.tterrag.registrate.AbstractRegistrate/REGISTRATE.REGISTER]: Registered fantasyfurniture:necrolord/wardrobe_top to registry ResourceKey[minecraft:root / minecraft:item]
[10May2026 20:21:02.533] [Render thread/DEBUG] [com.tterrag.registrate.AbstractRegistrate/REGISTRATE.REGISTER]: Registered fantasyfurniture:necrolord/bed_single to registry ResourceKey[minecraft:root / minecraft:item]
[10May2026 20:21:02.533] [Render thread/DEBUG] [com.tterrag.registrate.AbstractRegistrate/REGISTRATE.REGISTER]: Registered fantasyfurniture:necrolord/bed_double to registry ResourceKey[minecraft:root / minecraft:item]
[10May2026 20:21:02.533] [Render thread/DEBUG] [com.tterrag.registrate.AbstractRegistrate/REGISTRATE.REGISTER]: Registered fantasyfurniture:necrolord/chandelier to registry ResourceKey[minecraft:root / minecraft:item]
[10May2026 20:21:02.533] [Render thread/DEBUG] [com.tterrag.registrate.AbstractRegistrate/REGISTRATE.REGISTER]: Registered fantasyfurniture:necrolord/door_single to registry ResourceKey[minecraft:root / minecraft:item]
[10May2026 20:21:02.533] [Render thread/DEBUG] [com.tterrag.registrate.AbstractRegistrate/REGISTRATE.REGISTER]: Registered fantasyfurniture:necrolord/door_double to registry ResourceKey[minecraft:root / minecraft:item]
[10May2026 20:21:02.533] [Render thread/DEBUG] [com.tterrag.registrate.AbstractRegistrate/REGISTRATE.REGISTER]: Registered fantasyfurniture:necrolord/lockbox to registry ResourceKey[minecraft:root / minecraft:item]
[10May2026 20:21:02.533] [Render thread/DEBUG] [com.tterrag.registrate.AbstractRegistrate/REGISTRATE.REGISTER]: Registered fantasyfurniture:necrolord/counter to registry ResourceKey[minecraft:root / minecraft:item]
[10May2026 20:21:02.533] [Render thread/DEBUG] [com.tterrag.registrate.AbstractRegistrate/REGISTRATE.REGISTER]: Registered fantasyfurniture:necrolord/oven to registry ResourceKey[minecraft:root / minecraft:item]
[10May2026 20:21:02.540] [Render thread/DEBUG] [net.minecraftforge.registries.GameData/REGISTRIES]: Applying holder lookups: minecraft:item
[10May2026 20:21:02.542] [Render thread/DEBUG] [net.minecraftforge.registries.GameData/REGISTRIES]: Holder lookups applied: minecraft:item
[10May2026 20:21:02.551] [Render thread/INFO] [Moonlight/]: Initialized block sets in 7ms
[10May2026 20:21:02.553] [Render thread/DEBUG] [com.tterrag.registrate.AbstractRegistrate/REGISTRATE.REGISTER]: Registering 1 known objects of type minecraft:entity_type
[10May2026 20:21:02.553] [Render thread/DEBUG] [com.tterrag.registrate.AbstractRegistrate/REGISTRATE.REGISTER]: Registered apexcore:seat to registry ResourceKey[minecraft:root / minecraft:entity_type]
[10May2026 20:21:02.560] [Render thread/DEBUG] [net.minecraftforge.registries.GameData/REGISTRIES]: Applying holder lookups: minecraft:entity_type
[10May2026 20:21:02.561] [Render thread/DEBUG] [net.minecraftforge.registries.GameData/REGISTRIES]: Holder lookups applied: minecraft:entity_type
[10May2026 20:21:02.562] [Render thread/DEBUG] [net.minecraftforge.registries.GameData/REGISTRIES]: Applying holder lookups: minecraft:sensor_type
[10May2026 20:21:02.563] [Render thread/DEBUG] [net.minecraftforge.registries.GameData/REGISTRIES]: Holder lookups applied: minecraft:sensor_type
[10May2026 20:21:02.563] [Render thread/DEBUG] [net.minecraftforge.registries.GameData/REGISTRIES]: Applying holder lookups: minecraft:memory_module_type
[10May2026 20:21:02.564] [Render thread/DEBUG] [net.minecraftforge.registries.GameData/REGISTRIES]: Holder lookups applied: minecraft:memory_module_type
[10May2026 20:21:02.564] [Render thread/DEBUG] [net.minecraftforge.registries.GameData/REGISTRIES]: Applying holder lookups: minecraft:potion
[10May2026 20:21:02.565] [Render thread/DEBUG] [net.minecraftforge.registries.GameData/REGISTRIES]: Holder lookups applied: minecraft:potion
[10May2026 20:21:02.565] [Render thread/DEBUG] [net.minecraftforge.registries.GameData/REGISTRIES]: Applying holder lookups: minecraft:game_event
[10May2026 20:21:02.565] [Render thread/DEBUG] [net.minecraftforge.registries.GameData/REGISTRIES]: Holder lookups applied: minecraft:game_event
[10May2026 20:21:02.565] [Render thread/DEBUG] [net.minecraftforge.registries.GameData/REGISTRIES]: Applying holder lookups: minecraft:enchantment
[10May2026 20:21:02.565] [Render thread/DEBUG] [net.minecraftforge.registries.GameData/REGISTRIES]: Holder lookups applied: minecraft:enchantment
[10May2026 20:21:02.583] [Render thread/DEBUG] [com.tterrag.registrate.AbstractRegistrate/REGISTRATE.REGISTER]: Registering 14 known objects of type minecraft:block_entity_type
[10May2026 20:21:02.584] [Render thread/DEBUG] [com.tterrag.registrate.AbstractRegistrate/REGISTRATE.REGISTER]: Registered fantasyfurniture:furniture_station to registry ResourceKey[minecraft:root / minecraft:block_entity_type]
[10May2026 20:21:02.584] [Render thread/DEBUG] [com.tterrag.registrate.AbstractRegistrate/REGISTRATE.REGISTER]: Registered fantasyfurniture:bookshelf to registry ResourceKey[minecraft:root / minecraft:block_entity_type]
[10May2026 20:21:02.584] [Render thread/DEBUG] [com.tterrag.registrate.AbstractRegistrate/REGISTRATE.REGISTER]: Registered fantasyfurniture:chest to registry ResourceKey[minecraft:root / minecraft:block_entity_type]
[10May2026 20:21:02.584] [Render thread/DEBUG] [com.tterrag.registrate.AbstractRegistrate/REGISTRATE.REGISTER]: Registered fantasyfurniture:desk to registry ResourceKey[minecraft:root / minecraft:block_entity_type]
[10May2026 20:21:02.584] [Render thread/DEBUG] [com.tterrag.registrate.AbstractRegistrate/REGISTRATE.REGISTER]: Registered fantasyfurniture:drawer to registry ResourceKey[minecraft:root / minecraft:block_entity_type]
[10May2026 20:21:02.584] [Render thread/DEBUG] [com.tterrag.registrate.AbstractRegistrate/REGISTRATE.REGISTER]: Registered fantasyfurniture:dresser to registry ResourceKey[minecraft:root / minecraft:block_entity_type]
[10May2026 20:21:02.584] [Render thread/DEBUG] [com.tterrag.registrate.AbstractRegistrate/REGISTRATE.REGISTER]: Registered fantasyfurniture:lockbox to registry ResourceKey[minecraft:root / minecraft:block_entity_type]
[10May2026 20:21:02.584] [Render thread/DEBUG] [com.tterrag.registrate.AbstractRegistrate/REGISTRATE.REGISTER]: Registered fantasyfurniture:wardrobe to registry ResourceKey[minecraft:root / minecraft:block_entity_type]
[10May2026 20:21:02.584] [Render thread/DEBUG] [com.tterrag.registrate.AbstractRegistrate/REGISTRATE.REGISTER]: Registered fantasyfurniture:counter to registry ResourceKey[minecraft:root / minecraft:block_entity_type]
[10May2026 20:21:02.584] [Render thread/DEBUG] [com.tterrag.registrate.AbstractRegistrate/REGISTRATE.REGISTER]: Registered fantasyfurniture:oven to registry ResourceKey[minecraft:root / minecraft:block_entity_type]
[10May2026 20:21:02.584] [Render thread/DEBUG] [com.tterrag.registrate.AbstractRegistrate/REGISTRATE.REGISTER]: Registered fantasyfurniture:cookie_jar to registry ResourceKey[minecraft:root / minecraft:block_entity_type]
[10May2026 20:21:02.584] [Render thread/DEBUG] [com.tterrag.registrate.AbstractRegistrate/REGISTRATE.REGISTER]: Registered fantasyfurniture:decorations/widow_bloom to registry ResourceKey[minecraft:root / minecraft:block_entity_type]
[10May2026 20:21:02.584] [Render thread/DEBUG] [com.tterrag.registrate.AbstractRegistrate/REGISTRATE.REGISTER]: Registered fantasyfurniture:decorations/bone_skull_blossoms to registry ResourceKey[minecraft:root / minecraft:block_entity_type]
[10May2026 20:21:02.584] [Render thread/DEBUG] [com.tterrag.registrate.AbstractRegistrate/REGISTRATE.REGISTER]: Registered fantasyfurniture:stocking to registry ResourceKey[minecraft:root / minecraft:block_entity_type]
[10May2026 20:21:02.584] [Render thread/DEBUG] [net.minecraftforge.registries.GameData/REGISTRIES]: Applying holder lookups: minecraft:block_entity_type
[10May2026 20:21:02.585] [Render thread/DEBUG] [net.minecraftforge.registries.GameData/REGISTRIES]: Holder lookups applied: minecraft:block_entity_type
[10May2026 20:21:02.585] [Render thread/DEBUG] [net.minecraftforge.registries.GameData/REGISTRIES]: Applying holder lookups: minecraft:painting_variant
[10May2026 20:21:02.586] [Render thread/DEBUG] [net.minecraftforge.registries.GameData/REGISTRIES]: Holder lookups applied: minecraft:painting_variant
[10May2026 20:21:02.586] [Render thread/DEBUG] [net.minecraftforge.registries.GameData/REGISTRIES]: Applying holder lookups: minecraft:stat_type
[10May2026 20:21:02.587] [Render thread/DEBUG] [net.minecraftforge.registries.GameData/REGISTRIES]: Holder lookups applied: minecraft:stat_type
[10May2026 20:21:02.587] [Render thread/DEBUG] [net.minecraftforge.registries.GameData/REGISTRIES]: Applying holder lookups: minecraft:custom_stat
[10May2026 20:21:02.587] [Render thread/DEBUG] [net.minecraftforge.registries.GameData/REGISTRIES]: Holder lookups applied: minecraft:custom_stat
[10May2026 20:21:02.587] [Render thread/DEBUG] [net.minecraftforge.registries.GameData/REGISTRIES]: Applying holder lookups: minecraft:chunk_status
[10May2026 20:21:02.587] [Render thread/DEBUG] [net.minecraftforge.registries.GameData/REGISTRIES]: Holder lookups applied: minecraft:chunk_status
[10May2026 20:21:02.587] [Render thread/DEBUG] [net.minecraftforge.registries.GameData/REGISTRIES]: Applying holder lookups: minecraft:rule_test
[10May2026 20:21:02.588] [Render thread/DEBUG] [net.minecraftforge.registries.GameData/REGISTRIES]: Holder lookups applied: minecraft:rule_test
[10May2026 20:21:02.588] [Render thread/DEBUG] [net.minecraftforge.registries.GameData/REGISTRIES]: Applying holder lookups: minecraft:rule_block_entity_modifier
[10May2026 20:21:02.588] [Render thread/DEBUG] [net.minecraftforge.registries.GameData/REGISTRIES]: Holder lookups applied: minecraft:rule_block_entity_modifier
[10May2026 20:21:02.588] [Render thread/DEBUG] [net.minecraftforge.registries.GameData/REGISTRIES]: Applying holder lookups: minecraft:pos_rule_test
[10May2026 20:21:02.588] [Render thread/DEBUG] [net.minecraftforge.registries.GameData/REGISTRIES]: Holder lookups applied: minecraft:pos_rule_test
[10May2026 20:21:02.590] [Render thread/DEBUG] [com.tterrag.registrate.AbstractRegistrate/REGISTRATE.REGISTER]: Registering 8 known objects of type minecraft:menu
[10May2026 20:21:02.590] [Render thread/DEBUG] [com.tterrag.registrate.AbstractRegistrate/REGISTRATE.REGISTER]: Registered fantasyfurniture:large_inventory_menu to registry ResourceKey[minecraft:root / minecraft:menu]
[10May2026 20:21:02.590] [Render thread/DEBUG] [com.tterrag.registrate.AbstractRegistrate/REGISTRATE.REGISTER]: Registered fantasyfurniture:medium_inventory_menu to registry ResourceKey[minecraft:root / minecraft:menu]
[10May2026 20:21:02.590] [Render thread/DEBUG] [com.tterrag.registrate.AbstractRegistrate/REGISTRATE.REGISTER]: Registered fantasyfurniture:small_inventory_menu to registry ResourceKey[minecraft:root / minecraft:menu]
[10May2026 20:21:02.590] [Render thread/DEBUG] [com.tterrag.registrate.AbstractRegistrate/REGISTRATE.REGISTER]: Registered fantasyfurniture:bookshelf to registry ResourceKey[minecraft:root / minecraft:menu]
[10May2026 20:21:02.590] [Render thread/DEBUG] [com.tterrag.registrate.AbstractRegistrate/REGISTRATE.REGISTER]: Registered fantasyfurniture:oven to registry ResourceKey[minecraft:root / minecraft:menu]
[10May2026 20:21:02.590] [Render thread/DEBUG] [com.tterrag.registrate.AbstractRegistrate/REGISTRATE.REGISTER]: Registered fantasyfurniture:cookie_jar to registry ResourceKey[minecraft:root / minecraft:menu]
[10May2026 20:21:02.590] [Render thread/DEBUG] [com.tterrag.registrate.AbstractRegistrate/REGISTRATE.REGISTER]: Registered fantasyfurniture:furniture_station to registry ResourceKey[minecraft:root / minecraft:menu]
[10May2026 20:21:02.590] [Render thread/DEBUG] [com.tterrag.registrate.AbstractRegistrate/REGISTRATE.REGISTER]: Registered fantasyfurniture:stocking to registry ResourceKey[minecraft:root / minecraft:menu]
[10May2026 20:21:02.591] [Render thread/DEBUG] [net.minecraftforge.registries.GameData/REGISTRIES]: Applying holder lookups: minecraft:menu
[10May2026 20:21:02.592] [Render thread/DEBUG] [net.minecraftforge.registries.GameData/REGISTRIES]: Holder lookups applied: minecraft:menu
[10May2026 20:21:02.592] [Render thread/DEBUG] [com.tterrag.registrate.AbstractRegistrate/REGISTRATE.REGISTER]: Registering 1 known objects of type minecraft:recipe_type
[10May2026 20:21:02.592] [Render thread/DEBUG] [com.tterrag.registrate.AbstractRegistrate/REGISTRATE.REGISTER]: Registered fantasyfurniture:dyeable to registry ResourceKey[minecraft:root / minecraft:recipe_type]
[10May2026 20:21:02.593] [Render thread/DEBUG] [net.minecraftforge.registries.GameData/REGISTRIES]: Applying holder lookups: minecraft:recipe_type
[10May2026 20:21:02.593] [Render thread/DEBUG] [net.minecraftforge.registries.GameData/REGISTRIES]: Holder lookups applied: minecraft:recipe_type
[10May2026 20:21:02.599] [Render thread/DEBUG] [com.tterrag.registrate.AbstractRegistrate/REGISTRATE.REGISTER]: Registering 1 known objects of type minecraft:recipe_serializer
[10May2026 20:21:02.599] [Render thread/DEBUG] [com.tterrag.registrate.AbstractRegistrate/REGISTRATE.REGISTER]: Registered fantasyfurniture:dyeable to registry ResourceKey[minecraft:root / minecraft:recipe_serializer]
[10May2026 20:21:02.599] [Render thread/DEBUG] [net.minecraftforge.registries.GameData/REGISTRIES]: Applying holder lookups: minecraft:recipe_serializer
[10May2026 20:21:02.600] [Render thread/DEBUG] [net.minecraftforge.registries.GameData/REGISTRIES]: Holder lookups applied: minecraft:recipe_serializer
[10May2026 20:21:02.600] [Render thread/DEBUG] [net.minecraftforge.registries.GameData/REGISTRIES]: Applying holder lookups: minecraft:position_source_type
[10May2026 20:21:02.600] [Render thread/DEBUG] [net.minecraftforge.registries.GameData/REGISTRIES]: Holder lookups applied: minecraft:position_source_type
[10May2026 20:21:02.601] [Render thread/DEBUG] [net.minecraftforge.registries.GameData/REGISTRIES]: Applying holder lookups: minecraft:command_argument_type
[10May2026 20:21:02.601] [Render thread/DEBUG] [net.minecraftforge.registries.GameData/REGISTRIES]: Holder lookups applied: minecraft:command_argument_type
[10May2026 20:21:02.601] [Render thread/DEBUG] [net.minecraftforge.registries.GameData/REGISTRIES]: Applying holder lookups: minecraft:villager_type
[10May2026 20:21:02.602] [Render thread/DEBUG] [net.minecraftforge.registries.GameData/REGISTRIES]: Holder lookups applied: minecraft:villager_type
[10May2026 20:21:02.602] [Render thread/DEBUG] [net.minecraftforge.registries.GameData/REGISTRIES]: Applying holder lookups: minecraft:villager_profession
[10May2026 20:21:02.602] [Render thread/DEBUG] [net.minecraftforge.registries.GameData/REGISTRIES]: Holder lookups applied: minecraft:villager_profession
[10May2026 20:21:02.602] [Render thread/DEBUG] [net.minecraftforge.registries.GameData/REGISTRIES]: Applying holder lookups: minecraft:point_of_interest_type
[10May2026 20:21:02.602] [Render thread/DEBUG] [net.minecraftforge.registries.GameData/REGISTRIES]: Holder lookups applied: minecraft:point_of_interest_type
[10May2026 20:21:02.603] [Render thread/DEBUG] [net.minecraftforge.registries.GameData/REGISTRIES]: Applying holder lookups: minecraft:schedule
[10May2026 20:21:02.603] [Render thread/DEBUG] [net.minecraftforge.registries.GameData/REGISTRIES]: Holder lookups applied: minecraft:schedule
[10May2026 20:21:02.603] [Render thread/DEBUG] [net.minecraftforge.registries.GameData/REGISTRIES]: Applying holder lookups: minecraft:activity
[10May2026 20:21:02.603] [Render thread/DEBUG] [net.minecraftforge.registries.GameData/REGISTRIES]: Holder lookups applied: minecraft:activity
[10May2026 20:21:02.604] [Render thread/DEBUG] [net.minecraftforge.registries.GameData/REGISTRIES]: Applying holder lookups: minecraft:loot_pool_entry_type
[10May2026 20:21:02.605] [Render thread/DEBUG] [net.minecraftforge.registries.GameData/REGISTRIES]: Holder lookups applied: minecraft:loot_pool_entry_type
[10May2026 20:21:02.606] [Render thread/DEBUG] [net.minecraftforge.registries.GameData/REGISTRIES]: Applying holder lookups: minecraft:loot_function_type
[10May2026 20:21:02.607] [Render thread/DEBUG] [net.minecraftforge.registries.GameData/REGISTRIES]: Holder lookups applied: minecraft:loot_function_type
[10May2026 20:21:02.609] [Render thread/DEBUG] [net.minecraftforge.registries.GameData/REGISTRIES]: Applying holder lookups: minecraft:loot_condition_type
[10May2026 20:21:02.610] [Render thread/DEBUG] [net.minecraftforge.registries.GameData/REGISTRIES]: Holder lookups applied: minecraft:loot_condition_type
[10May2026 20:21:02.610] [Render thread/DEBUG] [net.minecraftforge.registries.GameData/REGISTRIES]: Applying holder lookups: minecraft:loot_number_provider_type
[10May2026 20:21:02.611] [Render thread/DEBUG] [net.minecraftforge.registries.GameData/REGISTRIES]: Holder lookups applied: minecraft:loot_number_provider_type
[10May2026 20:21:02.611] [Render thread/DEBUG] [net.minecraftforge.registries.GameData/REGISTRIES]: Applying holder lookups: minecraft:loot_nbt_provider_type
[10May2026 20:21:02.612] [Render thread/DEBUG] [net.minecraftforge.registries.GameData/REGISTRIES]: Holder lookups applied: minecraft:loot_nbt_provider_type
[10May2026 20:21:02.612] [Render thread/DEBUG] [net.minecraftforge.registries.GameData/REGISTRIES]: Applying holder lookups: minecraft:loot_score_provider_type
[10May2026 20:21:02.612] [Render thread/DEBUG] [net.minecraftforge.registries.GameData/REGISTRIES]: Holder lookups applied: minecraft:loot_score_provider_type
[10May2026 20:21:02.612] [Render thread/DEBUG] [net.minecraftforge.registries.GameData/REGISTRIES]: Applying holder lookups: minecraft:float_provider_type
[10May2026 20:21:02.613] [Render thread/DEBUG] [net.minecraftforge.registries.GameData/REGISTRIES]: Holder lookups applied: minecraft:float_provider_type
[10May2026 20:21:02.613] [Render thread/DEBUG] [net.minecraftforge.registries.GameData/REGISTRIES]: Applying holder lookups: minecraft:int_provider_type
[10May2026 20:21:02.613] [Render thread/DEBUG] [net.minecraftforge.registries.GameData/REGISTRIES]: Holder lookups applied: minecraft:int_provider_type
[10May2026 20:21:02.613] [Render thread/DEBUG] [net.minecraftforge.registries.GameData/REGISTRIES]: Applying holder lookups: minecraft:height_provider_type
[10May2026 20:21:02.613] [Render thread/DEBUG] [net.minecraftforge.registries.GameData/REGISTRIES]: Holder lookups applied: minecraft:height_provider_type
[10May2026 20:21:02.613] [Render thread/DEBUG] [net.minecraftforge.registries.GameData/REGISTRIES]: Applying holder lookups: minecraft:block_predicate_type
[10May2026 20:21:02.614] [Render thread/DEBUG] [net.minecraftforge.registries.GameData/REGISTRIES]: Holder lookups applied: minecraft:block_predicate_type
[10May2026 20:21:02.614] [Render thread/DEBUG] [net.minecraftforge.registries.GameData/REGISTRIES]: Applying holder lookups: minecraft:worldgen/carver
[10May2026 20:21:02.614] [Render thread/DEBUG] [net.minecraftforge.registries.GameData/REGISTRIES]: Holder lookups applied: minecraft:worldgen/carver
[10May2026 20:21:02.618] [Render thread/DEBUG] [net.minecraftforge.registries.GameData/REGISTRIES]: Applying holder lookups: minecraft:worldgen/feature
[10May2026 20:21:02.619] [Render thread/DEBUG] [net.minecraftforge.registries.GameData/REGISTRIES]: Holder lookups applied: minecraft:worldgen/feature
[10May2026 20:21:02.619] [Render thread/DEBUG] [net.minecraftforge.registries.GameData/REGISTRIES]: Applying holder lookups: minecraft:worldgen/structure_processor
[10May2026 20:21:02.619] [Render thread/DEBUG] [net.minecraftforge.registries.GameData/REGISTRIES]: Holder lookups applied: minecraft:worldgen/structure_processor
[10May2026 20:21:02.619] [Render thread/DEBUG] [net.minecraftforge.registries.GameData/REGISTRIES]: Applying holder lookups: minecraft:worldgen/structure_placement
[10May2026 20:21:02.620] [Render thread/DEBUG] [net.minecraftforge.registries.GameData/REGISTRIES]: Holder lookups applied: minecraft:worldgen/structure_placement
[10May2026 20:21:02.621] [Render thread/DEBUG] [net.minecraftforge.registries.GameData/REGISTRIES]: Applying holder lookups: minecraft:worldgen/structure_piece
[10May2026 20:21:02.621] [Render thread/DEBUG] [net.minecraftforge.registries.GameData/REGISTRIES]: Holder lookups applied: minecraft:worldgen/structure_piece
[10May2026 20:21:02.621] [Render thread/DEBUG] [net.minecraftforge.registries.GameData/REGISTRIES]: Applying holder lookups: minecraft:worldgen/structure_type
[10May2026 20:21:02.622] [Render thread/DEBUG] [net.minecraftforge.registries.GameData/REGISTRIES]: Holder lookups applied: minecraft:worldgen/structure_type
[10May2026 20:21:02.623] [Render thread/DEBUG] [net.minecraftforge.registries.GameData/REGISTRIES]: Applying holder lookups: minecraft:worldgen/placement_modifier_type
[10May2026 20:21:02.624] [Render thread/DEBUG] [net.minecraftforge.registries.GameData/REGISTRIES]: Holder lookups applied: minecraft:worldgen/placement_modifier_type
[10May2026 20:21:02.624] [Render thread/DEBUG] [net.minecraftforge.registries.GameData/REGISTRIES]: Applying holder lookups: minecraft:worldgen/block_state_provider_type
[10May2026 20:21:02.625] [Render thread/DEBUG] [net.minecraftforge.registries.GameData/REGISTRIES]: Holder lookups applied: minecraft:worldgen/block_state_provider_type
[10May2026 20:21:02.625] [Render thread/DEBUG] [net.minecraftforge.registries.GameData/REGISTRIES]: Applying holder lookups: minecraft:worldgen/foliage_placer_type
[10May2026 20:21:02.626] [Render thread/DEBUG] [net.minecraftforge.registries.GameData/REGISTRIES]: Holder lookups applied: minecraft:worldgen/foliage_placer_type
[10May2026 20:21:02.627] [Render thread/DEBUG] [net.minecraftforge.registries.GameData/REGISTRIES]: Applying holder lookups: minecraft:worldgen/trunk_placer_type
[10May2026 20:21:02.628] [Render thread/DEBUG] [net.minecraftforge.registries.GameData/REGISTRIES]: Holder lookups applied: minecraft:worldgen/trunk_placer_type
[10May2026 20:21:02.628] [Render thread/DEBUG] [net.minecraftforge.registries.GameData/REGISTRIES]: Applying holder lookups: minecraft:worldgen/root_placer_type
[10May2026 20:21:02.629] [Render thread/DEBUG] [net.minecraftforge.registries.GameData/REGISTRIES]: Holder lookups applied: minecraft:worldgen/root_placer_type
[10May2026 20:21:02.629] [Render thread/DEBUG] [net.minecraftforge.registries.GameData/REGISTRIES]: Applying holder lookups: minecraft:worldgen/tree_decorator_type
[10May2026 20:21:02.629] [Render thread/DEBUG] [net.minecraftforge.registries.GameData/REGISTRIES]: Holder lookups applied: minecraft:worldgen/tree_decorator_type
[10May2026 20:21:02.629] [Render thread/DEBUG] [net.minecraftforge.registries.GameData/REGISTRIES]: Applying holder lookups: minecraft:worldgen/feature_size_type
[10May2026 20:21:02.630] [Render thread/DEBUG] [net.minecraftforge.registries.GameData/REGISTRIES]: Holder lookups applied: minecraft:worldgen/feature_size_type
[10May2026 20:21:02.630] [Render thread/DEBUG] [net.minecraftforge.registries.GameData/REGISTRIES]: Applying holder lookups: minecraft:worldgen/biome_source
[10May2026 20:21:02.630] [Render thread/DEBUG] [net.minecraftforge.registries.GameData/REGISTRIES]: Holder lookups applied: minecraft:worldgen/biome_source
[10May2026 20:21:02.630] [Render thread/DEBUG] [net.minecraftforge.registries.GameData/REGISTRIES]: Applying holder lookups: minecraft:worldgen/chunk_generator
[10May2026 20:21:02.631] [Render thread/DEBUG] [net.minecraftforge.registries.GameData/REGISTRIES]: Holder lookups applied: minecraft:worldgen/chunk_generator
[10May2026 20:21:02.631] [Render thread/DEBUG] [net.minecraftforge.registries.GameData/REGISTRIES]: Applying holder lookups: minecraft:worldgen/material_condition
[10May2026 20:21:02.631] [Render thread/DEBUG] [net.minecraftforge.registries.GameData/REGISTRIES]: Holder lookups applied: minecraft:worldgen/material_condition
[10May2026 20:21:02.631] [Render thread/DEBUG] [net.minecraftforge.registries.GameData/REGISTRIES]: Applying holder lookups: minecraft:worldgen/material_rule
[10May2026 20:21:02.631] [Render thread/DEBUG] [net.minecraftforge.registries.GameData/REGISTRIES]: Holder lookups applied: minecraft:worldgen/material_rule
[10May2026 20:21:02.631] [Render thread/DEBUG] [net.minecraftforge.registries.GameData/REGISTRIES]: Applying holder lookups: minecraft:worldgen/density_function_type
[10May2026 20:21:02.632] [Render thread/DEBUG] [net.minecraftforge.registries.GameData/REGISTRIES]: Holder lookups applied: minecraft:worldgen/density_function_type
[10May2026 20:21:02.632] [Render thread/DEBUG] [net.minecraftforge.registries.GameData/REGISTRIES]: Applying holder lookups: minecraft:worldgen/structure_pool_element
[10May2026 20:21:02.632] [Render thread/DEBUG] [net.minecraftforge.registries.GameData/REGISTRIES]: Holder lookups applied: minecraft:worldgen/structure_pool_element
[10May2026 20:21:02.632] [Render thread/DEBUG] [net.minecraftforge.registries.GameData/REGISTRIES]: Applying holder lookups: minecraft:cat_variant
[10May2026 20:21:02.633] [Render thread/DEBUG] [net.minecraftforge.registries.GameData/REGISTRIES]: Holder lookups applied: minecraft:cat_variant
[10May2026 20:21:02.633] [Render thread/DEBUG] [net.minecraftforge.registries.GameData/REGISTRIES]: Applying holder lookups: minecraft:frog_variant
[10May2026 20:21:02.634] [Render thread/DEBUG] [net.minecraftforge.registries.GameData/REGISTRIES]: Holder lookups applied: minecraft:frog_variant
[10May2026 20:21:02.634] [Render thread/DEBUG] [net.minecraftforge.registries.GameData/REGISTRIES]: Applying holder lookups: minecraft:banner_pattern
[10May2026 20:21:02.635] [Render thread/DEBUG] [net.minecraftforge.registries.GameData/REGISTRIES]: Holder lookups applied: minecraft:banner_pattern
[10May2026 20:21:02.635] [Render thread/DEBUG] [net.minecraftforge.registries.GameData/REGISTRIES]: Applying holder lookups: minecraft:instrument
[10May2026 20:21:02.636] [Render thread/DEBUG] [net.minecraftforge.registries.GameData/REGISTRIES]: Holder lookups applied: minecraft:instrument
[10May2026 20:21:02.636] [Render thread/DEBUG] [net.minecraftforge.registries.GameData/REGISTRIES]: Applying holder lookups: minecraft:decorated_pot_patterns
[10May2026 20:21:02.636] [Render thread/DEBUG] [net.minecraftforge.registries.GameData/REGISTRIES]: Holder lookups applied: minecraft:decorated_pot_patterns
[10May2026 20:21:02.637] [Render thread/DEBUG] [com.tterrag.registrate.AbstractRegistrate/REGISTRATE.REGISTER]: Registering 1 known objects of type minecraft:creative_mode_tab
[10May2026 20:21:02.637] [Render thread/DEBUG] [com.tterrag.registrate.AbstractRegistrate/REGISTRATE.REGISTER]: Registered fantasyfurniture:fantasyfurniture to registry ResourceKey[minecraft:root / minecraft:creative_mode_tab]
[10May2026 20:21:02.637] [Render thread/DEBUG] [net.minecraftforge.registries.GameData/REGISTRIES]: Applying holder lookups: minecraft:creative_mode_tab
[10May2026 20:21:02.638] [Render thread/DEBUG] [net.minecraftforge.registries.GameData/REGISTRIES]: Holder lookups applied: minecraft:creative_mode_tab
[10May2026 20:21:02.641] [Render thread/DEBUG] [net.minecraftforge.registries.GameData/REGISTRIES]: Applying holder lookups: forge:biome_modifier_serializers
[10May2026 20:21:02.642] [Render thread/DEBUG] [net.minecraftforge.registries.GameData/REGISTRIES]: Holder lookups applied: forge:biome_modifier_serializers
[10May2026 20:21:02.643] [Render thread/DEBUG] [net.minecraftforge.registries.GameData/REGISTRIES]: Applying holder lookups: forge:display_contexts
[10May2026 20:21:02.643] [Render thread/DEBUG] [net.minecraftforge.registries.GameData/REGISTRIES]: Holder lookups applied: forge:display_contexts
[10May2026 20:21:02.643] [Render thread/DEBUG] [net.minecraftforge.registries.GameData/REGISTRIES]: Applying holder lookups: forge:entity_data_serializers
[10May2026 20:21:02.643] [Render thread/DEBUG] [net.minecraftforge.registries.GameData/REGISTRIES]: Holder lookups applied: forge:entity_data_serializers
[10May2026 20:21:02.646] [Render thread/DEBUG] [net.minecraftforge.registries.GameData/REGISTRIES]: Applying holder lookups: forge:fluid_type
[10May2026 20:21:02.647] [Render thread/DEBUG] [net.minecraftforge.registries.GameData/REGISTRIES]: Holder lookups applied: forge:fluid_type
[10May2026 20:21:02.648] [Render thread/DEBUG] [net.minecraftforge.registries.GameData/REGISTRIES]: Applying holder lookups: forge:global_loot_modifier_serializers
[10May2026 20:21:02.649] [Render thread/DEBUG] [net.minecraftforge.registries.GameData/REGISTRIES]: Holder lookups applied: forge:global_loot_modifier_serializers
[10May2026 20:21:02.651] [Render thread/DEBUG] [net.minecraftforge.registries.GameData/REGISTRIES]: Applying holder lookups: forge:holder_set_type
[10May2026 20:21:02.651] [Render thread/DEBUG] [net.minecraftforge.registries.GameData/REGISTRIES]: Holder lookups applied: forge:holder_set_type
[10May2026 20:21:02.652] [Render thread/DEBUG] [net.minecraftforge.registries.GameData/REGISTRIES]: Applying holder lookups: forge:structure_modifier_serializers
[10May2026 20:21:02.652] [Render thread/DEBUG] [net.minecraftforge.registries.GameData/REGISTRIES]: Holder lookups applied: forge:structure_modifier_serializers
[10May2026 20:21:02.652] [Render thread/DEBUG] [net.minecraftforge.registries.GameData/REGISTRIES]: Applying holder lookups: framedblocks:camo_containers
[10May2026 20:21:02.652] [Render thread/DEBUG] [net.minecraftforge.registries.GameData/REGISTRIES]: Holder lookups applied: framedblocks:camo_containers
[10May2026 20:21:02.652] [Render thread/DEBUG] [net.minecraftforge.registries.GameData/REGISTRIES]: Applying holder lookups: minecraft:worldgen/biome
[10May2026 20:21:02.653] [Render thread/DEBUG] [net.minecraftforge.registries.GameData/REGISTRIES]: Holder lookups applied: minecraft:worldgen/biome
[10May2026 20:21:02.718] [Render thread/DEBUG] [net.minecraftforge.client.loading.ClientModLoader/CORE]: Generating PackInfo named mod:farmersdelight for mod file /Users/bowieconnors/.gradle/caches/forge_gradle/deobf_dependencies/curse/maven/farmers-delight-398521/8007609_mapped_parchment_2023.09.03-1.20.1/farmers-delight-398521-8007609_mapped_parchment_2023.09.03-1.20.1.jar
[10May2026 20:21:02.718] [Render thread/DEBUG] [net.minecraftforge.client.loading.ClientModLoader/CORE]: Generating PackInfo named mod:framedblocks for mod file /Users/bowieconnors/.gradle/caches/forge_gradle/deobf_dependencies/curse/maven/framedblocks-441647/7386520_mapped_parchment_2023.09.03-1.20.1/framedblocks-441647-7386520_mapped_parchment_2023.09.03-1.20.1.jar
[10May2026 20:21:02.718] [Render thread/DEBUG] [net.minecraftforge.client.loading.ClientModLoader/CORE]: Generating PackInfo named mod:handcrafted for mod file /Users/bowieconnors/.gradle/caches/forge_gradle/deobf_dependencies/curse/maven/handcrafted-538214/5118729_mapped_parchment_2023.09.03-1.20.1/handcrafted-538214-5118729_mapped_parchment_2023.09.03-1.20.1.jar
[10May2026 20:21:02.718] [Render thread/DEBUG] [net.minecraftforge.client.loading.ClientModLoader/CORE]: Generating PackInfo named mod:mixinextras for mod file 
[10May2026 20:21:02.718] [Render thread/DEBUG] [net.minecraftforge.client.loading.ClientModLoader/CORE]: Generating PackInfo named mod:moonlight for mod file /Users/bowieconnors/.gradle/caches/forge_gradle/deobf_dependencies/curse/maven/selene-499980/7540753_mapped_parchment_2023.09.03-1.20.1/selene-499980-7540753_mapped_parchment_2023.09.03-1.20.1.jar
[10May2026 20:21:02.718] [Render thread/DEBUG] [net.minecraftforge.client.loading.ClientModLoader/CORE]: Generating PackInfo named mod:resourcefullib for mod file /Users/bowieconnors/.gradle/caches/forge_gradle/deobf_dependencies/curse/maven/resourceful-lib-570073/5659871_mapped_parchment_2023.09.03-1.20.1/resourceful-lib-570073-5659871_mapped_parchment_2023.09.03-1.20.1.jar
[10May2026 20:21:02.718] [Render thread/DEBUG] [net.minecraftforge.client.loading.ClientModLoader/CORE]: Generating PackInfo named mod:mixinsquared for mod file 
[10May2026 20:21:02.719] [Render thread/DEBUG] [net.minecraftforge.client.loading.ClientModLoader/CORE]: Generating PackInfo named mod:mcwroofs for mod file /Users/bowieconnors/.gradle/caches/forge_gradle/deobf_dependencies/curse/maven/macaws-roofs-352039/6494466_mapped_parchment_2023.09.03-1.20.1/macaws-roofs-352039-6494466_mapped_parchment_2023.09.03-1.20.1.jar
[10May2026 20:21:02.719] [Render thread/DEBUG] [net.minecraftforge.client.loading.ClientModLoader/CORE]: Generating PackInfo named mod:mcwdoors for mod file /Users/bowieconnors/.gradle/caches/forge_gradle/deobf_dependencies/curse/maven/macaws-doors-378646/6146379_mapped_parchment_2023.09.03-1.20.1/macaws-doors-378646-6146379_mapped_parchment_2023.09.03-1.20.1.jar
[10May2026 20:21:02.719] [Render thread/DEBUG] [net.minecraftforge.client.loading.ClientModLoader/CORE]: Generating PackInfo named mod:jei for mod file /Users/bowieconnors/.gradle/caches/forge_gradle/deobf_dependencies/mezz/jei/jei-1.20.1-forge/15.20.0.129_mapped_parchment_2023.09.03-1.20.1/jei-1.20.1-forge-15.20.0.129_mapped_parchment_2023.09.03-1.20.1.jar
[10May2026 20:21:02.719] [Render thread/DEBUG] [net.minecraftforge.client.loading.ClientModLoader/CORE]: Generating PackInfo named mod:forge for mod file /
[10May2026 20:21:02.719] [Render thread/DEBUG] [net.minecraftforge.client.loading.ClientModLoader/CORE]: Generating PackInfo named mod:commonality for mod file 
[10May2026 20:21:02.719] [Render thread/DEBUG] [net.minecraftforge.client.loading.ClientModLoader/CORE]: Generating PackInfo named mod:apexcore for mod file 
[10May2026 20:21:02.719] [Render thread/DEBUG] [net.minecraftforge.client.loading.ClientModLoader/CORE]: Generating PackInfo named mod:supplementaries for mod file /Users/bowieconnors/.gradle/caches/forge_gradle/deobf_dependencies/curse/maven/supplementaries-412082/7884611_mapped_parchment_2023.09.03-1.20.1/supplementaries-412082-7884611_mapped_parchment_2023.09.03-1.20.1.jar
[10May2026 20:21:02.719] [Render thread/DEBUG] [net.minecraftforge.client.loading.ClientModLoader/CORE]: Generating PackInfo named mod:fantasyfurniture for mod file /Users/bowieconnors/.gradle/caches/forge_gradle/deobf_dependencies/curse/maven/fantasys-furniture-579564/4702176_mapped_parchment_2023.09.03-1.20.1/fantasys-furniture-579564-4702176_mapped_parchment_2023.09.03-1.20.1.jar
[10May2026 20:21:02.719] [Render thread/DEBUG] [net.minecraftforge.client.loading.ClientModLoader/CORE]: Generating PackInfo named mod:mcwpaths for mod file /Users/bowieconnors/.gradle/caches/forge_gradle/deobf_dependencies/curse/maven/macaws-paths-and-pavings-629153/7029554_mapped_parchment_2023.09.03-1.20.1/macaws-paths-and-pavings-629153-7029554_mapped_parchment_2023.09.03-1.20.1.jar
[10May2026 20:21:02.720] [Render thread/DEBUG] [net.minecraftforge.client.loading.ClientModLoader/CORE]: Generating PackInfo named mod:thuumcraft for mod file /Users/bowieconnors/Documents/GitHub/Thuumcraft/Thuumcraft/build/resources/main
[10May2026 20:21:02.727] [Render thread/DEBUG] [mixin/]: Mixing ClientLanguagesMixin from moonlight-common.mixins.json into net.minecraft.client.resources.language.ClientLanguage
[10May2026 20:21:02.728] [Render thread/DEBUG] [mixin/]: Renaming synthetic method lambda$addEntries$0(Lnet/mehvahdjukaar/moonlight/api/events/AfterLanguageLoadEvent;Lnet/mehvahdjukaar/moonlight/api/set/BlockTypeRegistry;)V to md2f2977$lambda$addEntries$0$0 in moonlight-common.mixins.json:ClientLanguagesMixin
[10May2026 20:21:02.739] [Render thread/DEBUG] [mixin/]: Mixing DynamicTextureMixin from moonlight-common.mixins.json into net.minecraft.client.renderer.texture.DynamicTexture
[10May2026 20:21:02.806] [Render thread/DEBUG] [mixin/]: Mixing FontRendererMixin from supplementaries-common.mixins.json into net.minecraft.client.gui.Font
[10May2026 20:21:02.825] [Render thread/DEBUG] [mixin/]: Mixing DumbMixin from supplementaries-common.mixins.json into net.minecraft.client.renderer.Sheets
[10May2026 20:21:02.832] [Render thread/DEBUG] [mixin/]: Mixing BlockEntityRendererDispatcherMixin from supplementaries.mixins.json into net.minecraft.client.renderer.blockentity.BlockEntityRenderDispatcher
[10May2026 20:21:02.832] [Render thread/DEBUG] [mixin/]: Renaming synthetic method lambda$setupAndRenderPre$0(Lnet/mehvahdjukaar/supplementaries/api/IAntiqueTextProvider;)V to md2f2977$lambda$setupAndRenderPre$0$0 in supplementaries.mixins.json:BlockEntityRendererDispatcherMixin
[10May2026 20:21:02.840] [Render thread/DEBUG] [mixin/]: Mixing HideBlockBreakProgressMixin from farmersdelight.mixins.json into net.minecraft.client.renderer.block.BlockRenderDispatcher
[10May2026 20:21:02.859] [Render thread/DEBUG] [mixin/]: Mixing common.BlockElementMixin from handcrafted-common.mixins.json into net.minecraft.client.renderer.block.model.BlockElement$Deserializer
[10May2026 20:21:02.876] [Render thread/DEBUG] [mixin/]: Mixing PlayerSocialManagerMixin from supplementaries-common.mixins.json into net.minecraft.client.gui.screens.social.PlayerSocialManager
[10May2026 20:21:02.884] [Render thread/DEBUG] [mixin/]: Mixing client.MixinModelBlockRenderer from framedblocks.mixin.json into net.minecraft.client.renderer.block.ModelBlockRenderer
[10May2026 20:21:02.904] [Render thread/DEBUG] [mixin/]: Mixing LiquidBlockRendererMixin from supplementaries-common.mixins.json into net.minecraft.client.renderer.block.LiquidBlockRenderer
[10May2026 20:21:02.924] [Render thread/DEBUG] [mixin/]: Mixing ItemInHandRendererMixin from moonlight-common.mixins.json into net.minecraft.client.renderer.ItemInHandRenderer
[10May2026 20:21:02.945] [Render thread/DEBUG] [mixin/]: Mixing MapRendererMixin from moonlight-common.mixins.json into net.minecraft.client.gui.MapRenderer
[10May2026 20:21:03.009] [Render thread/INFO] [net.minecraftforge.gametest.ForgeGameTestHooks/]: Enabled Gametest Namespaces: [thuumcraft]
[10May2026 20:21:03.041] [Render thread/DEBUG] [mixin/]: Mixing UndeadHorseRenderMixin from supplementaries-common.mixins.json into net.minecraft.client.renderer.entity.UndeadHorseRenderer
[10May2026 20:21:03.042] [Render thread/DEBUG] [mixin/]: Renaming synthetic method shouldShowName(Lnet/minecraft/world/entity/LivingEntity;)Z to md2f2977$shouldShowName$0 in supplementaries-common.mixins.json:UndeadHorseRenderMixin
[10May2026 20:21:03.042] [Render thread/DEBUG] [mixin/]: Renaming synthetic method shouldShowName(Lnet/minecraft/world/entity/Entity;)Z to md2f2977$shouldShowName$1 in supplementaries-common.mixins.json:UndeadHorseRenderMixin
[10May2026 20:21:03.064] [Render thread/DEBUG] [mixin/]: Mixing IronGolemRendererMixin from supplementaries-common.mixins.json into net.minecraft.client.renderer.entity.IronGolemRenderer
[10May2026 20:21:03.899] [Render thread/INFO] [net.minecraft.server.packs.resources.ReloadableResourceManager/]: Reloading ResourceManager: vanilla, mod_resources, file/Excalibur_V1.20.zip, file/Excalibur_Macaw_0.1_1.20.1.zip, file/Excalibur_Mcw-Doors_1.21.1_v1.2.zip, file/Excalibur_Mcw-Roofs_v1.1.zip, Moonlight Mods Dynamic Assets, file/FarmersDelightExcaliburSupport.zip, file/Excalibur_Chipped_0.zip, file/Excalibur_Handcrafted_0.zip, file/Excalibur_Supplementaries_1.zip
[10May2026 20:21:03.938] [Worker-Main-1/INFO] [Moonlight/]: Starting runtime resource generation for pack type CLIENT_RESOURCES with generators from mods [moonlight, supplementaries, moonlight, supplementaries]: [net.mehvahdjukaar.moonlight.core.MoonlightClient$MLDynamicClientResources@50ef8b2d, net.mehvahdjukaar.supplementaries.dynamicpack.ClientDynamicResourcesGenerator@54fa2fe4]
[10May2026 20:21:03.939] [Worker-Main-1/INFO] [Moonlight/]: Generating runtime assets for pack Moonlight Mods Dynamic Assets (moonlight)
[10May2026 20:21:03.942] [Worker-Main-1/INFO] [Moonlight/]: Generated runtime CLIENT_RESOURCES for pack Moonlight Mods Dynamic Assets (moonlight) in: 3 ms (debug resource dump on) (multithreaded)
[10May2026 20:21:03.942] [Worker-Main-1/INFO] [Moonlight/]: Generating runtime assets for pack Moonlight Mods Dynamic Assets (supplementaries)
[10May2026 20:21:03.990] [Worker-Main-1/INFO] [Supplementaries/]: Generated runtime CLIENT_RESOURCES for pack Moonlight Mods Dynamic Assets (supplementaries) in: 47 ms (debug resource dump on) (multithreaded)
[10May2026 20:21:03.990] [Worker-Main-1/INFO] [Moonlight/]: Finished runtime resources generation for 4 packs in a total of 51 ms
[10May2026 20:21:03.996] [modloading-worker-0/DEBUG] [net.minecraftforge.fml.config.ConfigTracker/CONFIG]: Loading configs type CLIENT
[10May2026 20:21:03.997] [modloading-worker-0/DEBUG] [net.minecraftforge.fml.config.ConfigFileTypeHandler/CONFIG]: Built TOML config for /Users/bowieconnors/Documents/GitHub/Thuumcraft/Thuumcraft/run/config/farmersdelight-client.toml
[10May2026 20:21:03.997] [modloading-worker-0/DEBUG] [net.minecraftforge.fml.config.ConfigFileTypeHandler/CONFIG]: Loaded TOML config file /Users/bowieconnors/Documents/GitHub/Thuumcraft/Thuumcraft/run/config/farmersdelight-client.toml
[10May2026 20:21:03.998] [modloading-worker-0/DEBUG] [net.minecraftforge.fml.config.ConfigFileTypeHandler/CONFIG]: Watching TOML config file /Users/bowieconnors/Documents/GitHub/Thuumcraft/Thuumcraft/run/config/farmersdelight-client.toml for changes
[10May2026 20:21:03.999] [modloading-worker-0/DEBUG] [net.minecraftforge.fml.config.ConfigFileTypeHandler/CONFIG]: Built TOML config for /Users/bowieconnors/Documents/GitHub/Thuumcraft/Thuumcraft/run/config/forge-client.toml
[10May2026 20:21:03.999] [modloading-worker-0/DEBUG] [net.minecraftforge.fml.config.ConfigFileTypeHandler/CONFIG]: Loaded TOML config file /Users/bowieconnors/Documents/GitHub/Thuumcraft/Thuumcraft/run/config/forge-client.toml
[10May2026 20:21:03.999] [modloading-worker-0/DEBUG] [net.minecraftforge.fml.config.ConfigFileTypeHandler/CONFIG]: Watching TOML config file /Users/bowieconnors/Documents/GitHub/Thuumcraft/Thuumcraft/run/config/forge-client.toml for changes
[10May2026 20:21:03.999] [modloading-worker-0/DEBUG] [net.minecraftforge.common.ForgeConfig/FORGEMOD]: Loaded forge config file forge-client.toml
[10May2026 20:21:03.999] [modloading-worker-0/DEBUG] [net.minecraftforge.fml.config.ConfigFileTypeHandler/CONFIG]: Built TOML config for /Users/bowieconnors/Documents/GitHub/Thuumcraft/Thuumcraft/run/config/moonlight-client.toml
[10May2026 20:21:03.999] [modloading-worker-0/DEBUG] [net.minecraftforge.fml.config.ConfigFileTypeHandler/CONFIG]: Loaded TOML config file /Users/bowieconnors/Documents/GitHub/Thuumcraft/Thuumcraft/run/config/moonlight-client.toml
[10May2026 20:21:03.999] [modloading-worker-0/DEBUG] [net.minecraftforge.fml.config.ConfigFileTypeHandler/CONFIG]: Watching TOML config file /Users/bowieconnors/Documents/GitHub/Thuumcraft/Thuumcraft/run/config/moonlight-client.toml for changes
[10May2026 20:21:04.000] [modloading-worker-0/DEBUG] [net.minecraftforge.fml.config.ConfigFileTypeHandler/CONFIG]: Built TOML config for /Users/bowieconnors/Documents/GitHub/Thuumcraft/Thuumcraft/run/config/supplementaries-client.toml
[10May2026 20:21:04.000] [modloading-worker-0/DEBUG] [net.minecraftforge.fml.config.ConfigFileTypeHandler/CONFIG]: Loaded TOML config file /Users/bowieconnors/Documents/GitHub/Thuumcraft/Thuumcraft/run/config/supplementaries-client.toml
[10May2026 20:21:04.000] [modloading-worker-0/DEBUG] [net.minecraftforge.fml.config.ConfigFileTypeHandler/CONFIG]: Watching TOML config file /Users/bowieconnors/Documents/GitHub/Thuumcraft/Thuumcraft/run/config/supplementaries-client.toml for changes
[10May2026 20:21:04.001] [modloading-worker-0/DEBUG] [net.minecraftforge.fml.config.ConfigFileTypeHandler/CONFIG]: Built TOML config for /Users/bowieconnors/Documents/GitHub/Thuumcraft/Thuumcraft/run/config/framedblocks-client.toml
[10May2026 20:21:04.002] [modloading-worker-0/DEBUG] [net.minecraftforge.fml.config.ConfigFileTypeHandler/CONFIG]: Loaded TOML config file /Users/bowieconnors/Documents/GitHub/Thuumcraft/Thuumcraft/run/config/framedblocks-client.toml
[10May2026 20:21:04.002] [modloading-worker-0/DEBUG] [net.minecraftforge.fml.config.ConfigFileTypeHandler/CONFIG]: Watching TOML config file /Users/bowieconnors/Documents/GitHub/Thuumcraft/Thuumcraft/run/config/framedblocks-client.toml for changes
[10May2026 20:21:04.002] [modloading-worker-0/DEBUG] [net.minecraftforge.fml.config.ConfigTracker/CONFIG]: Loading configs type COMMON
[10May2026 20:21:04.002] [modloading-worker-0/DEBUG] [net.minecraftforge.fml.config.ConfigFileTypeHandler/CONFIG]: Built TOML config for /Users/bowieconnors/Documents/GitHub/Thuumcraft/Thuumcraft/run/config/farmersdelight-common.toml
[10May2026 20:21:04.003] [modloading-worker-0/DEBUG] [net.minecraftforge.fml.config.ConfigFileTypeHandler/CONFIG]: Loaded TOML config file /Users/bowieconnors/Documents/GitHub/Thuumcraft/Thuumcraft/run/config/farmersdelight-common.toml
[10May2026 20:21:04.003] [modloading-worker-0/DEBUG] [net.minecraftforge.fml.config.ConfigFileTypeHandler/CONFIG]: Watching TOML config file /Users/bowieconnors/Documents/GitHub/Thuumcraft/Thuumcraft/run/config/farmersdelight-common.toml for changes
[10May2026 20:21:04.003] [modloading-worker-0/DEBUG] [net.minecraftforge.fml.config.ConfigFileTypeHandler/CONFIG]: Built TOML config for /Users/bowieconnors/Documents/GitHub/Thuumcraft/Thuumcraft/run/config/moonlight-common.toml
[10May2026 20:21:04.003] [modloading-worker-0/DEBUG] [net.minecraftforge.fml.config.ConfigFileTypeHandler/CONFIG]: Loaded TOML config file /Users/bowieconnors/Documents/GitHub/Thuumcraft/Thuumcraft/run/config/moonlight-common.toml
[10May2026 20:21:04.003] [modloading-worker-0/DEBUG] [net.minecraftforge.fml.config.ConfigFileTypeHandler/CONFIG]: Watching TOML config file /Users/bowieconnors/Documents/GitHub/Thuumcraft/Thuumcraft/run/config/moonlight-common.toml for changes
[10May2026 20:21:04.004] [modloading-worker-0/DEBUG] [net.minecraftforge.fml.config.ConfigFileTypeHandler/CONFIG]: Built TOML config for /Users/bowieconnors/Documents/GitHub/Thuumcraft/Thuumcraft/run/config/thuumcraft-common.toml
[10May2026 20:21:04.004] [modloading-worker-0/DEBUG] [net.minecraftforge.fml.config.ConfigFileTypeHandler/CONFIG]: Loaded TOML config file /Users/bowieconnors/Documents/GitHub/Thuumcraft/Thuumcraft/run/config/thuumcraft-common.toml
[10May2026 20:21:04.004] [modloading-worker-0/DEBUG] [net.minecraftforge.fml.config.ConfigFileTypeHandler/CONFIG]: Watching TOML config file /Users/bowieconnors/Documents/GitHub/Thuumcraft/Thuumcraft/run/config/thuumcraft-common.toml for changes
[10May2026 20:21:04.004] [modloading-worker-0/DEBUG] [net.minecraftforge.fml.config.ConfigFileTypeHandler/CONFIG]: Built TOML config for /Users/bowieconnors/Documents/GitHub/Thuumcraft/Thuumcraft/run/config/supplementaries-common.toml
[10May2026 20:21:04.005] [modloading-worker-0/DEBUG] [net.minecraftforge.fml.config.ConfigFileTypeHandler/CONFIG]: Loaded TOML config file /Users/bowieconnors/Documents/GitHub/Thuumcraft/Thuumcraft/run/config/supplementaries-common.toml
[10May2026 20:21:04.005] [modloading-worker-0/DEBUG] [net.minecraftforge.fml.config.ConfigFileTypeHandler/CONFIG]: Watching TOML config file /Users/bowieconnors/Documents/GitHub/Thuumcraft/Thuumcraft/run/config/supplementaries-common.toml for changes
[10May2026 20:21:04.007] [modloading-worker-0/DEBUG] [net.minecraftforge.fml.config.ConfigFileTypeHandler/CONFIG]: Built TOML config for /Users/bowieconnors/Documents/GitHub/Thuumcraft/Thuumcraft/run/config/framedblocks-common.toml
[10May2026 20:21:04.007] [modloading-worker-0/DEBUG] [net.minecraftforge.fml.config.ConfigFileTypeHandler/CONFIG]: Loaded TOML config file /Users/bowieconnors/Documents/GitHub/Thuumcraft/Thuumcraft/run/config/framedblocks-common.toml
[10May2026 20:21:04.007] [modloading-worker-0/DEBUG] [net.minecraftforge.fml.config.ConfigFileTypeHandler/CONFIG]: Watching TOML config file /Users/bowieconnors/Documents/GitHub/Thuumcraft/Thuumcraft/run/config/framedblocks-common.toml for changes
[10May2026 20:21:04.081] [Worker-Main-7/DEBUG] [xfacthd.framedblocks.FramedBlocks/]: Initializing custom state metadata caches
[10May2026 20:21:04.133] [Render thread/DEBUG] [mixin/]: Mixing SelfCustomBakedModel from moonlight.mixins.json into net.mehvahdjukaar.moonlight.api.client.model.CustomBakedModel
[10May2026 20:21:04.169] [Forge Version Check/INFO] [net.minecraftforge.fml.VersionChecker/]: [moonlight] Starting version check at https://api.modrinth.com/updates/moonlight/forge_updates.json
[10May2026 20:21:04.210] [Worker-Main-5/INFO] [net.minecraft.client.gui.font.providers.UnihexProvider/]: Found unifont_all_no_pua-15.0.06.hex, loading
[10May2026 20:21:04.271] [Worker-Main-8/WARN] [net.minecraft.client.sounds.SoundManager/]: File supplementaries:sounds/item/awning_bounce_1.ogg does not exist, cannot add it to event supplementaries:block.awning.bounce
[10May2026 20:21:04.271] [Worker-Main-8/WARN] [net.minecraft.client.sounds.SoundManager/]: File supplementaries:sounds/item/awning_bounce_2.ogg does not exist, cannot add it to event supplementaries:block.awning.bounce
[10May2026 20:21:04.271] [Worker-Main-8/WARN] [net.minecraft.client.sounds.SoundManager/]: File supplementaries:sounds/item/awning_bounce_3.ogg does not exist, cannot add it to event supplementaries:block.awning.bounce
[10May2026 20:21:04.802] [Forge Version Check/DEBUG] [net.minecraftforge.fml.VersionChecker/]: [moonlight] Received version check data:
{"homepage":"https://modrinth.com/mod/moonlight","promos":{"1.19.4-latest":"1.19.4-2.4.15","1.19.1-latest":"1.19.2-2.1.9","1.20.4-latest":"forge_1.20.4-2.9.9","1.18-recommended":"1.18.2-1.17.17","1.18-latest":"1.18.2-1.17.17","1.20.4-recommended":"forge_1.20.4-2.9.9","1.19.1-recommended":"1.19.2-2.1.9","1.16.5-latest":"1.9.0","1.19.4-recommended":"1.19.4-2.4.15","1.19.2-recommended":"1.19.2-2.3.7","1.20.1-recommended":"1.20-2.16.31-forge","1.18.2-recommended":"1.18.2-1.17.17","1.20-latest":"1.20-2.5.4","1.18.2-latest":"1.18.2-1.17.17","1.20-recommended":"1.20-2.5.4","1.20.1-latest":"1.20-2.16.31-forge","1.18.1-recommended":"1.18.2-1.17.17","1.19.2-latest":"1.19.2-2.3.7","1.16.5-recommended":"1.9.0","1.18.1-latest":"1.18.2-1.17.17"}}
[10May2026 20:21:04.803] [Forge Version Check/INFO] [net.minecraftforge.fml.VersionChecker/]: [moonlight] Found status: OUTDATED Current: 1.20-2.16.26 Target: 1.20-2.16.31-forge
[10May2026 20:21:04.803] [Forge Version Check/INFO] [net.minecraftforge.fml.VersionChecker/]: [mcwroofs] Starting version check at https://raw.githubusercontent.com/sketchmacaw/macawsmods/master/roofs.json
[10May2026 20:21:04.857] [Forge Version Check/DEBUG] [net.minecraftforge.fml.VersionChecker/]: [mcwroofs] Received version check data:
{
  "homepage": "https://www.curseforge.com/minecraft/mc-mods/macaws-roofs",
  "promos": {
    "1.21.10-recommended": "2.3.2",
    "1.21.10-latest": "2.3.2",
    "1.21.9-recommended": "2.3.2",
    "1.21.9-latest": "2.3.2",
    "1.21.8-recommended": "2.3.2",
    "1.21.8-latest": "2.3.2",
    "1.21.7-recommended": "2.3.2",
    "1.21.7-latest": "2.3.2",
    "1.21.6-recommended": "2.3.2",
    "1.21.6-latest": "2.3.2",
    "1.21.5-recommended": "2.3.2",
    "1.21.5-latest": "2.3.2",
    "1.21.4-recommended": "2.3.2",
    "1.21.4-latest": "2.3.2",
    "1.21.3-recommended": "2.3.2",
    "1.21.3-latest": "2.3.2",
    "1.21.1-recommended": "2.3.2",
    "1.21.1-latest": "2.3.2",
    "1.21-recommended": "2.3.2",
    "1.21-latest": "2.3.2",
    "1.21.1-recommended": "2.3.2",
    "1.21.1-latest": "2.3.2",
    "1.21.3-recommended": "2.3.2",
    "1.21.3-latest": "2.3.2",
    "1.21.4-recommended": "2.3.2",
    "1.21.4-latest": "2.3.2",
    "1.20.6-recommended": "2.3.2",
    "1.20.6-latest": "2.3.2",
    "1.20.4-recommended": "2.3.2",
    "1.20.4-latest": "2.3.2",
    "1.20.3-recommended": "2.3.2",
    "1.20.3-latest": "2.3.2",
    "1.20.2-recommended": "2.3.2",
    "1.20.2-latest": "2.3.2",
    "1.20.1-recommended": "2.3.2",
    "1.20.1-latest": "2.3.2",
    "1.20-recommended": "2.3.2",
    "1.20-latest": "2.3.2",
    "1.19.4-recommended": "2.3.2",
    "1.19.4-latest": "2.3.2",
    "1.19.3-recommended": "2.3.2",
    "1.19.3-latest": "2.3.2",
    "1.19.2-recommended": "2.3.2",
    "1.19.2-latest": "2.3.2",
    "1.19.1-recommended": "2.3.2",
    "1.19.1-latest": "2.3.2",
    "1.19-recommended": "2.3.2",
    "1.19-latest": "2.3.2",
    "1.18.2-recommended": "2.3.2",
    "1.18.2-latest": "2.3.2",
    "1.18.1-recommended": "2.3.2",
    "1.18.1-latest": "2.3.2",
    "1.17.1-recommended": "2.3.2",
    "1.17.1-latest": "2.3.2",
    "1.16.5-recommended": "2.3.2",
    "1.16.5-latest": "2.3.2"
  }
}
[10May2026 20:21:04.858] [Forge Version Check/INFO] [net.minecraftforge.fml.VersionChecker/]: [mcwroofs] Found status: UP_TO_DATE Current: 2.3.2 Target: null
[10May2026 20:21:04.858] [Forge Version Check/INFO] [net.minecraftforge.fml.VersionChecker/]: [mcwdoors] Starting version check at https://raw.githubusercontent.com/sketchmacaw/macawsmods/master/doors.json
[10May2026 20:21:04.877] [Forge Version Check/DEBUG] [net.minecraftforge.fml.VersionChecker/]: [mcwdoors] Received version check data:
{
  "homepage": "https://www.curseforge.com/minecraft/mc-mods/macaws-doors",
  "promos": {
    "1.21.10-recommended": "1.1.2",
    "1.21.10-latest": "1.1.2",
    "1.21.9-recommended": "1.1.2",
    "1.21.9-latest": "1.1.2",
    "1.21.8-recommended": "1.1.2",
    "1.21.8-latest": "1.1.2",
    "1.21.7-recommended": "1.1.2",
    "1.21.7-latest": "1.1.2",
    "1.21.6-recommended": "1.1.2",
    "1.21.6-latest": "1.1.2",
    "1.21.5-recommended": "1.1.2",
    "1.21.5-latest": "1.1.2",
    "1.21.4-recommended": "1.1.2",
    "1.21.4-latest": "1.1.2",
    "1.21.3-recommended": "1.1.2",
    "1.21.3-latest": "1.1.2",
    "1.21.1-recommended": "1.1.2",
    "1.21.1-latest": "1.1.2",
    "1.21-recommended": "1.1.2",
    "1.21-latest": "1.1.2",
    "1.20.6-recommended": "1.1.2",
    "1.20.6-latest": "1.1.2",
    "1.20.4-recommended": "1.1.2",
    "1.20.4-latest": "1.1.2",
    "1.20.3-recommended": "1.1.2",
    "1.20.3-latest": "1.1.2",
    "1.20.2-recommended": "1.1.2",
    "1.20.2-latest": "1.1.2",
    "1.20.1-recommended": "1.1.2",
    "1.20.1-latest": "1.1.2",
    "1.20-recommended": "1.1.2",
    "1.20-latest": "1.1.2",
    "1.19.4-recommended": "1.1.2",
    "1.19.4-latest": "1.1.2",
    "1.19.3-recommended": "1.1.2",
    "1.19.3-latest": "1.1.2",
    "1.19.2-recommended": "1.1.2",
    "1.19.2-latest": "1.1.2",
    "1.19.1-recommended": "1.1.2",
    "1.19.1-latest": "1.1.2",
    "1.19-recommended": "1.1.2",
    "1.19-latest": "1.1.2",
    "1.18.2-recommended": "1.1.2",
    "1.18.2-latest": "1.1.2",
    "1.18.1-recommended": "1.1.2",
    "1.18.1-latest": "1.1.2",
    "1.17.1-recommended": "1.1.2",
    "1.17.1-latest": "1.1.2",
    "1.16.5-recommended": "1.1.2",
    "1.16.5-latest": "1.1.2",
    "1.15.2-latest": "1.0.3",
    "1.15.1-latest": "1.0.3",
    "1.14.4-latest": "1.0.3",
    "1.12.2-latest": "1.0.3",
    "1.15.2-recommended": "1.0.3",
    "1.15.1-recommended": "1.0.3",
    "1.14.4-recommended": "1.0.3",
    "1.12.2-recommended": "1.0.3"
  }
}
[10May2026 20:21:04.877] [Forge Version Check/INFO] [net.minecraftforge.fml.VersionChecker/]: [mcwdoors] Found status: UP_TO_DATE Current: 1.1.2 Target: null
[10May2026 20:21:04.877] [Forge Version Check/INFO] [net.minecraftforge.fml.VersionChecker/]: [forge] Starting version check at https://files.minecraftforge.net/net/minecraftforge/forge/promotions_slim.json
[10May2026 20:21:04.897] [Worker-Main-7/DEBUG] [xfacthd.framedblocks.FramedBlocks/]: Initialized 2305 unique caches for 52020 states in 816.3 ms
[10May2026 20:21:04.906] [Render thread/DEBUG] [net.minecraftforge.fml.DeferredWorkQueue/LOADING]: Dispatching synchronous work for work queue COMMON_SETUP: 4 jobs
[10May2026 20:21:04.927] [Render thread/INFO] [Moonlight/]: Initialized color sets in 18ms
[10May2026 20:21:04.935] [Render thread/INFO] [Supplementaries/]: Finished mod setup in: [0, 1, 0, 0, 0, 0, 4, 0] ms
[10May2026 20:21:04.935] [Render thread/DEBUG] [net.minecraftforge.fml.DeferredWorkQueue/LOADING]: Synchronous work queue completed in 29.48 ms
[10May2026 20:21:05.013] [Thread-5/DEBUG] [net.minecraftforge.fml.config.ConfigFileTypeHandler/CONFIG]: Config file supplementaries-common.toml changed, sending notifies
[10May2026 20:21:05.014] [Thread-5/DEBUG] [net.minecraftforge.fml.config.ConfigFileTypeHandler/CONFIG]: Config file framedblocks-client.toml changed, sending notifies
[10May2026 20:21:05.014] [Thread-5/DEBUG] [net.minecraftforge.fml.config.ConfigFileTypeHandler/CONFIG]: Config file farmersdelight-common.toml changed, sending notifies
[10May2026 20:21:05.014] [Thread-5/DEBUG] [net.minecraftforge.fml.config.ConfigFileTypeHandler/CONFIG]: Config file moonlight-common.toml changed, sending notifies
[10May2026 20:21:05.014] [Thread-5/DEBUG] [net.minecraftforge.fml.config.ConfigFileTypeHandler/CONFIG]: Config file forge-client.toml changed, sending notifies
[10May2026 20:21:05.014] [Thread-5/DEBUG] [net.minecraftforge.common.ForgeConfig/FORGEMOD]: Forge config just got changed on the file system!
[10May2026 20:21:05.014] [Thread-5/DEBUG] [net.minecraftforge.fml.config.ConfigFileTypeHandler/CONFIG]: Config file thuumcraft-common.toml changed, sending notifies
[10May2026 20:21:05.014] [Thread-5/DEBUG] [net.minecraftforge.fml.config.ConfigFileTypeHandler/CONFIG]: Config file framedblocks-common.toml changed, sending notifies
[10May2026 20:21:05.015] [Thread-5/DEBUG] [net.minecraftforge.fml.config.ConfigFileTypeHandler/CONFIG]: Config file farmersdelight-client.toml changed, sending notifies
[10May2026 20:21:05.015] [Thread-5/DEBUG] [net.minecraftforge.fml.config.ConfigFileTypeHandler/CONFIG]: Config file supplementaries-client.toml changed, sending notifies
[10May2026 20:21:05.015] [Thread-5/DEBUG] [net.minecraftforge.fml.config.ConfigFileTypeHandler/CONFIG]: Config file moonlight-client.toml changed, sending notifies
[10May2026 20:21:05.057] [Render thread/DEBUG] [net.minecraftforge.fml.DeferredWorkQueue/LOADING]: Dispatching synchronous work for work queue SIDED_SETUP: 26 jobs
[10May2026 20:21:05.069] [Render thread/DEBUG] [mixin/]: Mixing BookViewScreenMixin from supplementaries-common.mixins.json into net.minecraft.client.gui.screens.inventory.BookViewScreen
[10May2026 20:21:05.079] [Render thread/DEBUG] [mixin/]: Mixing LoomScreenFlagMixin from supplementaries-common.mixins.json into net.minecraft.client.gui.screens.inventory.LoomScreen
[10May2026 20:21:05.095] [Render thread/DEBUG] [mixin/]: Mixing CartographyTableScreenMixin from supplementaries-common.mixins.json into net.minecraft.client.gui.screens.inventory.CartographyTableScreen
[10May2026 20:21:05.168] [Render thread/DEBUG] [net.minecraftforge.fml.DeferredWorkQueue/LOADING]: Synchronous work queue completed in 110.4 ms
[10May2026 20:21:05.205] [Forge Version Check/DEBUG] [net.minecraftforge.fml.VersionChecker/]: [forge] Received version check data:
{
  "homepage": "https://files.minecraftforge.net/net/minecraftforge/forge/",
  "promos": {
    "1.1-latest": "1.3.4.29",
    "1.2.3-latest": "1.4.1.64",
    "1.2.4-latest": "2.0.0.68",
    "1.2.5-latest": "3.4.9.171",
    "1.3.2-latest": "4.3.5.318",
    "1.4.0-latest": "5.0.0.326",
    "1.4.1-latest": "6.0.0.329",
    "1.4.2-latest": "6.0.1.355",
    "1.4.3-latest": "6.2.1.358",
    "1.4.4-latest": "6.3.0.378",
    "1.4.5-latest": "6.4.2.448",
    "1.4.6-latest": "6.5.0.489",
    "1.4.7-latest": "6.6.2.534",
    "1.5-latest": "7.7.0.598",
    "1.5.1-latest": "7.7.2.682",
    "1.5.2-latest": "7.8.1.738",
    "1.5.2-recommended": "7.8.1.738",
    "1.6.1-latest": "8.9.0.775",
    "1.6.2-latest": "9.10.1.871",
    "1.6.2-recommended": "9.10.1.871",
    "1.6.3-latest": "9.11.0.878",
    "1.6.4-latest": "9.11.1.1345",
    "1.6.4-recommended": "9.11.1.1345",
    "1.7.2-latest": "10.12.2.1161",
    "1.7.2-recommended": "10.12.2.1161",
    "1.7.10-latest": "10.13.4.1614",
    "1.7.10-recommended": "10.13.4.1614",
    "1.8-latest": "11.14.4.1577",
    "1.8-recommended": "11.14.4.1563",
    "1.8.8-latest": "11.15.0.1655",
    "1.8.9-latest": "11.15.1.2318",
    "1.8.9-recommended": "11.15.1.2318",
    "1.9-latest": "12.16.1.1938",
    "1.9-recommended": "12.16.1.1887",
    "1.9.4-latest": "12.17.0.2317",
    "1.9.4-recommended": "12.17.0.2317",
    "1.10-latest": "12.18.0.2000",
    "1.10.2-latest": "12.18.3.2511",
    "1.10.2-recommended": "12.18.3.2511",
    "1.11-latest": "13.19.1.2199",
    "1.11-recommended": "13.19.1.2189",
    "1.11.2-latest": "13.20.1.2588",
    "1.11.2-recommended": "13.20.1.2588",
    "1.12-latest": "14.21.1.2443",
    "1.12-recommended": "14.21.1.2387",
    "1.12.1-latest": "14.22.1.2485",
    "1.12.1-recommended": "14.22.1.2478",
    "1.12.2-latest": "14.23.5.2864",
    "1.12.2-recommended": "14.23.5.2859",
    "1.13.2-latest": "25.0.223",
    "1.14.2-latest": "26.0.63",
    "1.14.3-latest": "27.0.60",
    "1.14.4-latest": "28.2.28",
    "1.14.4-recommended": "28.2.26",
    "1.15-latest": "29.0.4",
    "1.15.1-latest": "30.0.51",
    "1.15.2-latest": "31.2.60",
    "1.15.2-recommended": "31.2.57",
    "1.16.1-latest": "32.0.108",
    "1.16.2-latest": "33.0.61",
    "1.16.3-latest": "34.1.42",
    "1.16.3-recommended": "34.1.0",
    "1.16.4-latest": "35.1.37",
    "1.16.4-recommended": "35.1.4",
    "1.16.5-latest": "36.2.42",
    "1.16.5-recommended": "36.2.34",
    "1.17.1-latest": "37.1.1",
    "1.17.1-recommended": "37.1.1",
    "1.18-latest": "38.0.17",
    "1.18.1-latest": "39.1.2",
    "1.18.1-recommended": "39.1.0",
    "1.18.2-recommended": "40.3.0",
    "1.18.2-latest": "40.3.12",
    "1.19-latest": "41.1.0",
    "1.19-recommended": "41.1.0",
    "1.19.1-latest": "42.0.9",
    "1.19.2-recommended": "43.5.0",
    "1.19.2-latest": "43.5.2",
    "1.19.3-latest": "44.1.23",
    "1.19.3-recommended": "44.1.0",
    "1.19.4-recommended": "45.4.0",
    "1.19.4-latest": "45.4.3",
    "1.20-latest": "46.0.14",
    "1.20.1-recommended": "47.4.10",
    "1.20.1-latest": "47.4.20",
    "1.20.2-latest": "48.1.0",
    "1.20.2-recommended": "48.1.0",
    "1.20.3-latest": "49.0.2",
    "1.20.4-latest": "49.2.7",
    "1.20.4-recommended": "49.2.0",
    "1.20.6-latest": "50.2.8",
    "1.20.6-recommended": "50.2.0",
    "1.21-latest": "51.0.33",
    "1.21.1-latest": "52.1.14",
    "1.21.1-recommended": "52.1.0",
    "1.21.3-latest": "53.1.10",
    "1.21.3-recommended": "53.1.0",
    "1.21.4-latest": "54.1.16",
    "1.21.4-recommended": "54.1.14",
    "1.21.5-latest": "55.1.10",
    "1.21.5-recommended": "55.1.0",
    "1.21.6-latest": "56.0.9",
    "1.21.7-latest": "57.0.3",
    "1.21.8-latest": "58.1.18",
    "1.21.8-recommended": "58.1.0",
    "1.21.9-latest": "59.0.5",
    "1.21.10-latest": "60.1.9",
    "1.21.10-recommended": "60.1.0",
    "1.21.11-latest": "61.1.5",
    "1.21.11-recommended": "61.1.0",
    "26.1-latest": "62.0.9",
    "26.1.1-latest": "63.0.2",
    "26.1.2-latest": "64.0.8"
  }
}
[10May2026 20:21:05.207] [Forge Version Check/INFO] [net.minecraftforge.fml.VersionChecker/]: [forge] Found status: UP_TO_DATE Current: 47.4.10 Target: null
[10May2026 20:21:05.207] [Forge Version Check/INFO] [net.minecraftforge.fml.VersionChecker/]: [commonality] Starting version check at https://api.modrinth.com/updates/apexcore/forge_updates.json
[10May2026 20:21:05.484] [Forge Version Check/DEBUG] [net.minecraftforge.fml.VersionChecker/]: [commonality] Received version check data:
{"homepage":"https://modrinth.com/mod/apexcore","promos":{"1.16.5-latest":"1.10.0","1.19.1-latest":"6.0.1","1.16.5-recommended":"1.10.0","1.19.4-recommended":"9.0.8","1.19.1-recommended":"6.0.1","1.18.1-latest":"3.4.4","1.20-recommended":"10.0.0","1.18.1-recommended":"3.4.4","1.19.3-latest":"8.0.7","1.19.3-recommended":"8.0.7","1.18.2-recommended":"4.13.0","1.19-recommended":"5.4.0","1.20.1-latest":"10.0.0","1.19.2-recommended":"7.3.1","1.19-latest":"5.4.0","1.19.4-latest":"9.0.8","1.20.1-recommended":"10.0.0","1.17.1-recommended":"2.3.3","1.18.2-latest":"4.13.0","1.20-latest":"10.0.0","1.19.2-latest":"7.3.1","1.17.1-latest":"2.3.3"}}
[10May2026 20:21:05.485] [Forge Version Check/INFO] [net.minecraftforge.fml.VersionChecker/]: [commonality] Found status: OUTDATED Current: 7.0.0 Target: 10.0.0
[10May2026 20:21:05.485] [Forge Version Check/INFO] [net.minecraftforge.fml.VersionChecker/]: [apexcore] Starting version check at https://api.modrinth.com/updates/apexcore/forge_updates.json
[10May2026 20:21:05.876] [Forge Version Check/DEBUG] [net.minecraftforge.fml.VersionChecker/]: [apexcore] Received version check data:
{"homepage":"https://modrinth.com/mod/apexcore","promos":{"1.18.2-recommended":"4.13.0","1.20-recommended":"10.0.0","1.19.1-latest":"6.0.1","1.19-recommended":"5.4.0","1.17.1-recommended":"2.3.3","1.19.2-latest":"7.3.1","1.16.5-latest":"1.10.0","1.19.4-latest":"9.0.8","1.19-latest":"5.4.0","1.17.1-latest":"2.3.3","1.16.5-recommended":"1.10.0","1.19.2-recommended":"7.3.1","1.19.3-recommended":"8.0.7","1.18.1-recommended":"3.4.4","1.19.3-latest":"8.0.7","1.20.1-latest":"10.0.0","1.20-latest":"10.0.0","1.18.2-latest":"4.13.0","1.18.1-latest":"3.4.4","1.19.4-recommended":"9.0.8","1.20.1-recommended":"10.0.0","1.19.1-recommended":"6.0.1"}}
[10May2026 20:21:05.876] [Forge Version Check/INFO] [net.minecraftforge.fml.VersionChecker/]: [apexcore] Found status: UP_TO_DATE Current: 10.0.0 Target: null
[10May2026 20:21:05.876] [Forge Version Check/INFO] [net.minecraftforge.fml.VersionChecker/]: [supplementaries] Starting version check at https://api.modrinth.com/updates/supplementaries/forge_updates.json
[10May2026 20:21:05.950] [Worker-Main-4/WARN] [net.minecraft.client.resources.model.ModelBakery/]: Unable to load model: 'farmersdelight:block/crop_cross' referenced from: farmersdelight:budding_tomatoes#age=0: java.io.FileNotFoundException: farmersdelight:models/block/crop_cross.json
[10May2026 20:21:06.181] [Forge Version Check/DEBUG] [net.minecraftforge.fml.VersionChecker/]: [supplementaries] Received version check data:
{"homepage":"https://modrinth.com/mod/supplementaries","promos":{"1.20-recommended":"1.20-2.5.2","1.20.1-latest":"1.20-3.1.43-forge","1.18.1-recommended":"192","1.18-latest":"68","1.15.2-recommended":"1","1.18.2-recommended":"1.18.2-1.5.18","1.16.3-recommended":"43","1.16.4-recommended":"67","1.19.4-latest":"1.19.4-2.4.15","1.16.5-latest":"209","1.19.1-latest":"216","1.16.5-recommended":"209","1.16.4-latest":"67","1.17.1-recommended":"58","1.20-latest":"1.20-2.5.2","1.20.1-recommended":"1.20-3.1.43-forge","1.15.2-latest":"1","1.16.3-latest":"43","1.17.1-latest":"58","1.19-recommended":"108","1.19.2-latest":"1.19.2-2.4.20","1.19.1-recommended":"216","1.19.2-recommended":"1.19.2-2.4.20","1.18.1-latest":"192","1.19.4-recommended":"1.19.4-2.4.15","1.19-latest":"108","1.18-recommended":"65","1.18.2-latest":"1.18.2-1.5.18"}}
[10May2026 20:21:06.181] [Forge Version Check/INFO] [net.minecraftforge.fml.VersionChecker/]: [supplementaries] Found status: OUTDATED Current: 1.20-3.1.43 Target: 1.20-3.1.43-forge
[10May2026 20:21:06.181] [Forge Version Check/INFO] [net.minecraftforge.fml.VersionChecker/]: [fantasyfurniture] Starting version check at https://api.modrinth.com/updates/fantasy-furniture/forge_updates.json
[10May2026 20:21:06.443] [Forge Version Check/DEBUG] [net.minecraftforge.fml.VersionChecker/]: [fantasyfurniture] Received version check data:
{"homepage":"https://modrinth.com/mod/fantasy-furniture","promos":{"1.20.1-latest":"9.0.0","1.19.4-recommended":"8.0.12","1.19.3-recommended":"7.0.9","1.19.4-latest":"8.0.12","1.19.1-latest":"5.0.1","1.18.2-latest":"3.14.0","1.19-recommended":"4.3.0","1.16.5-latest":"2.0.2","1.20-recommended":"9.0.0","1.16.5-recommended":"2.0.2","1.19.3-latest":"7.0.9","1.19.1-recommended":"5.0.1","1.20-latest":"9.0.0","1.18.2-recommended":"3.14.0","1.19.2-recommended":"6.7.0","1.20.1-recommended":"9.0.0","1.19-latest":"4.3.0","1.19.2-latest":"6.7.0"}}
[10May2026 20:21:06.443] [Forge Version Check/INFO] [net.minecraftforge.fml.VersionChecker/]: [fantasyfurniture] Found status: UP_TO_DATE Current: 9.0.0 Target: null
[10May2026 20:21:06.443] [Forge Version Check/INFO] [net.minecraftforge.fml.VersionChecker/]: [mcwpaths] Starting version check at https://raw.githubusercontent.com/sketchmacaw/macawsmods/master/paths.json
[10May2026 20:21:06.459] [Forge Version Check/DEBUG] [net.minecraftforge.fml.VersionChecker/]: [mcwpaths] Received version check data:
{
  "homepage": "https://www.curseforge.com/minecraft/mc-mods/macaws-path-and-pavings",
  "promos": {
    "1.21.10-recommended": "1.1.1",
    "1.21.10-latest": "1.1.1",
    "1.21.9-recommended": "1.1.1",
    "1.21.9-latest": "1.1.1",
    "1.21.8-recommended": "1.1.1",
    "1.21.8-latest": "1.1.1",
    "1.21.7-recommended": "1.1.1",
    "1.21.7-latest": "1.1.1",
    "1.21.6-recommended": "1.1.1",
    "1.21.6-latest": "1.1.1",
    "1.21.5-recommended": "1.1.1",
    "1.21.5-latest": "1.1.1",
    "1.21.4-recommended": "1.1.1",
    "1.21.4-latest": "1.1.1",
    "1.21.3-recommended": "1.1.1",
    "1.21.3-latest": "1.1.1",
    "1.21.1-recommended": "1.1.1",
    "1.21.1-latest": "1.1.1",
    "1.21-recommended": "1.1.1",
    "1.21-latest": "1.1.1",
    "1.20.6-recommended": "1.1.1",
    "1.20.6-latest": "1.1.1",
    "1.20.4-recommended": "1.1.1",
    "1.20.4-latest": "1.1.1",
    "1.20.3-recommended": "1.1.1",
    "1.20.3-latest": "1.1.1",
    "1.20.2-recommended": "1.1.1",
    "1.20.2-latest": "1.1.1",
    "1.20.1-recommended": "1.1.1",
    "1.20.1-latest": "1.1.1",
    "1.20-recommended": "1.1.1",
    "1.20-latest": "1.1.1",
    "1.19.4-recommended": "1.1.1",
    "1.19.4-latest": "1.1.1",
    "1.19.3-recommended": "1.1.1",
    "1.19.3-latest": "1.1.1",
    "1.19.2-recommended": "1.1.1",
    "1.19.2-latest": "1.1.1",
    "1.19.1-recommended": "1.1.1",
    "1.19.1-latest": "1.1.1",
    "1.19-recommended": "1.1.1",
    "1.19-latest": "1.1.1",
    "1.18.2-recommended": "1.1.1",
    "1.18.2-latest": "1.1.1",
    "1.18.1-recommended": "1.1.1",
    "1.18.1-latest": "1.1.1",
    "1.17.1-recommended": "1.1.1",
    "1.17.1-latest": "1.1.1",
    "1.16.5-latest": "1.1.1",
    "1.16.5-recommended": "1.1.1",
    "1.12.2-latest": "1.0.2",
    "1.12.2-recommended": "1.0.2"
  }
}
[10May2026 20:21:06.459] [Forge Version Check/INFO] [net.minecraftforge.fml.VersionChecker/]: [mcwpaths] Found status: UP_TO_DATE Current: 1.1.1 Target: null
[10May2026 20:21:08.036] [Worker-Main-4/WARN] [net.minecraft.client.resources.model.ModelBakery/]: Unable to load model: 'mcwroofs:block/parent/top_pyramid_rotate' referenced from: mcwroofs:red_sandstone_top_roof#part=pyramid: java.io.FileNotFoundException: mcwroofs:models/block/parent/top_pyramid_rotate.json
[10May2026 20:21:08.037] [Worker-Main-4/WARN] [net.minecraft.client.resources.model.ModelBakery/]: Unable to load model: 'mcwroofs:block/parent/four_way_roof_rotate' referenced from: mcwroofs:red_sandstone_top_roof#part=pyramid: java.io.FileNotFoundException: mcwroofs:models/block/parent/four_way_roof_rotate.json
[10May2026 20:21:08.316] [Worker-Main-4/WARN] [net.minecraft.client.resources.model.ModelBakery/]: Unable to load model: 'supplementaries:block/hanging_flower_pot_rope' referenced from: supplementaries:block/hanging_flower_pot_rope: java.io.FileNotFoundException: supplementaries:models/block/hanging_flower_pot_rope.json
[10May2026 20:21:10.288] [Worker-Main-4/WARN] [net.minecraft.client.resources.model.ModelManager/]: Missing textures in model supplementaries:confetti_popper#inventory:
    minecraft:textures/atlas/blocks.png:supplementaries:party_hat/party_hat
[10May2026 20:21:10.468] [Worker-Main-4/DEBUG] [xfacthd.framedblocks.FramedBlocks/]: Replaced models for 204 blocks in 179.3 ms
[10May2026 20:21:10.767] [Render thread/DEBUG] [net.minecraftforge.fml.DeferredWorkQueue/LOADING]: Dispatching synchronous work for work queue COMPLETE: 1 jobs
[10May2026 20:21:10.816] [Render thread/DEBUG] [net.minecraftforge.fml.DeferredWorkQueue/LOADING]: Synchronous work queue completed in 48.58 ms
[10May2026 20:21:10.820] [modloading-worker-0/DEBUG] [net.minecraftforge.registries.GameData/REGISTRIES]: Freezing registries
[10May2026 20:21:10.821] [modloading-worker-0/DEBUG] [net.minecraftforge.registries.ForgeRegistry/REGISTRIES]: Registry minecraft:block Sync: FROZEN -> ACTIVE
[10May2026 20:21:10.833] [modloading-worker-0/DEBUG] [net.minecraftforge.registries.ForgeRegistry/REGISTRIES]: Registry minecraft:fluid Sync: FROZEN -> ACTIVE
[10May2026 20:21:10.833] [modloading-worker-0/DEBUG] [net.minecraftforge.registries.ForgeRegistry/REGISTRIES]: Registry minecraft:item Sync: FROZEN -> ACTIVE
[10May2026 20:21:10.836] [modloading-worker-0/DEBUG] [net.minecraftforge.registries.ForgeRegistry/REGISTRIES]: Registry minecraft:item Override: minecraft:shulker_shell shulker_shell -> shulker_shell
[10May2026 20:21:10.845] [modloading-worker-0/DEBUG] [net.minecraftforge.registries.ForgeRegistry/REGISTRIES]: Registry minecraft:mob_effect Sync: FROZEN -> ACTIVE
[10May2026 20:21:10.845] [modloading-worker-0/DEBUG] [net.minecraftforge.registries.ForgeRegistry/REGISTRIES]: Registry minecraft:sound_event Sync: FROZEN -> ACTIVE
[10May2026 20:21:10.848] [modloading-worker-0/DEBUG] [net.minecraftforge.registries.ForgeRegistry/REGISTRIES]: Registry minecraft:potion Sync: FROZEN -> ACTIVE
[10May2026 20:21:10.848] [modloading-worker-0/DEBUG] [net.minecraftforge.registries.ForgeRegistry/REGISTRIES]: Registry minecraft:enchantment Sync: FROZEN -> ACTIVE
[10May2026 20:21:10.849] [modloading-worker-0/DEBUG] [net.minecraftforge.registries.ForgeRegistry/REGISTRIES]: Registry minecraft:entity_type Sync: FROZEN -> ACTIVE
[10May2026 20:21:10.849] [modloading-worker-0/DEBUG] [net.minecraftforge.registries.ForgeRegistry/REGISTRIES]: Registry minecraft:block_entity_type Sync: FROZEN -> ACTIVE
[10May2026 20:21:10.849] [modloading-worker-0/DEBUG] [net.minecraftforge.registries.ForgeRegistry/REGISTRIES]: Registry minecraft:particle_type Sync: FROZEN -> ACTIVE
[10May2026 20:21:10.850] [modloading-worker-0/DEBUG] [net.minecraftforge.registries.ForgeRegistry/REGISTRIES]: Registry minecraft:menu Sync: FROZEN -> ACTIVE
[10May2026 20:21:10.850] [modloading-worker-0/DEBUG] [net.minecraftforge.registries.ForgeRegistry/REGISTRIES]: Registry minecraft:painting_variant Sync: FROZEN -> ACTIVE
[10May2026 20:21:10.850] [modloading-worker-0/DEBUG] [net.minecraftforge.registries.ForgeRegistry/REGISTRIES]: Registry minecraft:recipe_type Sync: FROZEN -> ACTIVE
[10May2026 20:21:10.850] [modloading-worker-0/DEBUG] [net.minecraftforge.registries.ForgeRegistry/REGISTRIES]: Registry minecraft:recipe_serializer Sync: FROZEN -> ACTIVE
[10May2026 20:21:10.850] [modloading-worker-0/DEBUG] [net.minecraftforge.registries.ForgeRegistry/REGISTRIES]: Registry minecraft:attribute Sync: FROZEN -> ACTIVE
[10May2026 20:21:10.850] [modloading-worker-0/DEBUG] [net.minecraftforge.registries.ForgeRegistry/REGISTRIES]: Registry minecraft:stat_type Sync: FROZEN -> ACTIVE
[10May2026 20:21:10.850] [modloading-worker-0/DEBUG] [net.minecraftforge.registries.ForgeRegistry/REGISTRIES]: Registry minecraft:command_argument_type Sync: FROZEN -> ACTIVE
[10May2026 20:21:10.850] [modloading-worker-0/DEBUG] [net.minecraftforge.registries.ForgeRegistry/REGISTRIES]: Registry minecraft:villager_profession Sync: FROZEN -> ACTIVE
[10May2026 20:21:10.850] [modloading-worker-0/DEBUG] [net.minecraftforge.registries.ForgeRegistry/REGISTRIES]: Registry minecraft:point_of_interest_type Sync: FROZEN -> ACTIVE
[10May2026 20:21:10.851] [modloading-worker-0/DEBUG] [net.minecraftforge.registries.ForgeRegistry/REGISTRIES]: Registry minecraft:memory_module_type Sync: FROZEN -> ACTIVE
[10May2026 20:21:10.851] [modloading-worker-0/DEBUG] [net.minecraftforge.registries.ForgeRegistry/REGISTRIES]: Registry minecraft:sensor_type Sync: FROZEN -> ACTIVE
[10May2026 20:21:10.852] [modloading-worker-0/DEBUG] [net.minecraftforge.registries.ForgeRegistry/REGISTRIES]: Registry minecraft:schedule Sync: FROZEN -> ACTIVE
[10May2026 20:21:10.852] [modloading-worker-0/DEBUG] [net.minecraftforge.registries.ForgeRegistry/REGISTRIES]: Registry minecraft:activity Sync: FROZEN -> ACTIVE
[10May2026 20:21:10.852] [modloading-worker-0/DEBUG] [net.minecraftforge.registries.ForgeRegistry/REGISTRIES]: Registry minecraft:worldgen/carver Sync: FROZEN -> ACTIVE
[10May2026 20:21:10.852] [modloading-worker-0/DEBUG] [net.minecraftforge.registries.ForgeRegistry/REGISTRIES]: Registry minecraft:worldgen/feature Sync: FROZEN -> ACTIVE
[10May2026 20:21:10.852] [modloading-worker-0/DEBUG] [net.minecraftforge.registries.ForgeRegistry/REGISTRIES]: Registry minecraft:chunk_status Sync: FROZEN -> ACTIVE
[10May2026 20:21:10.852] [modloading-worker-0/DEBUG] [net.minecraftforge.registries.ForgeRegistry/REGISTRIES]: Registry minecraft:worldgen/block_state_provider_type Sync: FROZEN -> ACTIVE
[10May2026 20:21:10.852] [modloading-worker-0/DEBUG] [net.minecraftforge.registries.ForgeRegistry/REGISTRIES]: Registry minecraft:worldgen/foliage_placer_type Sync: FROZEN -> ACTIVE
[10May2026 20:21:10.852] [modloading-worker-0/DEBUG] [net.minecraftforge.registries.ForgeRegistry/REGISTRIES]: Registry minecraft:worldgen/tree_decorator_type Sync: FROZEN -> ACTIVE
[10May2026 20:21:10.852] [modloading-worker-0/DEBUG] [net.minecraftforge.registries.ForgeRegistry/REGISTRIES]: Registry minecraft:worldgen/biome Sync: FROZEN -> ACTIVE
[10May2026 20:21:10.852] [modloading-worker-0/DEBUG] [net.minecraftforge.registries.ForgeRegistry/REGISTRIES]: Registry framedblocks:camo_containers Sync: FROZEN -> ACTIVE
[10May2026 20:21:10.852] [modloading-worker-0/DEBUG] [net.minecraftforge.registries.ForgeRegistry/REGISTRIES]: Registry forge:entity_data_serializers Sync: FROZEN -> ACTIVE
[10May2026 20:21:10.852] [modloading-worker-0/DEBUG] [net.minecraftforge.registries.ForgeRegistry/REGISTRIES]: Registry forge:global_loot_modifier_serializers Sync: FROZEN -> ACTIVE
[10May2026 20:21:10.852] [modloading-worker-0/DEBUG] [net.minecraftforge.registries.ForgeRegistry/REGISTRIES]: Registry forge:biome_modifier_serializers Sync: FROZEN -> ACTIVE
[10May2026 20:21:10.852] [modloading-worker-0/DEBUG] [net.minecraftforge.registries.ForgeRegistry/REGISTRIES]: Registry forge:fluid_type Sync: FROZEN -> ACTIVE
[10May2026 20:21:10.852] [modloading-worker-0/DEBUG] [net.minecraftforge.registries.ForgeRegistry/REGISTRIES]: Registry forge:structure_modifier_serializers Sync: FROZEN -> ACTIVE
[10May2026 20:21:10.852] [modloading-worker-0/DEBUG] [net.minecraftforge.registries.ForgeRegistry/REGISTRIES]: Registry forge:holder_set_type Sync: FROZEN -> ACTIVE
[10May2026 20:21:10.852] [modloading-worker-0/DEBUG] [net.minecraftforge.registries.ForgeRegistry/REGISTRIES]: Registry forge:display_contexts Sync: FROZEN -> ACTIVE
[10May2026 20:21:14.560] [modloading-worker-0/DEBUG] [net.minecraftforge.registries.GameData/REGISTRIES]: All registries frozen
[10May2026 20:21:14.596] [Render thread/DEBUG] [net.minecraftforge.common.ForgeI18n/CORE]: Loading I18N data entries: 10603
[10May2026 20:21:14.622] [Render thread/WARN] [net.minecraft.client.sounds.SoundEngine/]: Missing sound for event: minecraft:item.goat_horn.play
[10May2026 20:21:14.623] [Render thread/WARN] [net.minecraft.client.sounds.SoundEngine/]: Missing sound for event: minecraft:entity.goat.screaming.horn_break
[10May2026 20:21:14.681] [Render thread/INFO] [com.mojang.blaze3d.audio.Library/]: OpenAL initialized on device CoreAudio Default
[10May2026 20:21:14.683] [Render thread/INFO] [net.minecraft.client.sounds.SoundEngine/SOUNDS]: Sound engine started
[10May2026 20:21:14.858] [Render thread/INFO] [net.minecraft.client.renderer.texture.TextureAtlas/]: Created: 4096x4096x4 minecraft:textures/atlas/blocks.png-atlas
[10May2026 20:21:14.939] [Render thread/INFO] [net.minecraft.client.renderer.texture.TextureAtlas/]: Created: 512x256x4 minecraft:textures/atlas/signs.png-atlas
[10May2026 20:21:14.940] [Render thread/INFO] [net.minecraft.client.renderer.texture.TextureAtlas/]: Created: 512x512x4 minecraft:textures/atlas/shield_patterns.png-atlas
[10May2026 20:21:14.940] [Render thread/INFO] [net.minecraft.client.renderer.texture.TextureAtlas/]: Created: 512x512x4 minecraft:textures/atlas/banner_patterns.png-atlas
[10May2026 20:21:14.942] [Render thread/INFO] [net.minecraft.client.renderer.texture.TextureAtlas/]: Created: 1024x1024x4 minecraft:textures/atlas/armor_trims.png-atlas
[10May2026 20:21:14.949] [Render thread/INFO] [net.minecraft.client.renderer.texture.TextureAtlas/]: Created: 128x64x4 minecraft:textures/atlas/decorated_pot.png-atlas
[10May2026 20:21:14.949] [Render thread/INFO] [net.minecraft.client.renderer.texture.TextureAtlas/]: Created: 256x256x4 minecraft:textures/atlas/chest.png-atlas
[10May2026 20:21:14.950] [Render thread/INFO] [net.minecraft.client.renderer.texture.TextureAtlas/]: Created: 512x256x4 minecraft:textures/atlas/beds.png-atlas
[10May2026 20:21:14.950] [Render thread/INFO] [net.minecraft.client.renderer.texture.TextureAtlas/]: Created: 512x256x4 minecraft:textures/atlas/shulker_boxes.png-atlas
[10May2026 20:21:14.952] [Render thread/DEBUG] [mixin/]: Mixing PartDefinitionMixin from supplementaries-common.mixins.json into net.minecraft.client.model.geom.builders.PartDefinition
[10May2026 20:21:14.969] [Render thread/DEBUG] [mixin/]: Mixing ModelPartMixin from supplementaries-common.mixins.json into net.minecraft.client.model.geom.ModelPart
[10May2026 20:21:14.991] [Render thread/DEBUG] [mixin/]: Mixing PlayerItemInHandLayerMixin from moonlight-common.mixins.json into net.minecraft.client.renderer.entity.layers.PlayerItemInHandLayer
[10May2026 20:21:15.008] [Render thread/DEBUG] [mixin/]: Mixing ParrotLayerMixin from supplementaries-common.mixins.json into net.minecraft.client.renderer.entity.layers.ParrotOnShoulderLayer
[10May2026 20:21:15.008] [Render thread/DEBUG] [mixin/]: Renaming synthetic method lambda$renderParty$1(Lcom/mojang/blaze3d/vertex/PoseStack;ZLnet/minecraft/world/entity/player/Player;Lnet/minecraft/nbt/CompoundTag;Lnet/minecraft/client/renderer/MultiBufferSource;IFFFFLnet/minecraft/world/entity/EntityType;)V to md2f2977$lambda$renderParty$1$0 in supplementaries-common.mixins.json:ParrotLayerMixin
[10May2026 20:21:15.008] [Render thread/DEBUG] [mixin/]: Renaming synthetic method lambda$renderParty$0(Lnet/minecraft/world/entity/EntityType;)Z to md2f2977$lambda$renderParty$0$1 in supplementaries-common.mixins.json:ParrotLayerMixin
[10May2026 20:21:15.069] [Render thread/WARN] [net.minecraft.client.renderer.ShaderInstance/]: Shader rendertype_entity_translucent_emissive could not find sampler named Sampler2 in the specified shader program.
[10May2026 20:21:15.142] [Render thread/WARN] [com.mojang.blaze3d.shaders.ProgramManager/]: Error encountered when linking program containing VS supplementaries:spherify and FS supplementaries:spherify. Log output:
[10May2026 20:21:15.143] [Render thread/WARN] [com.mojang.blaze3d.shaders.ProgramManager/]: WARNING: Could not find vertex shader attribute 'Padding' to match BindAttributeLocation request.
WARNING: Output of vertex shader 'normal' not read by fragment shader
WARNING: Output of vertex shader 'vertexColor' not read by fragment shader
WARNING: Output of vertex shader 'overlayColor' not read by fragment shader
ERROR: Input of fragment shader 'frag_IViewRotMat' not written by vertex shader

[10May2026 20:21:15.143] [Render thread/WARN] [net.minecraft.client.renderer.ShaderInstance/]: Shader supplementaries:spherify could not find sampler named Sampler0 in the specified shader program.
[10May2026 20:21:15.143] [Render thread/WARN] [net.minecraft.client.renderer.ShaderInstance/]: Shader supplementaries:spherify could not find sampler named Sampler1 in the specified shader program.
[10May2026 20:21:15.143] [Render thread/WARN] [net.minecraft.client.renderer.ShaderInstance/]: Shader supplementaries:spherify could not find sampler named Sampler2 in the specified shader program.
[10May2026 20:21:15.143] [Render thread/WARN] [net.minecraft.client.renderer.ShaderInstance/]: Shader supplementaries:spherify could not find uniform named ModelViewMat in the specified shader program.
[10May2026 20:21:15.143] [Render thread/WARN] [net.minecraft.client.renderer.ShaderInstance/]: Shader supplementaries:spherify could not find uniform named ProjMat in the specified shader program.
[10May2026 20:21:15.143] [Render thread/WARN] [net.minecraft.client.renderer.ShaderInstance/]: Shader supplementaries:spherify could not find uniform named IViewRotMat in the specified shader program.
[10May2026 20:21:15.143] [Render thread/WARN] [net.minecraft.client.renderer.ShaderInstance/]: Shader supplementaries:spherify could not find uniform named ColorModulator in the specified shader program.
[10May2026 20:21:15.143] [Render thread/WARN] [net.minecraft.client.renderer.ShaderInstance/]: Shader supplementaries:spherify could not find uniform named Light0_Direction in the specified shader program.
[10May2026 20:21:15.143] [Render thread/WARN] [net.minecraft.client.renderer.ShaderInstance/]: Shader supplementaries:spherify could not find uniform named Light1_Direction in the specified shader program.
[10May2026 20:21:15.143] [Render thread/WARN] [net.minecraft.client.renderer.ShaderInstance/]: Shader supplementaries:spherify could not find uniform named FogStart in the specified shader program.
[10May2026 20:21:15.143] [Render thread/WARN] [net.minecraft.client.renderer.ShaderInstance/]: Shader supplementaries:spherify could not find uniform named FogEnd in the specified shader program.
[10May2026 20:21:15.143] [Render thread/WARN] [net.minecraft.client.renderer.ShaderInstance/]: Shader supplementaries:spherify could not find uniform named FogColor in the specified shader program.
[10May2026 20:21:15.143] [Render thread/WARN] [net.minecraft.client.renderer.ShaderInstance/]: Shader supplementaries:spherify could not find uniform named FogShape in the specified shader program.
[10May2026 20:21:15.143] [Render thread/WARN] [net.minecraft.client.renderer.ShaderInstance/]: Shader supplementaries:spherify could not find uniform named NoiseSpeed in the specified shader program.
[10May2026 20:21:15.143] [Render thread/WARN] [net.minecraft.client.renderer.ShaderInstance/]: Shader supplementaries:spherify could not find uniform named NoiseScale in the specified shader program.
[10May2026 20:21:15.143] [Render thread/WARN] [net.minecraft.client.renderer.ShaderInstance/]: Shader supplementaries:spherify could not find uniform named Intensity in the specified shader program.
[10May2026 20:21:15.143] [Render thread/WARN] [net.minecraft.client.renderer.ShaderInstance/]: Shader supplementaries:spherify could not find uniform named CameraPos in the specified shader program.
[10May2026 20:21:15.158] [Render thread/INFO] [net.minecraft.client.renderer.texture.TextureAtlas/]: Created: 512x512x0 minecraft:textures/atlas/particles.png-atlas
[10May2026 20:21:15.160] [Render thread/INFO] [net.minecraft.client.renderer.texture.TextureAtlas/]: Created: 512x512x0 minecraft:textures/atlas/paintings.png-atlas
[10May2026 20:21:15.160] [Render thread/INFO] [net.minecraft.client.renderer.texture.TextureAtlas/]: Created: 256x128x0 minecraft:textures/atlas/mob_effects.png-atlas
[10May2026 20:21:15.162] [Render thread/INFO] [net.minecraft.client.renderer.texture.TextureAtlas/]: Created: 256x256x0 moonlight:textures/atlas/map_markers.png-atlas
[10May2026 20:21:15.658] [Render thread/INFO] [net.minecraft.client.renderer.texture.TextureAtlas/]: Created: 256x256x0 jei:textures/atlas/gui.png-atlas
[10May2026 20:21:15.680] [Render thread/DEBUG] [mixin/]: Mixing ButtonAccessor from moonlight.mixins.json into net.minecraft.client.gui.components.Button
[10May2026 20:21:16.142] [Realms Notification Availability checker #1/INFO] [com.mojang.realmsclient.client.RealmsClient/]: Could not authorize you against Realms server: java.lang.RuntimeException: Failed to parse into SignedJWT: 0
[10May2026 20:21:42.496] [Render thread/INFO] [net.minecraftforge.registries.GameData/REGISTRIES]: Injecting existing registry data into this CLIENT instance
[10May2026 20:21:42.523] [Render thread/DEBUG] [net.minecraftforge.registries.ForgeRegistry/REGISTRIES]: Registry minecraft:item Override: minecraft:shulker_shell shulker_shell -> shulker_shell
[10May2026 20:21:42.525] [Render thread/DEBUG] [net.minecraftforge.registries.ForgeRegistry/REGISTRIES]: Registry minecraft:item: Fixed minecraft:item id mismatch supplementaries:sign_post_acacia: 3825 (init) -> 3637 (map).
[10May2026 20:21:42.526] [Render thread/DEBUG] [net.minecraftforge.registries.ForgeRegistry/REGISTRIES]: Registry minecraft:item: Fixed minecraft:item id mismatch supplementaries:sign_post_bamboo: 3829 (init) -> 3641 (map).
[10May2026 20:21:42.526] [Render thread/DEBUG] [net.minecraftforge.registries.ForgeRegistry/REGISTRIES]: Registry minecraft:item: Fixed minecraft:item id mismatch supplementaries:sign_post_birch: 3823 (init) -> 3635 (map).
[10May2026 20:21:42.526] [Render thread/DEBUG] [net.minecraftforge.registries.ForgeRegistry/REGISTRIES]: Registry minecraft:item: Fixed minecraft:item id mismatch supplementaries:sign_post_cherry: 3826 (init) -> 3638 (map).
[10May2026 20:21:42.526] [Render thread/DEBUG] [net.minecraftforge.registries.ForgeRegistry/REGISTRIES]: Registry minecraft:item: Fixed minecraft:item id mismatch supplementaries:sign_post_crimson: 3830 (init) -> 3642 (map).
[10May2026 20:21:42.526] [Render thread/DEBUG] [net.minecraftforge.registries.ForgeRegistry/REGISTRIES]: Registry minecraft:item: Fixed minecraft:item id mismatch supplementaries:sign_post_dark_oak: 3827 (init) -> 3639 (map).
[10May2026 20:21:42.526] [Render thread/DEBUG] [net.minecraftforge.registries.ForgeRegistry/REGISTRIES]: Registry minecraft:item: Fixed minecraft:item id mismatch supplementaries:sign_post_jungle: 3824 (init) -> 3636 (map).
[10May2026 20:21:42.526] [Render thread/DEBUG] [net.minecraftforge.registries.ForgeRegistry/REGISTRIES]: Registry minecraft:item: Fixed minecraft:item id mismatch supplementaries:sign_post_mangrove: 3828 (init) -> 3640 (map).
[10May2026 20:21:42.526] [Render thread/DEBUG] [net.minecraftforge.registries.ForgeRegistry/REGISTRIES]: Registry minecraft:item: Fixed minecraft:item id mismatch supplementaries:sign_post_oak: 3821 (init) -> 3633 (map).
[10May2026 20:21:42.526] [Render thread/DEBUG] [net.minecraftforge.registries.ForgeRegistry/REGISTRIES]: Registry minecraft:item: Fixed minecraft:item id mismatch supplementaries:sign_post_spruce: 3822 (init) -> 3634 (map).
[10May2026 20:21:42.526] [Render thread/DEBUG] [net.minecraftforge.registries.ForgeRegistry/REGISTRIES]: Registry minecraft:item: Fixed minecraft:item id mismatch supplementaries:sign_post_warped: 3831 (init) -> 3643 (map).
[10May2026 20:21:42.526] [Render thread/DEBUG] [net.minecraftforge.registries.ForgeRegistry/REGISTRIES]: Registry minecraft:item: Fixed minecraft:item id mismatch thuumcraft:corundum_ore_vein: 3810 (init) -> 3622 (map).
[10May2026 20:21:42.526] [Render thread/DEBUG] [net.minecraftforge.registries.ForgeRegistry/REGISTRIES]: Registry minecraft:item: Fixed minecraft:item id mismatch thuumcraft:deepslate_corundum_ore_vein: 3811 (init) -> 3623 (map).
[10May2026 20:21:42.526] [Render thread/DEBUG] [net.minecraftforge.registries.ForgeRegistry/REGISTRIES]: Registry minecraft:item: Fixed minecraft:item id mismatch thuumcraft:deepslate_ebony_ore_vein: 3819 (init) -> 3631 (map).
[10May2026 20:21:42.526] [Render thread/DEBUG] [net.minecraftforge.registries.ForgeRegistry/REGISTRIES]: Registry minecraft:item: Fixed minecraft:item id mismatch thuumcraft:deepslate_malachite_ore_vein: 3809 (init) -> 3621 (map).
[10May2026 20:21:42.526] [Render thread/DEBUG] [net.minecraftforge.registries.ForgeRegistry/REGISTRIES]: Registry minecraft:item: Fixed minecraft:item id mismatch thuumcraft:deepslate_moonstone_ore_vein: 3813 (init) -> 3625 (map).
[10May2026 20:21:42.526] [Render thread/DEBUG] [net.minecraftforge.registries.ForgeRegistry/REGISTRIES]: Registry minecraft:item: Fixed minecraft:item id mismatch thuumcraft:deepslate_orichalcum_ore_vein: 3817 (init) -> 3629 (map).
[10May2026 20:21:42.526] [Render thread/DEBUG] [net.minecraftforge.registries.ForgeRegistry/REGISTRIES]: Registry minecraft:item: Fixed minecraft:item id mismatch thuumcraft:deepslate_silver_ore_vein: 3815 (init) -> 3627 (map).
[10May2026 20:21:42.526] [Render thread/DEBUG] [net.minecraftforge.registries.ForgeRegistry/REGISTRIES]: Registry minecraft:item: Fixed minecraft:item id mismatch thuumcraft:draugr_spawn_egg: 3804 (init) -> 3616 (map).
[10May2026 20:21:42.526] [Render thread/DEBUG] [net.minecraftforge.registries.ForgeRegistry/REGISTRIES]: Registry minecraft:item: Fixed minecraft:item id mismatch thuumcraft:dwarven_sword: 3800 (init) -> 3612 (map).
[10May2026 20:21:42.527] [Render thread/DEBUG] [net.minecraftforge.registries.ForgeRegistry/REGISTRIES]: Registry minecraft:item: Fixed minecraft:item id mismatch thuumcraft:dwarven_war_axe: 3801 (init) -> 3613 (map).
[10May2026 20:21:42.527] [Render thread/DEBUG] [net.minecraftforge.registries.ForgeRegistry/REGISTRIES]: Registry minecraft:item: Fixed minecraft:item id mismatch thuumcraft:ebony_ore_vein: 3818 (init) -> 3630 (map).
[10May2026 20:21:42.527] [Render thread/DEBUG] [net.minecraftforge.registries.ForgeRegistry/REGISTRIES]: Registry minecraft:item: Fixed minecraft:item id mismatch thuumcraft:giant_spawn_egg: 3805 (init) -> 3617 (map).
[10May2026 20:21:42.527] [Render thread/DEBUG] [net.minecraftforge.registries.ForgeRegistry/REGISTRIES]: Registry minecraft:item: Fixed minecraft:item id mismatch thuumcraft:glass_sword: 3798 (init) -> 3610 (map).
[10May2026 20:21:42.527] [Render thread/DEBUG] [net.minecraftforge.registries.ForgeRegistry/REGISTRIES]: Registry minecraft:item: Fixed minecraft:item id mismatch thuumcraft:glass_war_axe: 3799 (init) -> 3611 (map).
[10May2026 20:21:42.527] [Render thread/DEBUG] [net.minecraftforge.registries.ForgeRegistry/REGISTRIES]: Registry minecraft:item: Fixed minecraft:item id mismatch thuumcraft:juniper_berries: 3797 (init) -> 3609 (map).
[10May2026 20:21:42.527] [Render thread/DEBUG] [net.minecraftforge.registries.ForgeRegistry/REGISTRIES]: Registry minecraft:item: Fixed minecraft:item id mismatch thuumcraft:malachite_ore_vein: 3808 (init) -> 3620 (map).
[10May2026 20:21:42.527] [Render thread/DEBUG] [net.minecraftforge.registries.ForgeRegistry/REGISTRIES]: Registry minecraft:item: Fixed minecraft:item id mismatch thuumcraft:moonstone_ore_vein: 3812 (init) -> 3624 (map).
[10May2026 20:21:42.527] [Render thread/DEBUG] [net.minecraftforge.registries.ForgeRegistry/REGISTRIES]: Registry minecraft:item: Fixed minecraft:item id mismatch thuumcraft:orichalcum_ore_vein: 3816 (init) -> 3628 (map).
[10May2026 20:21:42.527] [Render thread/DEBUG] [net.minecraftforge.registries.ForgeRegistry/REGISTRIES]: Registry minecraft:item: Fixed minecraft:item id mismatch thuumcraft:pine_sapling: 3820 (init) -> 3632 (map).
[10May2026 20:21:42.527] [Render thread/DEBUG] [net.minecraftforge.registries.ForgeRegistry/REGISTRIES]: Registry minecraft:item: Fixed minecraft:item id mismatch thuumcraft:refined_malachite_block: 3807 (init) -> 3619 (map).
[10May2026 20:21:42.527] [Render thread/DEBUG] [net.minecraftforge.registries.ForgeRegistry/REGISTRIES]: Registry minecraft:item: Fixed minecraft:item id mismatch thuumcraft:septim: 3803 (init) -> 3615 (map).
[10May2026 20:21:42.527] [Render thread/DEBUG] [net.minecraftforge.registries.ForgeRegistry/REGISTRIES]: Registry minecraft:item: Fixed minecraft:item id mismatch thuumcraft:silver_ore_vein: 3814 (init) -> 3626 (map).
[10May2026 20:21:42.527] [Render thread/DEBUG] [net.minecraftforge.registries.ForgeRegistry/REGISTRIES]: Registry minecraft:item: Fixed minecraft:item id mismatch thuumcraft:skeever_spawn_egg: 3806 (init) -> 3618 (map).
[10May2026 20:21:42.527] [Render thread/DEBUG] [net.minecraftforge.registries.ForgeRegistry/REGISTRIES]: Registry minecraft:item: Fixed minecraft:item id mismatch thuumcraft:steel_sword: 3802 (init) -> 3614 (map).
[10May2026 20:21:42.534] [Render thread/WARN] [net.minecraftforge.registries.ForgeRegistry/REGISTRIES]: Registry minecraft:item: Object did not get ID it asked for. Name: thuumcraft:abecean_longfin Expected: 3609 Got: 3644
[10May2026 20:21:42.534] [Render thread/WARN] [net.minecraftforge.registries.ForgeRegistry/REGISTRIES]: Registry minecraft:item: Object did not get ID it asked for. Name: thuumcraft:alocasia_fruit Expected: 3610 Got: 3645
[10May2026 20:21:42.534] [Render thread/WARN] [net.minecraftforge.registries.ForgeRegistry/REGISTRIES]: Registry minecraft:item: Object did not get ID it asked for. Name: thuumcraft:aloe_vera_leaves Expected: 3611 Got: 3646
[10May2026 20:21:42.534] [Render thread/WARN] [net.minecraftforge.registries.ForgeRegistry/REGISTRIES]: Registry minecraft:item: Object did not get ID it asked for. Name: thuumcraft:ambrosia Expected: 3612 Got: 3647
[10May2026 20:21:42.534] [Render thread/WARN] [net.minecraftforge.registries.ForgeRegistry/REGISTRIES]: Registry minecraft:item: Object did not get ID it asked for. Name: thuumcraft:ancestor_moth_wing Expected: 3613 Got: 3648
[10May2026 20:21:42.534] [Render thread/WARN] [net.minecraftforge.registries.ForgeRegistry/REGISTRIES]: Registry minecraft:item: Object did not get ID it asked for. Name: thuumcraft:angelfish Expected: 3614 Got: 3649
[10May2026 20:21:42.534] [Render thread/WARN] [net.minecraftforge.registries.ForgeRegistry/REGISTRIES]: Registry minecraft:item: Object did not get ID it asked for. Name: thuumcraft:angler_larvae Expected: 3615 Got: 3650
[10May2026 20:21:42.534] [Render thread/WARN] [net.minecraftforge.registries.ForgeRegistry/REGISTRIES]: Registry minecraft:item: Object did not get ID it asked for. Name: thuumcraft:ash_creep_cluster Expected: 3616 Got: 3651
[10May2026 20:21:42.534] [Render thread/WARN] [net.minecraftforge.registries.ForgeRegistry/REGISTRIES]: Registry minecraft:item: Object did not get ID it asked for. Name: thuumcraft:ash_hopper_jelly Expected: 3617 Got: 3652
[10May2026 20:21:42.534] [Render thread/WARN] [net.minecraftforge.registries.ForgeRegistry/REGISTRIES]: Registry minecraft:item: Object did not get ID it asked for. Name: thuumcraft:ashen_grass_pod Expected: 3618 Got: 3653
[10May2026 20:21:42.534] [Render thread/WARN] [net.minecraftforge.registries.ForgeRegistry/REGISTRIES]: Registry minecraft:item: Object did not get ID it asked for. Name: thuumcraft:aster_bloom_core Expected: 3619 Got: 3654
[10May2026 20:21:42.534] [Render thread/WARN] [net.minecraftforge.registries.ForgeRegistry/REGISTRIES]: Registry minecraft:item: Object did not get ID it asked for. Name: thuumcraft:bear_claws Expected: 3620 Got: 3655
[10May2026 20:21:42.534] [Render thread/WARN] [net.minecraftforge.registries.ForgeRegistry/REGISTRIES]: Registry minecraft:item: Object did not get ID it asked for. Name: thuumcraft:bee Expected: 3621 Got: 3656
[10May2026 20:21:42.534] [Render thread/WARN] [net.minecraftforge.registries.ForgeRegistry/REGISTRIES]: Registry minecraft:item: Object did not get ID it asked for. Name: thuumcraft:beehive_husk Expected: 3622 Got: 3657
[10May2026 20:21:42.534] [Render thread/WARN] [net.minecraftforge.registries.ForgeRegistry/REGISTRIES]: Registry minecraft:item: Object did not get ID it asked for. Name: thuumcraft:berits_ashes Expected: 3623 Got: 3658
[10May2026 20:21:42.534] [Render thread/WARN] [net.minecraftforge.registries.ForgeRegistry/REGISTRIES]: Registry minecraft:item: Object did not get ID it asked for. Name: thuumcraft:bittergreen_petals Expected: 3624 Got: 3659
[10May2026 20:21:42.534] [Render thread/WARN] [net.minecraftforge.registries.ForgeRegistry/REGISTRIES]: Registry minecraft:item: Object did not get ID it asked for. Name: thuumcraft:bleeding_crown Expected: 3625 Got: 3660
[10May2026 20:21:42.535] [Render thread/WARN] [net.minecraftforge.registries.ForgeRegistry/REGISTRIES]: Registry minecraft:item: Object did not get ID it asked for. Name: thuumcraft:blind_watchers_eye Expected: 3626 Got: 3661
[10May2026 20:21:42.535] [Render thread/WARN] [net.minecraftforge.registries.ForgeRegistry/REGISTRIES]: Registry minecraft:item: Object did not get ID it asked for. Name: thuumcraft:bliss_bug_thorax Expected: 3627 Got: 3662
[10May2026 20:21:42.535] [Render thread/WARN] [net.minecraftforge.registries.ForgeRegistry/REGISTRIES]: Registry minecraft:item: Object did not get ID it asked for. Name: thuumcraft:blister_pod_cap Expected: 3628 Got: 3663
[10May2026 20:21:42.535] [Render thread/WARN] [net.minecraftforge.registries.ForgeRegistry/REGISTRIES]: Registry minecraft:item: Object did not get ID it asked for. Name: thuumcraft:blisterwort Expected: 3629 Got: 3664
[10May2026 20:21:42.535] [Render thread/WARN] [net.minecraftforge.registries.ForgeRegistry/REGISTRIES]: Registry minecraft:item: Object did not get ID it asked for. Name: thuumcraft:bloodgrass Expected: 3630 Got: 3665
[10May2026 20:21:42.535] [Render thread/WARN] [net.minecraftforge.registries.ForgeRegistry/REGISTRIES]: Registry minecraft:item: Object did not get ID it asked for. Name: thuumcraft:blue_butterfly_wing Expected: 3631 Got: 3666
[10May2026 20:21:42.535] [Render thread/WARN] [net.minecraftforge.registries.ForgeRegistry/REGISTRIES]: Registry minecraft:item: Object did not get ID it asked for. Name: thuumcraft:blue_dartwing Expected: 3632 Got: 3667
[10May2026 20:21:42.535] [Render thread/WARN] [net.minecraftforge.registries.ForgeRegistry/REGISTRIES]: Registry minecraft:item: Object did not get ID it asked for. Name: thuumcraft:blue_mountain_flower Expected: 3633 Got: 3668
[10May2026 20:21:42.535] [Render thread/WARN] [net.minecraftforge.registries.ForgeRegistry/REGISTRIES]: Registry minecraft:item: Object did not get ID it asked for. Name: thuumcraft:boar_tusk Expected: 3634 Got: 3669
[10May2026 20:21:42.535] [Render thread/WARN] [net.minecraftforge.registries.ForgeRegistry/REGISTRIES]: Registry minecraft:item: Object did not get ID it asked for. Name: thuumcraft:bog_beacon Expected: 3635 Got: 3670
[10May2026 20:21:42.535] [Render thread/WARN] [net.minecraftforge.registries.ForgeRegistry/REGISTRIES]: Registry minecraft:item: Object did not get ID it asked for. Name: thuumcraft:bone_meal Expected: 3636 Got: 3671
[10May2026 20:21:42.535] [Render thread/WARN] [net.minecraftforge.registries.ForgeRegistry/REGISTRIES]: Registry minecraft:item: Object did not get ID it asked for. Name: thuumcraft:briar_heart Expected: 3637 Got: 3672
[10May2026 20:21:42.535] [Render thread/WARN] [net.minecraftforge.registries.ForgeRegistry/REGISTRIES]: Registry minecraft:item: Object did not get ID it asked for. Name: thuumcraft:bunglers_bane Expected: 3638 Got: 3673
[10May2026 20:21:42.535] [Render thread/WARN] [net.minecraftforge.registries.ForgeRegistry/REGISTRIES]: Registry minecraft:item: Object did not get ID it asked for. Name: thuumcraft:burnt_spriggan_wood Expected: 3639 Got: 3674
[10May2026 20:21:42.535] [Render thread/WARN] [net.minecraftforge.registries.ForgeRegistry/REGISTRIES]: Registry minecraft:item: Object did not get ID it asked for. Name: thuumcraft:butterfly_wing Expected: 3640 Got: 3675
[10May2026 20:21:42.535] [Render thread/WARN] [net.minecraftforge.registries.ForgeRegistry/REGISTRIES]: Registry minecraft:item: Object did not get ID it asked for. Name: thuumcraft:canis_root Expected: 3641 Got: 3676
[10May2026 20:21:42.535] [Render thread/WARN] [net.minecraftforge.registries.ForgeRegistry/REGISTRIES]: Registry minecraft:item: Object did not get ID it asked for. Name: thuumcraft:charred_skeever_hide Expected: 3642 Got: 3677
[10May2026 20:21:42.535] [Render thread/WARN] [net.minecraftforge.registries.ForgeRegistry/REGISTRIES]: Registry minecraft:item: Object did not get ID it asked for. Name: thuumcraft:chaurus_eggs Expected: 3643 Got: 3678
[10May2026 20:21:42.535] [Render thread/WARN] [net.minecraftforge.registries.ForgeRegistry/REGISTRIES]: Registry minecraft:item: Object did not get ID it asked for. Name: thuumcraft:chaurus_hunter_antennae Expected: 3644 Got: 3679
[10May2026 20:21:42.535] [Render thread/WARN] [net.minecraftforge.registries.ForgeRegistry/REGISTRIES]: Registry minecraft:item: Object did not get ID it asked for. Name: thuumcraft:chickens_egg Expected: 3645 Got: 3680
[10May2026 20:21:42.535] [Render thread/WARN] [net.minecraftforge.registries.ForgeRegistry/REGISTRIES]: Registry minecraft:item: Object did not get ID it asked for. Name: thuumcraft:chokeberry Expected: 3646 Got: 3681
[10May2026 20:21:42.535] [Render thread/WARN] [net.minecraftforge.registries.ForgeRegistry/REGISTRIES]: Registry minecraft:item: Object did not get ID it asked for. Name: thuumcraft:chokeweed Expected: 3647 Got: 3682
[10May2026 20:21:42.535] [Render thread/WARN] [net.minecraftforge.registries.ForgeRegistry/REGISTRIES]: Registry minecraft:item: Object did not get ID it asked for. Name: thuumcraft:coda_flower Expected: 3648 Got: 3683
[10May2026 20:21:42.535] [Render thread/WARN] [net.minecraftforge.registries.ForgeRegistry/REGISTRIES]: Registry minecraft:item: Object did not get ID it asked for. Name: thuumcraft:comberry Expected: 3649 Got: 3684
[10May2026 20:21:42.535] [Render thread/WARN] [net.minecraftforge.registries.ForgeRegistry/REGISTRIES]: Registry minecraft:item: Object did not get ID it asked for. Name: thuumcraft:congealed_putrescence Expected: 3650 Got: 3685
[10May2026 20:21:42.535] [Render thread/WARN] [net.minecraftforge.registries.ForgeRegistry/REGISTRIES]: Registry minecraft:item: Object did not get ID it asked for. Name: thuumcraft:corkbulb_root Expected: 3651 Got: 3686
[10May2026 20:21:42.535] [Render thread/WARN] [net.minecraftforge.registries.ForgeRegistry/REGISTRIES]: Registry minecraft:item: Object did not get ID it asked for. Name: thuumcraft:corrupted_human_heart Expected: 3652 Got: 3687
[10May2026 20:21:42.535] [Render thread/WARN] [net.minecraftforge.registries.ForgeRegistry/REGISTRIES]: Registry minecraft:item: Object did not get ID it asked for. Name: thuumcraft:creep_cluster Expected: 3653 Got: 3688
[10May2026 20:21:42.535] [Render thread/WARN] [net.minecraftforge.registries.ForgeRegistry/REGISTRIES]: Registry minecraft:item: Object did not get ID it asked for. Name: thuumcraft:crimson_nirnroot Expected: 3654 Got: 3689
[10May2026 20:21:42.535] [Render thread/WARN] [net.minecraftforge.registries.ForgeRegistry/REGISTRIES]: Registry minecraft:item: Object did not get ID it asked for. Name: thuumcraft:cyrodilic_spadetail Expected: 3655 Got: 3690
[10May2026 20:21:42.535] [Render thread/WARN] [net.minecraftforge.registries.ForgeRegistry/REGISTRIES]: Registry minecraft:item: Object did not get ID it asked for. Name: thuumcraft:daedra_heart Expected: 3656 Got: 3691
[10May2026 20:21:42.535] [Render thread/WARN] [net.minecraftforge.registries.ForgeRegistry/REGISTRIES]: Registry minecraft:item: Object did not get ID it asked for. Name: thuumcraft:daedra_silk Expected: 3657 Got: 3692
[10May2026 20:21:42.535] [Render thread/WARN] [net.minecraftforge.registries.ForgeRegistry/REGISTRIES]: Registry minecraft:item: Object did not get ID it asked for. Name: thuumcraft:daedra_venin Expected: 3658 Got: 3693
[10May2026 20:21:42.535] [Render thread/WARN] [net.minecraftforge.registries.ForgeRegistry/REGISTRIES]: Registry minecraft:item: Object did not get ID it asked for. Name: thuumcraft:daedroth_teeth Expected: 3659 Got: 3694
[10May2026 20:21:42.535] [Render thread/WARN] [net.minecraftforge.registries.ForgeRegistry/REGISTRIES]: Registry minecraft:item: Object did not get ID it asked for. Name: thuumcraft:deathbell Expected: 3660 Got: 3695
[10May2026 20:21:42.535] [Render thread/WARN] [net.minecraftforge.registries.ForgeRegistry/REGISTRIES]: Registry minecraft:item: Object did not get ID it asked for. Name: thuumcraft:dragons_tongue Expected: 3661 Got: 3696
[10May2026 20:21:42.536] [Render thread/WARN] [net.minecraftforge.registries.ForgeRegistry/REGISTRIES]: Registry minecraft:item: Object did not get ID it asked for. Name: thuumcraft:dreugh_wax Expected: 3662 Got: 3697
[10May2026 20:21:42.536] [Render thread/WARN] [net.minecraftforge.registries.ForgeRegistry/REGISTRIES]: Registry minecraft:item: Object did not get ID it asked for. Name: thuumcraft:dwarven_oil Expected: 3663 Got: 3698
[10May2026 20:21:42.536] [Render thread/WARN] [net.minecraftforge.registries.ForgeRegistry/REGISTRIES]: Registry minecraft:item: Object did not get ID it asked for. Name: thuumcraft:ectoplasm Expected: 3664 Got: 3699
[10May2026 20:21:42.536] [Render thread/WARN] [net.minecraftforge.registries.ForgeRegistry/REGISTRIES]: Registry minecraft:item: Object did not get ID it asked for. Name: thuumcraft:elves_ear Expected: 3665 Got: 3700
[10May2026 20:21:42.536] [Render thread/WARN] [net.minecraftforge.registries.ForgeRegistry/REGISTRIES]: Registry minecraft:item: Object did not get ID it asked for. Name: thuumcraft:elytra_ichor Expected: 3666 Got: 3701
[10May2026 20:21:42.536] [Render thread/WARN] [net.minecraftforge.registries.ForgeRegistry/REGISTRIES]: Registry minecraft:item: Object did not get ID it asked for. Name: thuumcraft:emperor_parasol_moss Expected: 3667 Got: 3702
[10May2026 20:21:42.536] [Render thread/WARN] [net.minecraftforge.registries.ForgeRegistry/REGISTRIES]: Registry minecraft:item: Object did not get ID it asked for. Name: thuumcraft:eye_of_sabre_cat Expected: 3668 Got: 3703
[10May2026 20:21:42.536] [Render thread/WARN] [net.minecraftforge.registries.ForgeRegistry/REGISTRIES]: Registry minecraft:item: Object did not get ID it asked for. Name: thuumcraft:falmer_ear Expected: 3669 Got: 3704
[10May2026 20:21:42.536] [Render thread/WARN] [net.minecraftforge.registries.ForgeRegistry/REGISTRIES]: Registry minecraft:item: Object did not get ID it asked for. Name: thuumcraft:farengars_frost_salt Expected: 3670 Got: 3705
[10May2026 20:21:42.536] [Render thread/WARN] [net.minecraftforge.registries.ForgeRegistry/REGISTRIES]: Registry minecraft:item: Object did not get ID it asked for. Name: thuumcraft:felsaad_tern_feathers Expected: 3671 Got: 3706
[10May2026 20:21:42.536] [Render thread/WARN] [net.minecraftforge.registries.ForgeRegistry/REGISTRIES]: Registry minecraft:item: Object did not get ID it asked for. Name: thuumcraft:fine_cut_void_salts Expected: 3672 Got: 3707
[10May2026 20:21:42.536] [Render thread/WARN] [net.minecraftforge.registries.ForgeRegistry/REGISTRIES]: Registry minecraft:item: Object did not get ID it asked for. Name: thuumcraft:fire_petal Expected: 3673 Got: 3708
[10May2026 20:21:42.536] [Render thread/WARN] [net.minecraftforge.registries.ForgeRegistry/REGISTRIES]: Registry minecraft:item: Object did not get ID it asked for. Name: thuumcraft:fire_salts Expected: 3674 Got: 3709
[10May2026 20:21:42.536] [Render thread/WARN] [net.minecraftforge.registries.ForgeRegistry/REGISTRIES]: Registry minecraft:item: Object did not get ID it asked for. Name: thuumcraft:flame_stalk Expected: 3675 Got: 3710
[10May2026 20:21:42.536] [Render thread/WARN] [net.minecraftforge.registries.ForgeRegistry/REGISTRIES]: Registry minecraft:item: Object did not get ID it asked for. Name: thuumcraft:fly_amanita Expected: 3676 Got: 3711
[10May2026 20:21:42.536] [Render thread/WARN] [net.minecraftforge.registries.ForgeRegistry/REGISTRIES]: Registry minecraft:item: Object did not get ID it asked for. Name: thuumcraft:frost_mirriam Expected: 3677 Got: 3712
[10May2026 20:21:42.536] [Render thread/WARN] [net.minecraftforge.registries.ForgeRegistry/REGISTRIES]: Registry minecraft:item: Object did not get ID it asked for. Name: thuumcraft:frost_salts Expected: 3678 Got: 3713
[10May2026 20:21:42.536] [Render thread/WARN] [net.minecraftforge.registries.ForgeRegistry/REGISTRIES]: Registry minecraft:item: Object did not get ID it asked for. Name: thuumcraft:fungus_stalk Expected: 3679 Got: 3714
[10May2026 20:21:42.536] [Render thread/WARN] [net.minecraftforge.registries.ForgeRegistry/REGISTRIES]: Registry minecraft:item: Object did not get ID it asked for. Name: thuumcraft:garlic Expected: 3680 Got: 3715
[10May2026 20:21:42.536] [Render thread/WARN] [net.minecraftforge.registries.ForgeRegistry/REGISTRIES]: Registry minecraft:item: Object did not get ID it asked for. Name: thuumcraft:giant_lichen Expected: 3681 Got: 3716
[10May2026 20:21:42.536] [Render thread/WARN] [net.minecraftforge.registries.ForgeRegistry/REGISTRIES]: Registry minecraft:item: Object did not get ID it asked for. Name: thuumcraft:giants_toe Expected: 3682 Got: 3717
[10May2026 20:21:42.536] [Render thread/WARN] [net.minecraftforge.registries.ForgeRegistry/REGISTRIES]: Registry minecraft:item: Object did not get ID it asked for. Name: thuumcraft:glassfish Expected: 3683 Got: 3718
[10May2026 20:21:42.536] [Render thread/WARN] [net.minecraftforge.registries.ForgeRegistry/REGISTRIES]: Registry minecraft:item: Object did not get ID it asked for. Name: thuumcraft:gleamblossom Expected: 3684 Got: 3719
[10May2026 20:21:42.536] [Render thread/WARN] [net.minecraftforge.registries.ForgeRegistry/REGISTRIES]: Registry minecraft:item: Object did not get ID it asked for. Name: thuumcraft:glow_dust Expected: 3685 Got: 3720
[10May2026 20:21:42.536] [Render thread/WARN] [net.minecraftforge.registries.ForgeRegistry/REGISTRIES]: Registry minecraft:item: Object did not get ID it asked for. Name: thuumcraft:glowing_mushroom Expected: 3686 Got: 3721
[10May2026 20:21:42.536] [Render thread/WARN] [net.minecraftforge.registries.ForgeRegistry/REGISTRIES]: Registry minecraft:item: Object did not get ID it asked for. Name: thuumcraft:gnarl_bark Expected: 3687 Got: 3722
[10May2026 20:21:42.536] [Render thread/WARN] [net.minecraftforge.registries.ForgeRegistry/REGISTRIES]: Registry minecraft:item: Object did not get ID it asked for. Name: thuumcraft:gold_kanet Expected: 3688 Got: 3723
[10May2026 20:21:42.536] [Render thread/WARN] [net.minecraftforge.registries.ForgeRegistry/REGISTRIES]: Registry minecraft:item: Object did not get ID it asked for. Name: thuumcraft:goldfish Expected: 3689 Got: 3724
[10May2026 20:21:42.536] [Render thread/WARN] [net.minecraftforge.registries.ForgeRegistry/REGISTRIES]: Registry minecraft:item: Object did not get ID it asked for. Name: thuumcraft:grass_pod Expected: 3690 Got: 3725
[10May2026 20:21:42.536] [Render thread/WARN] [net.minecraftforge.registries.ForgeRegistry/REGISTRIES]: Registry minecraft:item: Object did not get ID it asked for. Name: thuumcraft:green_butterfly_wing Expected: 3691 Got: 3726
[10May2026 20:21:42.536] [Render thread/WARN] [net.minecraftforge.registries.ForgeRegistry/REGISTRIES]: Registry minecraft:item: Object did not get ID it asked for. Name: thuumcraft:hackle_lo_leaf Expected: 3692 Got: 3727
[10May2026 20:21:42.536] [Render thread/WARN] [net.minecraftforge.registries.ForgeRegistry/REGISTRIES]: Registry minecraft:item: Object did not get ID it asked for. Name: thuumcraft:hagraven_claw Expected: 3693 Got: 3728
[10May2026 20:21:42.536] [Render thread/WARN] [net.minecraftforge.registries.ForgeRegistry/REGISTRIES]: Registry minecraft:item: Object did not get ID it asked for. Name: thuumcraft:hagraven_feathers Expected: 3694 Got: 3729
[10May2026 20:21:42.536] [Render thread/WARN] [net.minecraftforge.registries.ForgeRegistry/REGISTRIES]: Registry minecraft:item: Object did not get ID it asked for. Name: thuumcraft:hanging_moss Expected: 3695 Got: 3730
[10May2026 20:21:42.536] [Render thread/WARN] [net.minecraftforge.registries.ForgeRegistry/REGISTRIES]: Registry minecraft:item: Object did not get ID it asked for. Name: thuumcraft:harrada Expected: 3696 Got: 3731
[10May2026 20:21:42.536] [Render thread/WARN] [net.minecraftforge.registries.ForgeRegistry/REGISTRIES]: Registry minecraft:item: Object did not get ID it asked for. Name: thuumcraft:hawk_beak Expected: 3697 Got: 3732
[10May2026 20:21:42.536] [Render thread/WARN] [net.minecraftforge.registries.ForgeRegistry/REGISTRIES]: Registry minecraft:item: Object did not get ID it asked for. Name: thuumcraft:hawk_feathers Expected: 3698 Got: 3733
[10May2026 20:21:42.536] [Render thread/WARN] [net.minecraftforge.registries.ForgeRegistry/REGISTRIES]: Registry minecraft:item: Object did not get ID it asked for. Name: thuumcraft:hawks_egg Expected: 3699 Got: 3734
[10May2026 20:21:42.537] [Render thread/WARN] [net.minecraftforge.registries.ForgeRegistry/REGISTRIES]: Registry minecraft:item: Object did not get ID it asked for. Name: thuumcraft:healing_salts Expected: 3700 Got: 3735
[10May2026 20:21:42.537] [Render thread/WARN] [net.minecraftforge.registries.ForgeRegistry/REGISTRIES]: Registry minecraft:item: Object did not get ID it asked for. Name: thuumcraft:heart_of_order Expected: 3701 Got: 3736
[10May2026 20:21:42.537] [Render thread/WARN] [net.minecraftforge.registries.ForgeRegistry/REGISTRIES]: Registry minecraft:item: Object did not get ID it asked for. Name: thuumcraft:histcarp Expected: 3702 Got: 3737
[10May2026 20:21:42.537] [Render thread/WARN] [net.minecraftforge.registries.ForgeRegistry/REGISTRIES]: Registry minecraft:item: Object did not get ID it asked for. Name: thuumcraft:honeycomb Expected: 3703 Got: 3738
[10May2026 20:21:42.537] [Render thread/WARN] [net.minecraftforge.registries.ForgeRegistry/REGISTRIES]: Registry minecraft:item: Object did not get ID it asked for. Name: thuumcraft:human_flesh Expected: 3704 Got: 3739
[10May2026 20:21:42.537] [Render thread/WARN] [net.minecraftforge.registries.ForgeRegistry/REGISTRIES]: Registry minecraft:item: Object did not get ID it asked for. Name: thuumcraft:human_heart Expected: 3705 Got: 3740
[10May2026 20:21:42.537] [Render thread/WARN] [net.minecraftforge.registries.ForgeRegistry/REGISTRIES]: Registry minecraft:item: Object did not get ID it asked for. Name: thuumcraft:hunger_tongue Expected: 3706 Got: 3741
[10May2026 20:21:42.537] [Render thread/WARN] [net.minecraftforge.registries.ForgeRegistry/REGISTRIES]: Registry minecraft:item: Object did not get ID it asked for. Name: thuumcraft:hydnum_azure_giant_spore Expected: 3707 Got: 3742
[10May2026 20:21:42.537] [Render thread/WARN] [net.minecraftforge.registries.ForgeRegistry/REGISTRIES]: Registry minecraft:item: Object did not get ID it asked for. Name: thuumcraft:hypha_facia Expected: 3708 Got: 3743
[10May2026 20:21:42.537] [Render thread/WARN] [net.minecraftforge.registries.ForgeRegistry/REGISTRIES]: Registry minecraft:item: Object did not get ID it asked for. Name: thuumcraft:ice_wraith_teeth Expected: 3709 Got: 3744
[10May2026 20:21:42.537] [Render thread/WARN] [net.minecraftforge.registries.ForgeRegistry/REGISTRIES]: Registry minecraft:item: Object did not get ID it asked for. Name: thuumcraft:imp_gall Expected: 3710 Got: 3745
[10May2026 20:21:42.537] [Render thread/WARN] [net.minecraftforge.registries.ForgeRegistry/REGISTRIES]: Registry minecraft:item: Object did not get ID it asked for. Name: thuumcraft:imp_stool Expected: 3711 Got: 3746
[10May2026 20:21:42.537] [Render thread/WARN] [net.minecraftforge.registries.ForgeRegistry/REGISTRIES]: Registry minecraft:item: Object did not get ID it asked for. Name: thuumcraft:ironwood_fruit Expected: 3712 Got: 3747
[10May2026 20:21:42.537] [Render thread/WARN] [net.minecraftforge.registries.ForgeRegistry/REGISTRIES]: Registry minecraft:item: Object did not get ID it asked for. Name: thuumcraft:jarrin_root Expected: 3713 Got: 3748
[10May2026 20:21:42.537] [Render thread/WARN] [net.minecraftforge.registries.ForgeRegistry/REGISTRIES]: Registry minecraft:item: Object did not get ID it asked for. Name: thuumcraft:jazbay_grapes Expected: 3714 Got: 3749
[10May2026 20:21:42.537] [Render thread/WARN] [net.minecraftforge.registries.ForgeRegistry/REGISTRIES]: Registry minecraft:item: Object did not get ID it asked for. Name: thuumcraft:juvenile_mudcrab Expected: 3715 Got: 3750
[10May2026 20:21:42.537] [Render thread/WARN] [net.minecraftforge.registries.ForgeRegistry/REGISTRIES]: Registry minecraft:item: Object did not get ID it asked for. Name: thuumcraft:kagouti_hide Expected: 3716 Got: 3751
[10May2026 20:21:42.537] [Render thread/WARN] [net.minecraftforge.registries.ForgeRegistry/REGISTRIES]: Registry minecraft:item: Object did not get ID it asked for. Name: thuumcraft:kresh_fiber Expected: 3717 Got: 3752
[10May2026 20:21:42.537] [Render thread/WARN] [net.minecraftforge.registries.ForgeRegistry/REGISTRIES]: Registry minecraft:item: Object did not get ID it asked for. Name: thuumcraft:large_antlers Expected: 3718 Got: 3753
[10May2026 20:21:42.537] [Render thread/WARN] [net.minecraftforge.registries.ForgeRegistry/REGISTRIES]: Registry minecraft:item: Object did not get ID it asked for. Name: thuumcraft:lavender Expected: 3719 Got: 3754
[10May2026 20:21:42.537] [Render thread/WARN] [net.minecraftforge.registries.ForgeRegistry/REGISTRIES]: Registry minecraft:item: Object did not get ID it asked for. Name: thuumcraft:lichor Expected: 3720 Got: 3755
[10May2026 20:21:42.537] [Render thread/WARN] [net.minecraftforge.registries.ForgeRegistry/REGISTRIES]: Registry minecraft:item: Object did not get ID it asked for. Name: thuumcraft:luminous_russula Expected: 3721 Got: 3756
[10May2026 20:21:42.537] [Render thread/WARN] [net.minecraftforge.registries.ForgeRegistry/REGISTRIES]: Registry minecraft:item: Object did not get ID it asked for. Name: thuumcraft:luna_moth_wing Expected: 3722 Got: 3757
[10May2026 20:21:42.537] [Render thread/WARN] [net.minecraftforge.registries.ForgeRegistry/REGISTRIES]: Registry minecraft:item: Object did not get ID it asked for. Name: thuumcraft:lyretail_anthias Expected: 3723 Got: 3758
[10May2026 20:21:42.537] [Render thread/WARN] [net.minecraftforge.registries.ForgeRegistry/REGISTRIES]: Registry minecraft:item: Object did not get ID it asked for. Name: thuumcraft:marshmerrow Expected: 3724 Got: 3759
[10May2026 20:21:42.537] [Render thread/WARN] [net.minecraftforge.registries.ForgeRegistry/REGISTRIES]: Registry minecraft:item: Object did not get ID it asked for. Name: thuumcraft:minotaur_horn Expected: 3725 Got: 3760
[10May2026 20:21:42.537] [Render thread/WARN] [net.minecraftforge.registries.ForgeRegistry/REGISTRIES]: Registry minecraft:item: Object did not get ID it asked for. Name: thuumcraft:moon_sugar Expected: 3726 Got: 3761
[10May2026 20:21:42.537] [Render thread/WARN] [net.minecraftforge.registries.ForgeRegistry/REGISTRIES]: Registry minecraft:item: Object did not get ID it asked for. Name: thuumcraft:mora_tapinella Expected: 3727 Got: 3762
[10May2026 20:21:42.537] [Render thread/WARN] [net.minecraftforge.registries.ForgeRegistry/REGISTRIES]: Registry minecraft:item: Object did not get ID it asked for. Name: thuumcraft:mort_flesh Expected: 3728 Got: 3763
[10May2026 20:21:42.537] [Render thread/WARN] [net.minecraftforge.registries.ForgeRegistry/REGISTRIES]: Registry minecraft:item: Object did not get ID it asked for. Name: thuumcraft:mudcrab_chitin Expected: 3729 Got: 3764
[10May2026 20:21:42.537] [Render thread/WARN] [net.minecraftforge.registries.ForgeRegistry/REGISTRIES]: Registry minecraft:item: Object did not get ID it asked for. Name: thuumcraft:namiras_rot Expected: 3730 Got: 3765
[10May2026 20:21:42.537] [Render thread/WARN] [net.minecraftforge.registries.ForgeRegistry/REGISTRIES]: Registry minecraft:item: Object did not get ID it asked for. Name: thuumcraft:netch_jelly Expected: 3731 Got: 3766
[10May2026 20:21:42.537] [Render thread/WARN] [net.minecraftforge.registries.ForgeRegistry/REGISTRIES]: Registry minecraft:item: Object did not get ID it asked for. Name: thuumcraft:nightshade Expected: 3732 Got: 3767
[10May2026 20:21:42.537] [Render thread/WARN] [net.minecraftforge.registries.ForgeRegistry/REGISTRIES]: Registry minecraft:item: Object did not get ID it asked for. Name: thuumcraft:nirnroot Expected: 3733 Got: 3768
[10May2026 20:21:42.537] [Render thread/WARN] [net.minecraftforge.registries.ForgeRegistry/REGISTRIES]: Registry minecraft:item: Object did not get ID it asked for. Name: thuumcraft:nordic_barnacle Expected: 3734 Got: 3769
[10May2026 20:21:42.537] [Render thread/WARN] [net.minecraftforge.registries.ForgeRegistry/REGISTRIES]: Registry minecraft:item: Object did not get ID it asked for. Name: thuumcraft:ogres_teeth Expected: 3735 Got: 3770
[10May2026 20:21:42.538] [Render thread/WARN] [net.minecraftforge.registries.ForgeRegistry/REGISTRIES]: Registry minecraft:item: Object did not get ID it asked for. Name: thuumcraft:orange_dartwing Expected: 3736 Got: 3771
[10May2026 20:21:42.538] [Render thread/WARN] [net.minecraftforge.registries.ForgeRegistry/REGISTRIES]: Registry minecraft:item: Object did not get ID it asked for. Name: thuumcraft:pearl Expected: 3737 Got: 3772
[10May2026 20:21:42.538] [Render thread/WARN] [net.minecraftforge.registries.ForgeRegistry/REGISTRIES]: Registry minecraft:item: Object did not get ID it asked for. Name: thuumcraft:pearlfish Expected: 3738 Got: 3773
[10May2026 20:21:42.538] [Render thread/WARN] [net.minecraftforge.registries.ForgeRegistry/REGISTRIES]: Registry minecraft:item: Object did not get ID it asked for. Name: thuumcraft:pine_thrush_egg Expected: 3739 Got: 3774
[10May2026 20:21:42.538] [Render thread/WARN] [net.minecraftforge.registries.ForgeRegistry/REGISTRIES]: Registry minecraft:item: Object did not get ID it asked for. Name: thuumcraft:poison_bloom Expected: 3740 Got: 3775
[10May2026 20:21:42.538] [Render thread/WARN] [net.minecraftforge.registries.ForgeRegistry/REGISTRIES]: Registry minecraft:item: Object did not get ID it asked for. Name: thuumcraft:powdered_mammoth_tusk Expected: 3741 Got: 3776
[10May2026 20:21:42.538] [Render thread/WARN] [net.minecraftforge.registries.ForgeRegistry/REGISTRIES]: Registry minecraft:item: Object did not get ID it asked for. Name: thuumcraft:purple_butterfly_wing Expected: 3742 Got: 3777
[10May2026 20:21:42.538] [Render thread/WARN] [net.minecraftforge.registries.ForgeRegistry/REGISTRIES]: Registry minecraft:item: Object did not get ID it asked for. Name: thuumcraft:purple_mountain_flower Expected: 3743 Got: 3778
[10May2026 20:21:42.538] [Render thread/WARN] [net.minecraftforge.registries.ForgeRegistry/REGISTRIES]: Registry minecraft:item: Object did not get ID it asked for. Name: thuumcraft:pygmy_sunfish Expected: 3744 Got: 3779
[10May2026 20:21:42.538] [Render thread/WARN] [net.minecraftforge.registries.ForgeRegistry/REGISTRIES]: Registry minecraft:item: Object did not get ID it asked for. Name: thuumcraft:red_kelp_gas_bladder Expected: 3745 Got: 3780
[10May2026 20:21:42.538] [Render thread/WARN] [net.minecraftforge.registries.ForgeRegistry/REGISTRIES]: Registry minecraft:item: Object did not get ID it asked for. Name: thuumcraft:red_mountain_flower Expected: 3746 Got: 3781
[10May2026 20:21:42.538] [Render thread/WARN] [net.minecraftforge.registries.ForgeRegistry/REGISTRIES]: Registry minecraft:item: Object did not get ID it asked for. Name: thuumcraft:redwort_flower Expected: 3747 Got: 3782
[10May2026 20:21:42.538] [Render thread/WARN] [net.minecraftforge.registries.ForgeRegistry/REGISTRIES]: Registry minecraft:item: Object did not get ID it asked for. Name: thuumcraft:river_betty Expected: 3748 Got: 3783
[10May2026 20:21:42.538] [Render thread/WARN] [net.minecraftforge.registries.ForgeRegistry/REGISTRIES]: Registry minecraft:item: Object did not get ID it asked for. Name: thuumcraft:rock_warbler_egg Expected: 3749 Got: 3784
[10May2026 20:21:42.538] [Render thread/WARN] [net.minecraftforge.registries.ForgeRegistry/REGISTRIES]: Registry minecraft:item: Object did not get ID it asked for. Name: thuumcraft:roobrush Expected: 3750 Got: 3785
[10May2026 20:21:42.538] [Render thread/WARN] [net.minecraftforge.registries.ForgeRegistry/REGISTRIES]: Registry minecraft:item: Object did not get ID it asked for. Name: thuumcraft:rot_scale Expected: 3751 Got: 3786
[10May2026 20:21:42.538] [Render thread/WARN] [net.minecraftforge.registries.ForgeRegistry/REGISTRIES]: Registry minecraft:item: Object did not get ID it asked for. Name: thuumcraft:sabre_cat_tooth Expected: 3752 Got: 3787
[10May2026 20:21:42.538] [Render thread/WARN] [net.minecraftforge.registries.ForgeRegistry/REGISTRIES]: Registry minecraft:item: Object did not get ID it asked for. Name: thuumcraft:salmon_roe Expected: 3753 Got: 3788
[10May2026 20:21:42.538] [Render thread/WARN] [net.minecraftforge.registries.ForgeRegistry/REGISTRIES]: Registry minecraft:item: Object did not get ID it asked for. Name: thuumcraft:salt_pile Expected: 3754 Got: 3789
[10May2026 20:21:42.538] [Render thread/WARN] [net.minecraftforge.registries.ForgeRegistry/REGISTRIES]: Registry minecraft:item: Object did not get ID it asked for. Name: thuumcraft:saltrice Expected: 3755 Got: 3790
[10May2026 20:21:42.538] [Render thread/WARN] [net.minecraftforge.registries.ForgeRegistry/REGISTRIES]: Registry minecraft:item: Object did not get ID it asked for. Name: thuumcraft:scalon_fin Expected: 3756 Got: 3791
[10May2026 20:21:42.538] [Render thread/WARN] [net.minecraftforge.registries.ForgeRegistry/REGISTRIES]: Registry minecraft:item: Object did not get ID it asked for. Name: thuumcraft:scaly_pholiota Expected: 3757 Got: 3792
[10May2026 20:21:42.538] [Render thread/WARN] [net.minecraftforge.registries.ForgeRegistry/REGISTRIES]: Registry minecraft:item: Object did not get ID it asked for. Name: thuumcraft:scathecraw Expected: 3758 Got: 3793
[10May2026 20:21:42.538] [Render thread/WARN] [net.minecraftforge.registries.ForgeRegistry/REGISTRIES]: Registry minecraft:item: Object did not get ID it asked for. Name: thuumcraft:screaming_maw Expected: 3759 Got: 3794
[10May2026 20:21:42.538] [Render thread/WARN] [net.minecraftforge.registries.ForgeRegistry/REGISTRIES]: Registry minecraft:item: Object did not get ID it asked for. Name: thuumcraft:scrib_jelly Expected: 3760 Got: 3795
[10May2026 20:21:42.538] [Render thread/WARN] [net.minecraftforge.registries.ForgeRegistry/REGISTRIES]: Registry minecraft:item: Object did not get ID it asked for. Name: thuumcraft:scrib_jerky Expected: 3761 Got: 3796
[10May2026 20:21:42.538] [Render thread/WARN] [net.minecraftforge.registries.ForgeRegistry/REGISTRIES]: Registry minecraft:item: Object did not get ID it asked for. Name: thuumcraft:silverside_perch Expected: 3762 Got: 3797
[10May2026 20:21:42.538] [Render thread/WARN] [net.minecraftforge.registries.ForgeRegistry/REGISTRIES]: Registry minecraft:item: Object did not get ID it asked for. Name: thuumcraft:simon_rodaynes_heart Expected: 3763 Got: 3798
[10May2026 20:21:42.538] [Render thread/WARN] [net.minecraftforge.registries.ForgeRegistry/REGISTRIES]: Registry minecraft:item: Object did not get ID it asked for. Name: thuumcraft:slaughterfish_egg Expected: 3764 Got: 3799
[10May2026 20:21:42.538] [Render thread/WARN] [net.minecraftforge.registries.ForgeRegistry/REGISTRIES]: Registry minecraft:item: Object did not get ID it asked for. Name: thuumcraft:slaughterfish_scales Expected: 3765 Got: 3800
[10May2026 20:21:42.538] [Render thread/WARN] [net.minecraftforge.registries.ForgeRegistry/REGISTRIES]: Registry minecraft:item: Object did not get ID it asked for. Name: thuumcraft:sload_soap Expected: 3766 Got: 3801
[10May2026 20:21:42.538] [Render thread/WARN] [net.minecraftforge.registries.ForgeRegistry/REGISTRIES]: Registry minecraft:item: Object did not get ID it asked for. Name: thuumcraft:small_antlers Expected: 3767 Got: 3802
[10May2026 20:21:42.538] [Render thread/WARN] [net.minecraftforge.registries.ForgeRegistry/REGISTRIES]: Registry minecraft:item: Object did not get ID it asked for. Name: thuumcraft:small_pearl Expected: 3768 Got: 3803
[10May2026 20:21:42.538] [Render thread/WARN] [net.minecraftforge.registries.ForgeRegistry/REGISTRIES]: Registry minecraft:item: Object did not get ID it asked for. Name: thuumcraft:snowberries Expected: 3769 Got: 3804
[10May2026 20:21:42.538] [Render thread/WARN] [net.minecraftforge.registries.ForgeRegistry/REGISTRIES]: Registry minecraft:item: Object did not get ID it asked for. Name: thuumcraft:spadefish Expected: 3770 Got: 3805
[10May2026 20:21:42.538] [Render thread/WARN] [net.minecraftforge.registries.ForgeRegistry/REGISTRIES]: Registry minecraft:item: Object did not get ID it asked for. Name: thuumcraft:spawn_ash Expected: 3771 Got: 3806
[10May2026 20:21:42.538] [Render thread/WARN] [net.minecraftforge.registries.ForgeRegistry/REGISTRIES]: Registry minecraft:item: Object did not get ID it asked for. Name: thuumcraft:spiddal_stick Expected: 3772 Got: 3807
[10May2026 20:21:42.538] [Render thread/WARN] [net.minecraftforge.registries.ForgeRegistry/REGISTRIES]: Registry minecraft:item: Object did not get ID it asked for. Name: thuumcraft:spider_egg Expected: 3773 Got: 3808
[10May2026 20:21:42.539] [Render thread/WARN] [net.minecraftforge.registries.ForgeRegistry/REGISTRIES]: Registry minecraft:item: Object did not get ID it asked for. Name: thuumcraft:spriggan_sap Expected: 3774 Got: 3809
[10May2026 20:21:42.539] [Render thread/WARN] [net.minecraftforge.registries.ForgeRegistry/REGISTRIES]: Registry minecraft:item: Object did not get ID it asked for. Name: thuumcraft:steel_blue_entoloma Expected: 3775 Got: 3810
[10May2026 20:21:42.539] [Render thread/WARN] [net.minecraftforge.registries.ForgeRegistry/REGISTRIES]: Registry minecraft:item: Object did not get ID it asked for. Name: thuumcraft:stoneflower_petals Expected: 3776 Got: 3811
[10May2026 20:21:42.539] [Render thread/WARN] [net.minecraftforge.registries.ForgeRegistry/REGISTRIES]: Registry minecraft:item: Object did not get ID it asked for. Name: thuumcraft:swamp_fungal_pod Expected: 3777 Got: 3812
[10May2026 20:21:42.539] [Render thread/WARN] [net.minecraftforge.registries.ForgeRegistry/REGISTRIES]: Registry minecraft:item: Object did not get ID it asked for. Name: thuumcraft:taproot Expected: 3778 Got: 3813
[10May2026 20:21:42.539] [Render thread/WARN] [net.minecraftforge.registries.ForgeRegistry/REGISTRIES]: Registry minecraft:item: Object did not get ID it asked for. Name: thuumcraft:thistle_branch Expected: 3779 Got: 3814
[10May2026 20:21:42.539] [Render thread/WARN] [net.minecraftforge.registries.ForgeRegistry/REGISTRIES]: Registry minecraft:item: Object did not get ID it asked for. Name: thuumcraft:thorn_hook Expected: 3780 Got: 3815
[10May2026 20:21:42.539] [Render thread/WARN] [net.minecraftforge.registries.ForgeRegistry/REGISTRIES]: Registry minecraft:item: Object did not get ID it asked for. Name: thuumcraft:torchbug_thorax Expected: 3781 Got: 3816
[10May2026 20:21:42.539] [Render thread/WARN] [net.minecraftforge.registries.ForgeRegistry/REGISTRIES]: Registry minecraft:item: Object did not get ID it asked for. Name: thuumcraft:trama_root Expected: 3782 Got: 3817
[10May2026 20:21:42.539] [Render thread/WARN] [net.minecraftforge.registries.ForgeRegistry/REGISTRIES]: Registry minecraft:item: Object did not get ID it asked for. Name: thuumcraft:troll_fat Expected: 3783 Got: 3818
[10May2026 20:21:42.539] [Render thread/WARN] [net.minecraftforge.registries.ForgeRegistry/REGISTRIES]: Registry minecraft:item: Object did not get ID it asked for. Name: thuumcraft:tundra_cotton Expected: 3784 Got: 3819
[10May2026 20:21:42.539] [Render thread/WARN] [net.minecraftforge.registries.ForgeRegistry/REGISTRIES]: Registry minecraft:item: Object did not get ID it asked for. Name: thuumcraft:vampire_dust Expected: 3785 Got: 3820
[10May2026 20:21:42.539] [Render thread/WARN] [net.minecraftforge.registries.ForgeRegistry/REGISTRIES]: Registry minecraft:item: Object did not get ID it asked for. Name: thuumcraft:void_essence Expected: 3786 Got: 3821
[10May2026 20:21:42.539] [Render thread/WARN] [net.minecraftforge.registries.ForgeRegistry/REGISTRIES]: Registry minecraft:item: Object did not get ID it asked for. Name: thuumcraft:void_salts Expected: 3787 Got: 3822
[10May2026 20:21:42.539] [Render thread/WARN] [net.minecraftforge.registries.ForgeRegistry/REGISTRIES]: Registry minecraft:item: Object did not get ID it asked for. Name: thuumcraft:watchers_eye Expected: 3788 Got: 3823
[10May2026 20:21:42.539] [Render thread/WARN] [net.minecraftforge.registries.ForgeRegistry/REGISTRIES]: Registry minecraft:item: Object did not get ID it asked for. Name: thuumcraft:wheat Expected: 3789 Got: 3824
[10May2026 20:21:42.539] [Render thread/WARN] [net.minecraftforge.registries.ForgeRegistry/REGISTRIES]: Registry minecraft:item: Object did not get ID it asked for. Name: thuumcraft:white_cap Expected: 3790 Got: 3825
[10May2026 20:21:42.539] [Render thread/WARN] [net.minecraftforge.registries.ForgeRegistry/REGISTRIES]: Registry minecraft:item: Object did not get ID it asked for. Name: thuumcraft:wild_grass_pod Expected: 3791 Got: 3826
[10May2026 20:21:42.539] [Render thread/WARN] [net.minecraftforge.registries.ForgeRegistry/REGISTRIES]: Registry minecraft:item: Object did not get ID it asked for. Name: thuumcraft:wisp_stalk_caps Expected: 3792 Got: 3827
[10May2026 20:21:42.539] [Render thread/WARN] [net.minecraftforge.registries.ForgeRegistry/REGISTRIES]: Registry minecraft:item: Object did not get ID it asked for. Name: thuumcraft:wisp_wrappings Expected: 3793 Got: 3828
[10May2026 20:21:42.539] [Render thread/WARN] [net.minecraftforge.registries.ForgeRegistry/REGISTRIES]: Registry minecraft:item: Object did not get ID it asked for. Name: thuumcraft:withering_moon Expected: 3794 Got: 3829
[10May2026 20:21:42.539] [Render thread/WARN] [net.minecraftforge.registries.ForgeRegistry/REGISTRIES]: Registry minecraft:item: Object did not get ID it asked for. Name: thuumcraft:worms_head_cap Expected: 3795 Got: 3830
[10May2026 20:21:42.539] [Render thread/WARN] [net.minecraftforge.registries.ForgeRegistry/REGISTRIES]: Registry minecraft:item: Object did not get ID it asked for. Name: thuumcraft:yellow_mountain_flower Expected: 3796 Got: 3831
[10May2026 20:21:42.546] [Render thread/DEBUG] [net.minecraftforge.registries.ForgeRegistry/REGISTRIES]: Registry minecraft:block Sync: ACTIVE -> STAGING
[10May2026 20:21:42.553] [Render thread/DEBUG] [net.minecraftforge.registries.ForgeRegistry/REGISTRIES]: Registry minecraft:fluid Sync: ACTIVE -> STAGING
[10May2026 20:21:42.553] [Render thread/DEBUG] [net.minecraftforge.registries.ForgeRegistry/REGISTRIES]: Registry minecraft:item Sync: ACTIVE -> STAGING
[10May2026 20:21:42.560] [Render thread/DEBUG] [net.minecraftforge.registries.ForgeRegistry/REGISTRIES]: Registry minecraft:item Override: minecraft:shulker_shell shulker_shell -> air
[10May2026 20:21:42.562] [Render thread/DEBUG] [net.minecraftforge.registries.ForgeRegistry/REGISTRIES]: Registry minecraft:mob_effect Sync: ACTIVE -> STAGING
[10May2026 20:21:42.562] [Render thread/DEBUG] [net.minecraftforge.registries.ForgeRegistry/REGISTRIES]: Registry minecraft:sound_event Sync: ACTIVE -> STAGING
[10May2026 20:21:42.565] [Render thread/DEBUG] [net.minecraftforge.registries.ForgeRegistry/REGISTRIES]: Registry minecraft:potion Sync: ACTIVE -> STAGING
[10May2026 20:21:42.565] [Render thread/DEBUG] [net.minecraftforge.registries.ForgeRegistry/REGISTRIES]: Registry minecraft:enchantment Sync: ACTIVE -> STAGING
[10May2026 20:21:42.565] [Render thread/DEBUG] [net.minecraftforge.registries.ForgeRegistry/REGISTRIES]: Registry minecraft:entity_type Sync: ACTIVE -> STAGING
[10May2026 20:21:42.565] [Render thread/DEBUG] [net.minecraftforge.registries.ForgeRegistry/REGISTRIES]: Registry minecraft:block_entity_type Sync: ACTIVE -> STAGING
[10May2026 20:21:42.566] [Render thread/DEBUG] [net.minecraftforge.registries.ForgeRegistry/REGISTRIES]: Registry minecraft:particle_type Sync: ACTIVE -> STAGING
[10May2026 20:21:42.566] [Render thread/DEBUG] [net.minecraftforge.registries.ForgeRegistry/REGISTRIES]: Registry minecraft:menu Sync: ACTIVE -> STAGING
[10May2026 20:21:42.566] [Render thread/DEBUG] [net.minecraftforge.registries.ForgeRegistry/REGISTRIES]: Registry minecraft:painting_variant Sync: ACTIVE -> STAGING
[10May2026 20:21:42.566] [Render thread/DEBUG] [net.minecraftforge.registries.ForgeRegistry/REGISTRIES]: Registry minecraft:recipe_type Sync: ACTIVE -> STAGING
[10May2026 20:21:42.566] [Render thread/DEBUG] [net.minecraftforge.registries.ForgeRegistry/REGISTRIES]: Registry minecraft:recipe_serializer Sync: ACTIVE -> STAGING
[10May2026 20:21:42.566] [Render thread/DEBUG] [net.minecraftforge.registries.ForgeRegistry/REGISTRIES]: Registry minecraft:attribute Sync: ACTIVE -> STAGING
[10May2026 20:21:42.566] [Render thread/DEBUG] [net.minecraftforge.registries.ForgeRegistry/REGISTRIES]: Registry minecraft:stat_type Sync: ACTIVE -> STAGING
[10May2026 20:21:42.566] [Render thread/DEBUG] [net.minecraftforge.registries.ForgeRegistry/REGISTRIES]: Registry minecraft:command_argument_type Sync: ACTIVE -> STAGING
[10May2026 20:21:42.566] [Render thread/DEBUG] [net.minecraftforge.registries.ForgeRegistry/REGISTRIES]: Registry minecraft:villager_profession Sync: ACTIVE -> STAGING
[10May2026 20:21:42.566] [Render thread/DEBUG] [net.minecraftforge.registries.ForgeRegistry/REGISTRIES]: Registry minecraft:point_of_interest_type Sync: ACTIVE -> STAGING
[10May2026 20:21:42.567] [Render thread/DEBUG] [net.minecraftforge.registries.ForgeRegistry/REGISTRIES]: Registry minecraft:memory_module_type Sync: ACTIVE -> STAGING
[10May2026 20:21:42.567] [Render thread/DEBUG] [net.minecraftforge.registries.ForgeRegistry/REGISTRIES]: Registry minecraft:sensor_type Sync: ACTIVE -> STAGING
[10May2026 20:21:42.567] [Render thread/DEBUG] [net.minecraftforge.registries.ForgeRegistry/REGISTRIES]: Registry minecraft:schedule Sync: ACTIVE -> STAGING
[10May2026 20:21:42.567] [Render thread/DEBUG] [net.minecraftforge.registries.ForgeRegistry/REGISTRIES]: Registry minecraft:activity Sync: ACTIVE -> STAGING
[10May2026 20:21:42.567] [Render thread/DEBUG] [net.minecraftforge.registries.ForgeRegistry/REGISTRIES]: Registry minecraft:worldgen/carver Sync: ACTIVE -> STAGING
[10May2026 20:21:42.567] [Render thread/DEBUG] [net.minecraftforge.registries.ForgeRegistry/REGISTRIES]: Registry minecraft:worldgen/feature Sync: ACTIVE -> STAGING
[10May2026 20:21:42.567] [Render thread/DEBUG] [net.minecraftforge.registries.ForgeRegistry/REGISTRIES]: Registry minecraft:chunk_status Sync: ACTIVE -> STAGING
[10May2026 20:21:42.567] [Render thread/DEBUG] [net.minecraftforge.registries.ForgeRegistry/REGISTRIES]: Registry minecraft:worldgen/block_state_provider_type Sync: ACTIVE -> STAGING
[10May2026 20:21:42.567] [Render thread/DEBUG] [net.minecraftforge.registries.ForgeRegistry/REGISTRIES]: Registry minecraft:worldgen/foliage_placer_type Sync: ACTIVE -> STAGING
[10May2026 20:21:42.567] [Render thread/DEBUG] [net.minecraftforge.registries.ForgeRegistry/REGISTRIES]: Registry minecraft:worldgen/tree_decorator_type Sync: ACTIVE -> STAGING
[10May2026 20:21:42.567] [Render thread/DEBUG] [net.minecraftforge.registries.ForgeRegistry/REGISTRIES]: Registry minecraft:worldgen/biome Sync: ACTIVE -> STAGING
[10May2026 20:21:42.568] [Render thread/DEBUG] [net.minecraftforge.registries.ForgeRegistry/REGISTRIES]: Registry framedblocks:camo_containers Sync: ACTIVE -> STAGING
[10May2026 20:21:42.568] [Render thread/DEBUG] [net.minecraftforge.registries.ForgeRegistry/REGISTRIES]: Registry forge:entity_data_serializers Sync: ACTIVE -> STAGING
[10May2026 20:21:42.568] [Render thread/DEBUG] [net.minecraftforge.registries.ForgeRegistry/REGISTRIES]: Registry forge:global_loot_modifier_serializers Sync: ACTIVE -> STAGING
[10May2026 20:21:42.568] [Render thread/DEBUG] [net.minecraftforge.registries.ForgeRegistry/REGISTRIES]: Registry forge:biome_modifier_serializers Sync: ACTIVE -> STAGING
[10May2026 20:21:42.568] [Render thread/DEBUG] [net.minecraftforge.registries.ForgeRegistry/REGISTRIES]: Registry forge:fluid_type Sync: ACTIVE -> STAGING
[10May2026 20:21:42.568] [Render thread/DEBUG] [net.minecraftforge.registries.ForgeRegistry/REGISTRIES]: Registry forge:structure_modifier_serializers Sync: ACTIVE -> STAGING
[10May2026 20:21:42.568] [Render thread/DEBUG] [net.minecraftforge.registries.ForgeRegistry/REGISTRIES]: Registry forge:holder_set_type Sync: ACTIVE -> STAGING
[10May2026 20:21:42.568] [Render thread/DEBUG] [net.minecraftforge.registries.ForgeRegistry/REGISTRIES]: Registry forge:display_contexts Sync: ACTIVE -> STAGING
[10May2026 20:21:44.741] [Render thread/DEBUG] [net.minecraftforge.registries.ObjectHolderRegistry/REGISTRIES]: Applying holder lookups
[10May2026 20:21:44.747] [Render thread/DEBUG] [net.minecraftforge.registries.ObjectHolderRegistry/REGISTRIES]: Holder lookups applied
[10May2026 20:21:44.752] [Render thread/DEBUG] [mixin/]: Mixing WorldLoaderMixin from moonlight-common.mixins.json into net.minecraft.server.WorldLoader
[10May2026 20:21:44.767] [Render thread/DEBUG] [net.minecraftforge.server.ServerLifecycleHooks/CORE]: Generating PackInfo named mod:farmersdelight for mod file /Users/bowieconnors/.gradle/caches/forge_gradle/deobf_dependencies/curse/maven/farmers-delight-398521/8007609_mapped_parchment_2023.09.03-1.20.1/farmers-delight-398521-8007609_mapped_parchment_2023.09.03-1.20.1.jar
[10May2026 20:21:44.767] [Render thread/DEBUG] [net.minecraftforge.server.ServerLifecycleHooks/CORE]: Generating PackInfo named mod:framedblocks for mod file /Users/bowieconnors/.gradle/caches/forge_gradle/deobf_dependencies/curse/maven/framedblocks-441647/7386520_mapped_parchment_2023.09.03-1.20.1/framedblocks-441647-7386520_mapped_parchment_2023.09.03-1.20.1.jar
[10May2026 20:21:44.767] [Render thread/DEBUG] [net.minecraftforge.server.ServerLifecycleHooks/CORE]: Generating PackInfo named mod:handcrafted for mod file /Users/bowieconnors/.gradle/caches/forge_gradle/deobf_dependencies/curse/maven/handcrafted-538214/5118729_mapped_parchment_2023.09.03-1.20.1/handcrafted-538214-5118729_mapped_parchment_2023.09.03-1.20.1.jar
[10May2026 20:21:44.767] [Render thread/DEBUG] [net.minecraftforge.server.ServerLifecycleHooks/CORE]: Generating PackInfo named mod:mixinextras for mod file 
[10May2026 20:21:44.767] [Render thread/DEBUG] [net.minecraftforge.server.ServerLifecycleHooks/CORE]: Generating PackInfo named mod:moonlight for mod file /Users/bowieconnors/.gradle/caches/forge_gradle/deobf_dependencies/curse/maven/selene-499980/7540753_mapped_parchment_2023.09.03-1.20.1/selene-499980-7540753_mapped_parchment_2023.09.03-1.20.1.jar
[10May2026 20:21:44.767] [Render thread/DEBUG] [net.minecraftforge.server.ServerLifecycleHooks/CORE]: Generating PackInfo named mod:resourcefullib for mod file /Users/bowieconnors/.gradle/caches/forge_gradle/deobf_dependencies/curse/maven/resourceful-lib-570073/5659871_mapped_parchment_2023.09.03-1.20.1/resourceful-lib-570073-5659871_mapped_parchment_2023.09.03-1.20.1.jar
[10May2026 20:21:44.767] [Render thread/DEBUG] [net.minecraftforge.server.ServerLifecycleHooks/CORE]: Generating PackInfo named mod:mixinsquared for mod file 
[10May2026 20:21:44.769] [Render thread/DEBUG] [net.minecraftforge.server.ServerLifecycleHooks/CORE]: Generating PackInfo named mod:mcwroofs for mod file /Users/bowieconnors/.gradle/caches/forge_gradle/deobf_dependencies/curse/maven/macaws-roofs-352039/6494466_mapped_parchment_2023.09.03-1.20.1/macaws-roofs-352039-6494466_mapped_parchment_2023.09.03-1.20.1.jar
[10May2026 20:21:44.769] [Render thread/DEBUG] [net.minecraftforge.server.ServerLifecycleHooks/CORE]: Generating PackInfo named mod:mcwdoors for mod file /Users/bowieconnors/.gradle/caches/forge_gradle/deobf_dependencies/curse/maven/macaws-doors-378646/6146379_mapped_parchment_2023.09.03-1.20.1/macaws-doors-378646-6146379_mapped_parchment_2023.09.03-1.20.1.jar
[10May2026 20:21:44.769] [Render thread/DEBUG] [net.minecraftforge.server.ServerLifecycleHooks/CORE]: Generating PackInfo named mod:jei for mod file /Users/bowieconnors/.gradle/caches/forge_gradle/deobf_dependencies/mezz/jei/jei-1.20.1-forge/15.20.0.129_mapped_parchment_2023.09.03-1.20.1/jei-1.20.1-forge-15.20.0.129_mapped_parchment_2023.09.03-1.20.1.jar
[10May2026 20:21:44.769] [Render thread/DEBUG] [net.minecraftforge.server.ServerLifecycleHooks/CORE]: Generating PackInfo named mod:forge for mod file /
[10May2026 20:21:44.769] [Render thread/DEBUG] [net.minecraftforge.server.ServerLifecycleHooks/CORE]: Generating PackInfo named mod:commonality for mod file 
[10May2026 20:21:44.769] [Render thread/DEBUG] [net.minecraftforge.server.ServerLifecycleHooks/CORE]: Generating PackInfo named mod:apexcore for mod file 
[10May2026 20:21:44.769] [Render thread/DEBUG] [net.minecraftforge.server.ServerLifecycleHooks/CORE]: Generating PackInfo named mod:supplementaries for mod file /Users/bowieconnors/.gradle/caches/forge_gradle/deobf_dependencies/curse/maven/supplementaries-412082/7884611_mapped_parchment_2023.09.03-1.20.1/supplementaries-412082-7884611_mapped_parchment_2023.09.03-1.20.1.jar
[10May2026 20:21:44.769] [Render thread/DEBUG] [net.minecraftforge.server.ServerLifecycleHooks/CORE]: Generating PackInfo named mod:fantasyfurniture for mod file /Users/bowieconnors/.gradle/caches/forge_gradle/deobf_dependencies/curse/maven/fantasys-furniture-579564/4702176_mapped_parchment_2023.09.03-1.20.1/fantasys-furniture-579564-4702176_mapped_parchment_2023.09.03-1.20.1.jar
[10May2026 20:21:44.769] [Render thread/DEBUG] [net.minecraftforge.server.ServerLifecycleHooks/CORE]: Generating PackInfo named mod:mcwpaths for mod file /Users/bowieconnors/.gradle/caches/forge_gradle/deobf_dependencies/curse/maven/macaws-paths-and-pavings-629153/7029554_mapped_parchment_2023.09.03-1.20.1/macaws-paths-and-pavings-629153-7029554_mapped_parchment_2023.09.03-1.20.1.jar
[10May2026 20:21:44.770] [Render thread/DEBUG] [net.minecraftforge.server.ServerLifecycleHooks/CORE]: Generating PackInfo named mod:thuumcraft for mod file /Users/bowieconnors/Documents/GitHub/Thuumcraft/Thuumcraft/build/resources/main
[10May2026 20:21:44.774] [Render thread/INFO] [Moonlight/]: Starting runtime resource generation for pack type SERVER_DATA with generators from mods [moonlight, supplementaries, moonlight, supplementaries]: [net.mehvahdjukaar.moonlight.core.Moonlight$MlTestGen@317ed63f, net.mehvahdjukaar.supplementaries.dynamicpack.ServerDynamicResourcesGenerator@3dbf18be]
[10May2026 20:21:44.774] [Render thread/INFO] [Moonlight/]: Generating runtime assets for pack Moonlight Generated Pack (moonlight)
[10May2026 20:21:44.778] [Render thread/INFO] [Moonlight/]: Generated runtime SERVER_DATA for pack Moonlight Generated Pack (moonlight) in: 4 ms (debug resource dump on) (multithreaded)
[10May2026 20:21:44.778] [Render thread/INFO] [Moonlight/]: Generating runtime assets for pack Supplementaries Generated Pack (supplementaries)
[10May2026 20:21:44.796] [Render thread/INFO] [Supplementaries/]: Generated runtime SERVER_DATA for pack Supplementaries Generated Pack (supplementaries) in: 17 ms (debug resource dump on) (multithreaded)
[10May2026 20:21:44.796] [Render thread/INFO] [Moonlight/]: Finished runtime resources generation for 4 packs in a total of 22 ms
[10May2026 20:21:45.156] [Render thread/DEBUG] [net.minecraftforge.coremod.transformer.CoreModBaseTransformer/COREMOD]: Transforming net/minecraft/server/commands/SummonCommand
[10May2026 20:21:45.444] [Worker-Main-6/DEBUG] [net.minecraftforge.coremod.transformer.CoreModBaseTransformer/COREMOD]: Transforming net/minecraft/world/entity/raid/Raid
[10May2026 20:21:45.651] [Render thread/INFO] [net.minecraft.world.item.crafting.RecipeManager/]: Skipping loading recipe supplementaries:inspirations/blackboard_clear as it's serializer returned null
[10May2026 20:21:45.685] [Render thread/INFO] [net.minecraft.world.item.crafting.RecipeManager/]: Skipping loading recipe supplementaries:inspirations/flag_dye as it's serializer returned null
[10May2026 20:21:45.710] [Render thread/INFO] [net.minecraft.world.item.crafting.RecipeManager/]: Skipping loading recipe supplementaries:inspirations/flag_clear as it's serializer returned null
[10May2026 20:21:45.726] [Render thread/INFO] [net.minecraft.world.item.crafting.RecipeManager/]: Loaded 10 recipes
[10May2026 20:21:45.768] [Render thread/INFO] [net.minecraft.advancements.AdvancementList/]: Loaded 2353 advancements
[10May2026 20:21:45.777] [Render thread/INFO] [xfacthd.framedblocks.api.shapes.ShapeReloader/]: Reloading 67 caches and 239 reloadable shape providers...
[10May2026 20:21:45.817] [Render thread/INFO] [xfacthd.framedblocks.api.shapes.ShapeReloader/]: 67 caches and 239 reloadable shape providers reloaded, took 39.17 ms
[10May2026 20:21:45.817] [Render thread/DEBUG] [xfacthd.framedblocks.FramedBlocks/]: Initializing custom state metadata caches
[10May2026 20:21:45.933] [Render thread/DEBUG] [xfacthd.framedblocks.FramedBlocks/]: Initialized 2305 unique caches for 52020 states in 115.8 ms
[10May2026 20:21:45.936] [Render thread/INFO] [Supplementaries/]: Loaded 27 flute songs
[10May2026 20:21:47.875] [Render thread/DEBUG] [mixin/]: Mixing TreasureMapForEmeraldsMixin from supplementaries.mixins.json into net.minecraft.world.entity.npc.VillagerTrades$TreasureMapForEmeralds
[10May2026 20:21:47.884] [Render thread/INFO] [Moonlight/]: Applied 18 data villager trades
[10May2026 20:21:47.902] [Render thread/INFO] [Supplementaries/]: Finished additional setup in 0 ms
[10May2026 20:21:47.949] [Render thread/DEBUG] [net.minecraftforge.common.ForgeHooks/WP]: Gathering id map for writing to world save flat_world
[10May2026 20:21:47.973] [Render thread/DEBUG] [net.minecraftforge.common.ForgeHooks/WP]: ID Map collection complete flat_world
[10May2026 20:21:48.009] [Server thread/INFO] [net.minecraft.client.server.IntegratedServer/]: Starting integrated minecraft server version 1.20.1
[10May2026 20:21:48.010] [Server thread/INFO] [net.minecraft.server.MinecraftServer/]: Generating keypair
[10May2026 20:21:48.074] [Server thread/DEBUG] [net.minecraftforge.fml.config.ConfigTracker/CONFIG]: Loading configs type SERVER
[10May2026 20:21:48.074] [Server thread/DEBUG] [net.minecraftforge.fml.config.ConfigFileTypeHandler/CONFIG]: Built TOML config for ./saves/flat_world/serverconfig/jei-server.toml
[10May2026 20:21:48.075] [Server thread/DEBUG] [net.minecraftforge.fml.config.ConfigFileTypeHandler/CONFIG]: Loaded TOML config file ./saves/flat_world/serverconfig/jei-server.toml
[10May2026 20:21:48.075] [Server thread/DEBUG] [net.minecraftforge.fml.config.ConfigFileTypeHandler/CONFIG]: Watching TOML config file ./saves/flat_world/serverconfig/jei-server.toml for changes
[10May2026 20:21:48.075] [Server thread/DEBUG] [net.minecraftforge.fml.config.ConfigFileTypeHandler/CONFIG]: Built TOML config for ./saves/flat_world/serverconfig/forge-server.toml
[10May2026 20:21:48.076] [Server thread/DEBUG] [net.minecraftforge.fml.config.ConfigFileTypeHandler/CONFIG]: Loaded TOML config file ./saves/flat_world/serverconfig/forge-server.toml
[10May2026 20:21:48.076] [Server thread/DEBUG] [net.minecraftforge.fml.config.ConfigFileTypeHandler/CONFIG]: Watching TOML config file ./saves/flat_world/serverconfig/forge-server.toml for changes
[10May2026 20:21:48.076] [Server thread/DEBUG] [net.minecraftforge.common.ForgeConfig/FORGEMOD]: Loaded forge config file forge-server.toml
[10May2026 20:21:48.076] [Server thread/DEBUG] [net.minecraftforge.fml.config.ConfigFileTypeHandler/CONFIG]: Built TOML config for ./saves/flat_world/serverconfig/framedblocks-server.toml
[10May2026 20:21:48.076] [Server thread/DEBUG] [net.minecraftforge.fml.config.ConfigFileTypeHandler/CONFIG]: Loaded TOML config file ./saves/flat_world/serverconfig/framedblocks-server.toml
[10May2026 20:21:48.076] [Server thread/DEBUG] [net.minecraftforge.fml.config.ConfigFileTypeHandler/CONFIG]: Watching TOML config file ./saves/flat_world/serverconfig/framedblocks-server.toml for changes
[10May2026 20:21:48.088] [Server thread/DEBUG] [net.minecraftforge.coremod.transformer.CoreModBaseTransformer/COREMOD]: Transforming net/minecraft/world/level/levelgen/PhantomSpawner
[10May2026 20:21:48.093] [Server thread/DEBUG] [net.minecraftforge.coremod.transformer.CoreModBaseTransformer/COREMOD]: Transforming net/minecraft/world/level/levelgen/PatrolSpawner
[10May2026 20:21:48.095] [Server thread/DEBUG] [net.minecraftforge.coremod.transformer.CoreModBaseTransformer/COREMOD]: Transforming net/minecraft/world/entity/npc/CatSpawner
[10May2026 20:21:48.097] [Server thread/DEBUG] [net.minecraftforge.coremod.transformer.CoreModBaseTransformer/COREMOD]: Transforming net/minecraft/world/entity/ai/village/VillageSiege
[10May2026 20:21:48.099] [Server thread/DEBUG] [mixin/]: Mixing RedMerchantSpawnerMixin from supplementaries-common.mixins.json into net.minecraft.world.entity.npc.WanderingTraderSpawner
[10May2026 20:21:48.100] [Server thread/DEBUG] [mixin/]: Renaming synthetic method lambda$spawn$1(Lnet/minecraft/core/BlockPos;)Z to md2f2977$lambda$spawn$1$0 in supplementaries-common.mixins.json:RedMerchantSpawnerMixin
[10May2026 20:21:48.100] [Server thread/DEBUG] [mixin/]: Renaming synthetic method lambda$spawn$0(Lnet/minecraft/core/Holder;)Z to md2f2977$lambda$spawn$0$1 in supplementaries-common.mixins.json:RedMerchantSpawnerMixin
[10May2026 20:21:48.193] [Server thread/INFO] [net.minecraft.server.MinecraftServer/]: Preparing start region for dimension minecraft:overworld
[10May2026 20:21:48.823] [Server thread/DEBUG] [net.minecraftforge.coremod.transformer.CoreModBaseTransformer/COREMOD]: Transforming net/minecraft/world/level/levelgen/structure/templatesystem/StructureTemplate
[10May2026 20:21:49.077] [Thread-5/DEBUG] [net.minecraftforge.fml.config.ConfigFileTypeHandler/CONFIG]: Config file jei-server.toml changed, sending notifies
[10May2026 20:21:49.078] [Thread-5/DEBUG] [net.minecraftforge.fml.config.ConfigFileTypeHandler/CONFIG]: Config file forge-server.toml changed, sending notifies
[10May2026 20:21:49.078] [Thread-5/DEBUG] [net.minecraftforge.common.ForgeConfig/FORGEMOD]: Forge config just got changed on the file system!
[10May2026 20:21:49.079] [Thread-5/DEBUG] [net.minecraftforge.fml.config.ConfigFileTypeHandler/CONFIG]: Config file framedblocks-server.toml changed, sending notifies
[10May2026 20:21:49.454] [Render thread/INFO] [net.minecraft.server.level.progress.LoggerChunkProgressListener/]: Preparing spawn area: 0%
[10May2026 20:21:49.455] [Render thread/INFO] [net.minecraft.server.level.progress.LoggerChunkProgressListener/]: Preparing spawn area: 0%
[10May2026 20:21:49.659] [Render thread/INFO] [net.minecraft.server.level.progress.LoggerChunkProgressListener/]: Preparing spawn area: 0%
[10May2026 20:21:49.754] [Render thread/INFO] [net.minecraft.server.level.progress.LoggerChunkProgressListener/]: Preparing spawn area: 0%
[10May2026 20:21:50.240] [Render thread/INFO] [net.minecraft.server.level.progress.LoggerChunkProgressListener/]: Preparing spawn area: 51%
[10May2026 20:21:50.485] [Server thread/INFO] [net.minecraftforge.server.permission.PermissionAPI/]: Successfully initialized permission handler forge:default_handler
[10May2026 20:21:50.506] [Render thread/INFO] [net.minecraft.server.level.progress.LoggerChunkProgressListener/]: Time elapsed: 2284 ms
[10May2026 20:21:50.591] [Server thread/DEBUG] [io.netty.buffer.AbstractByteBuf/]: -Dio.netty.buffer.checkAccessible: true
[10May2026 20:21:50.591] [Server thread/DEBUG] [io.netty.buffer.AbstractByteBuf/]: -Dio.netty.buffer.checkBounds: true
[10May2026 20:21:50.592] [Server thread/DEBUG] [io.netty.util.ResourceLeakDetectorFactory/]: Loaded default ResourceLeakDetector: io.netty.util.ResourceLeakDetector@697a8481
[10May2026 20:21:50.608] [Server thread/DEBUG] [net.minecraftforge.coremod.transformer.CoreModBaseTransformer/COREMOD]: Transforming net/minecraft/world/level/NaturalSpawner
[10May2026 20:21:50.637] [Server thread/INFO] [net.minecraft.client.server.IntegratedServer/]: Changing view distance to 12, from 10
[10May2026 20:21:50.639] [Server thread/INFO] [net.minecraft.client.server.IntegratedServer/]: Changing simulation distance to 12, from 0
[10May2026 20:21:50.681] [Render thread/DEBUG] [io.netty.channel.MultithreadEventLoopGroup/]: -Dio.netty.eventLoopThreads: 16
[10May2026 20:21:50.694] [Render thread/DEBUG] [io.netty.channel.nio.NioEventLoop/]: -Dio.netty.noKeySetOptimization: false
[10May2026 20:21:50.694] [Render thread/DEBUG] [io.netty.channel.nio.NioEventLoop/]: -Dio.netty.selectorAutoRebuildThreshold: 512
[10May2026 20:21:50.700] [Render thread/DEBUG] [io.netty.util.internal.PlatformDependent/]: org.jctools-core.MpscChunkedArrayQueue: available
[10May2026 20:21:50.708] [Render thread/DEBUG] [io.netty.channel.DefaultChannelId/]: -Dio.netty.processId: 87625 (auto-detected)
[10May2026 20:21:50.709] [Render thread/WARN] [io.netty.util.internal.SystemPropertyUtil/]: Unable to parse the boolean system property 'java.net.preferIPv6Addresses':system - using the default value: false
[10May2026 20:21:50.709] [Render thread/DEBUG] [io.netty.util.NetUtil/]: -Djava.net.preferIPv4Stack: false
[10May2026 20:21:50.709] [Render thread/DEBUG] [io.netty.util.NetUtil/]: -Djava.net.preferIPv6Addresses: false
[10May2026 20:21:50.713] [Render thread/DEBUG] [io.netty.util.NetUtilInitializations/]: Loopback interface: lo0 (lo0, 0:0:0:0:0:0:0:1%lo0)
[10May2026 20:21:50.715] [Render thread/DEBUG] [io.netty.util.NetUtil/]: Failed to get SOMAXCONN from sysctl and file /proc/sys/net/core/somaxconn. Default: 128
[10May2026 20:21:50.717] [Render thread/DEBUG] [io.netty.channel.DefaultChannelId/]: -Dio.netty.machineId: 72:f9:b6:ff:fe:f9:66:cf (auto-detected)
[10May2026 20:21:50.726] [Render thread/DEBUG] [io.netty.buffer.PooledByteBufAllocator/]: -Dio.netty.allocator.numHeapArenas: 16
[10May2026 20:21:50.726] [Render thread/DEBUG] [io.netty.buffer.PooledByteBufAllocator/]: -Dio.netty.allocator.numDirectArenas: 16
[10May2026 20:21:50.726] [Render thread/DEBUG] [io.netty.buffer.PooledByteBufAllocator/]: -Dio.netty.allocator.pageSize: 8192
[10May2026 20:21:50.726] [Render thread/DEBUG] [io.netty.buffer.PooledByteBufAllocator/]: -Dio.netty.allocator.maxOrder: 9
[10May2026 20:21:50.726] [Render thread/DEBUG] [io.netty.buffer.PooledByteBufAllocator/]: -Dio.netty.allocator.chunkSize: 4194304
[10May2026 20:21:50.726] [Render thread/DEBUG] [io.netty.buffer.PooledByteBufAllocator/]: -Dio.netty.allocator.smallCacheSize: 256
[10May2026 20:21:50.727] [Render thread/DEBUG] [io.netty.buffer.PooledByteBufAllocator/]: -Dio.netty.allocator.normalCacheSize: 64
[10May2026 20:21:50.727] [Render thread/DEBUG] [io.netty.buffer.PooledByteBufAllocator/]: -Dio.netty.allocator.maxCachedBufferCapacity: 32768
[10May2026 20:21:50.727] [Render thread/DEBUG] [io.netty.buffer.PooledByteBufAllocator/]: -Dio.netty.allocator.cacheTrimInterval: 8192
[10May2026 20:21:50.727] [Render thread/DEBUG] [io.netty.buffer.PooledByteBufAllocator/]: -Dio.netty.allocator.cacheTrimIntervalMillis: 0
[10May2026 20:21:50.727] [Render thread/DEBUG] [io.netty.buffer.PooledByteBufAllocator/]: -Dio.netty.allocator.useCacheForAllThreads: false
[10May2026 20:21:50.727] [Render thread/DEBUG] [io.netty.buffer.PooledByteBufAllocator/]: -Dio.netty.allocator.maxCachedByteBuffersPerChunk: 1023
[10May2026 20:21:50.731] [Render thread/DEBUG] [io.netty.buffer.ByteBufUtil/]: -Dio.netty.allocator.type: pooled
[10May2026 20:21:50.731] [Render thread/DEBUG] [io.netty.buffer.ByteBufUtil/]: -Dio.netty.threadLocalDirectBufferSize: 0
[10May2026 20:21:50.731] [Render thread/DEBUG] [io.netty.buffer.ByteBufUtil/]: -Dio.netty.maxThreadLocalCharBufferSize: 16384
[10May2026 20:21:50.750] [Netty Local Client IO #0/DEBUG] [net.minecraftforge.network.HandshakeHandler/FMLHANDSHAKE]: Starting local connection.
[10May2026 20:21:50.769] [Netty Server IO #1/DEBUG] [mixin/]: Mixing MapItemDataPacketMixin from moonlight-common.mixins.json into net.minecraft.network.protocol.game.ClientboundMapItemDataPacket
[10May2026 20:21:50.770] [Netty Server IO #1/DEBUG] [mixin/]: Renaming synthetic method lambda$moonlight$sendCustomDecorations$1(I)[Lnet/mehvahdjukaar/moonlight/api/map/CustomMapDecoration; to md2f2977$lambda$moonlight$sendCustomDecorations$1$0 in moonlight-common.mixins.json:MapItemDataPacketMixin
[10May2026 20:21:50.770] [Netty Server IO #1/DEBUG] [mixin/]: Renaming synthetic method lambda$moonlight$sendCustomDecorations$0(Lnet/minecraft/network/FriendlyByteBuf;Lnet/mehvahdjukaar/moonlight/api/map/CustomMapDecoration;)Lnet/mehvahdjukaar/moonlight/api/map/CustomMapDecoration; to md2f2977$lambda$moonlight$sendCustomDecorations$0$1 in moonlight-common.mixins.json:MapItemDataPacketMixin
[10May2026 20:21:50.846] [Netty Local Client IO #0/DEBUG] [io.netty.util.Recycler/]: -Dio.netty.recycler.maxCapacityPerThread: 4096
[10May2026 20:21:50.846] [Netty Local Client IO #0/DEBUG] [io.netty.util.Recycler/]: -Dio.netty.recycler.ratio: 8
[10May2026 20:21:50.846] [Netty Local Client IO #0/DEBUG] [io.netty.util.Recycler/]: -Dio.netty.recycler.chunkSize: 32
[10May2026 20:21:50.846] [Netty Local Client IO #0/DEBUG] [io.netty.util.Recycler/]: -Dio.netty.recycler.blocking: false
[10May2026 20:21:50.852] [Netty Server IO #1/DEBUG] [net.minecraftforge.network.HandshakeHandler/FMLHANDSHAKE]: Starting local connection.
[10May2026 20:21:50.875] [Server thread/DEBUG] [net.minecraftforge.network.HandshakeHandler/FMLHANDSHAKE]: Sending ticking packet info 'net.minecraftforge.network.HandshakeMessages$S2CModData' to 'fml:handshake' sequence 0
[10May2026 20:21:50.880] [Netty Local Client IO #0/DEBUG] [net.minecraftforge.network.LoginWrapper/FMLHANDSHAKE]: Recieved login wrapper packet event for channel fml:handshake with index 0
[10May2026 20:21:50.913] [Server thread/DEBUG] [net.minecraftforge.network.HandshakeHandler/FMLHANDSHAKE]: Sending ticking packet info 'net.minecraftforge.network.HandshakeMessages$S2CModList' to 'fml:handshake' sequence 1
[10May2026 20:21:50.913] [Netty Local Client IO #0/DEBUG] [net.minecraftforge.network.LoginWrapper/FMLHANDSHAKE]: Recieved login wrapper packet event for channel fml:handshake with index 1
[10May2026 20:21:50.914] [Netty Local Client IO #0/DEBUG] [net.minecraftforge.network.HandshakeHandler/FMLHANDSHAKE]: Logging into server with mod list [farmersdelight, framedblocks, minecraft, handcrafted, mixinextras, moonlight, resourcefullib, mixinsquared, mcwroofs, mcwdoors, jei, forge, commonality, apexcore, supplementaries, fantasyfurniture, mcwpaths, thuumcraft]
[10May2026 20:21:50.914] [Netty Local Client IO #0/DEBUG] [net.minecraftforge.network.NetworkRegistry/NETREGISTRY]: Channel 'fml:loginwrapper' : Version test of 'FML3' from server : ACCEPTED
[10May2026 20:21:50.914] [Netty Local Client IO #0/DEBUG] [net.minecraftforge.network.NetworkRegistry/NETREGISTRY]: Channel 'supplementaries:channel' : Version test of '0' from server : ACCEPTED
[10May2026 20:21:50.914] [Netty Local Client IO #0/DEBUG] [net.minecraftforge.network.NetworkRegistry/NETREGISTRY]: Channel 'framedblocks:main' : Version test of '3' from server : ACCEPTED
[10May2026 20:21:50.914] [Netty Local Client IO #0/DEBUG] [net.minecraftforge.network.NetworkRegistry/NETREGISTRY]: Channel 'forge:tier_sorting' : Version test of '1.0' from server : ACCEPTED
[10May2026 20:21:50.914] [Netty Local Client IO #0/DEBUG] [net.minecraftforge.network.NetworkRegistry/NETREGISTRY]: Channel 'jei:channel' : Version test of '1.0.0' from server : ACCEPTED
[10May2026 20:21:50.914] [Netty Local Client IO #0/DEBUG] [net.minecraftforge.network.NetworkRegistry/NETREGISTRY]: Channel 'minecraft:unregister' : Version test of 'FML3' from server : ACCEPTED
[10May2026 20:21:50.915] [Netty Local Client IO #0/DEBUG] [net.minecraftforge.network.NetworkRegistry/NETREGISTRY]: Channel 'fml:play' : Version test of 'FML3' from server : ACCEPTED
[10May2026 20:21:50.915] [Netty Local Client IO #0/DEBUG] [net.minecraftforge.network.NetworkRegistry/NETREGISTRY]: Channel 'fml:handshake' : Version test of 'FML3' from server : ACCEPTED
[10May2026 20:21:50.915] [Netty Local Client IO #0/DEBUG] [net.minecraftforge.network.NetworkRegistry/NETREGISTRY]: Channel 'farmersdelight:main' : Version test of '1' from server : ACCEPTED
[10May2026 20:21:50.915] [Netty Local Client IO #0/DEBUG] [net.minecraftforge.network.NetworkRegistry/NETREGISTRY]: Channel 'fantasyfurniture:net' : Version test of '1' from server : ACCEPTED
[10May2026 20:21:50.915] [Netty Local Client IO #0/DEBUG] [net.minecraftforge.network.NetworkRegistry/NETREGISTRY]: Channel 'minecraft:register' : Version test of 'FML3' from server : ACCEPTED
[10May2026 20:21:50.915] [Netty Local Client IO #0/DEBUG] [net.minecraftforge.network.NetworkRegistry/NETREGISTRY]: Channel 'forge:split' : Version test of '1.1' from server : ACCEPTED
[10May2026 20:21:50.915] [Netty Local Client IO #0/DEBUG] [net.minecraftforge.network.NetworkRegistry/NETREGISTRY]: Channel 'moonlight:channel' : Version test of '0' from server : ACCEPTED
[10May2026 20:21:50.915] [Netty Local Client IO #0/DEBUG] [net.minecraftforge.network.NetworkRegistry/NETREGISTRY]: Channel 'apexcore:main' : Version test of '1' from server : ACCEPTED
[10May2026 20:21:50.915] [Netty Local Client IO #0/DEBUG] [net.minecraftforge.network.NetworkRegistry/NETREGISTRY]: Accepting channel list from server
[10May2026 20:21:50.915] [Netty Local Client IO #0/DEBUG] [net.minecraftforge.network.LoginWrapper/FMLHANDSHAKE]: Dispatching wrapped packet reply for channel fml:handshake with index 1
[10May2026 20:21:50.915] [Netty Local Client IO #0/DEBUG] [net.minecraftforge.network.HandshakeHandler/FMLHANDSHAKE]: Accepted server connection
[10May2026 20:21:50.916] [Netty Local Client IO #0/DEBUG] [net.minecraftforge.network.HandshakeHandler/REGISTRIES]: Expecting 20 registries: [minecraft:command_argument_type, minecraft:recipe_serializer, minecraft:sound_event, minecraft:particle_type, minecraft:villager_profession, minecraft:item, minecraft:potion, minecraft:painting_variant, forge:fluid_type, minecraft:block_entity_type, forge:display_contexts, minecraft:block, forge:entity_data_serializers, minecraft:mob_effect, minecraft:stat_type, framedblocks:camo_containers, minecraft:menu, minecraft:enchantment, minecraft:fluid, minecraft:entity_type]
[10May2026 20:21:50.916] [Netty Server IO #1/DEBUG] [net.minecraftforge.network.LoginWrapper/FMLHANDSHAKE]: Recieved login wrapper packet event for channel fml:handshake with index 1
[10May2026 20:21:50.916] [Netty Server IO #1/DEBUG] [net.minecraftforge.network.HandshakeHandler/FMLHANDSHAKE]: Received client indexed reply 1 of type net.minecraftforge.network.HandshakeMessages$C2SModListReply
[10May2026 20:21:50.916] [Netty Server IO #1/DEBUG] [net.minecraftforge.network.HandshakeHandler/FMLHANDSHAKE]: Received client connection with modlist [farmersdelight, framedblocks, minecraft, handcrafted, mixinextras, moonlight, resourcefullib, mixinsquared, mcwroofs, mcwdoors, jei, forge, commonality, apexcore, supplementaries, fantasyfurniture, mcwpaths, thuumcraft]
[10May2026 20:21:50.916] [Netty Server IO #1/DEBUG] [net.minecraftforge.network.NetworkRegistry/NETREGISTRY]: Channel 'fml:loginwrapper' : Version test of 'FML3' from client : ACCEPTED
[10May2026 20:21:50.916] [Netty Server IO #1/DEBUG] [net.minecraftforge.network.NetworkRegistry/NETREGISTRY]: Channel 'supplementaries:channel' : Version test of '0' from client : ACCEPTED
[10May2026 20:21:50.916] [Netty Server IO #1/DEBUG] [net.minecraftforge.network.NetworkRegistry/NETREGISTRY]: Channel 'framedblocks:main' : Version test of '3' from client : ACCEPTED
[10May2026 20:21:50.916] [Netty Server IO #1/DEBUG] [net.minecraftforge.network.NetworkRegistry/NETREGISTRY]: Channel 'forge:tier_sorting' : Version test of '1.0' from client : ACCEPTED
[10May2026 20:21:50.916] [Netty Server IO #1/DEBUG] [net.minecraftforge.network.NetworkRegistry/NETREGISTRY]: Channel 'jei:channel' : Version test of '1.0.0' from client : ACCEPTED
[10May2026 20:21:50.916] [Netty Server IO #1/DEBUG] [net.minecraftforge.network.NetworkRegistry/NETREGISTRY]: Channel 'minecraft:unregister' : Version test of 'FML3' from client : ACCEPTED
[10May2026 20:21:50.916] [Netty Server IO #1/DEBUG] [net.minecraftforge.network.NetworkRegistry/NETREGISTRY]: Channel 'fml:play' : Version test of 'FML3' from client : ACCEPTED
[10May2026 20:21:50.916] [Netty Server IO #1/DEBUG] [net.minecraftforge.network.NetworkRegistry/NETREGISTRY]: Channel 'fml:handshake' : Version test of 'FML3' from client : ACCEPTED
[10May2026 20:21:50.916] [Netty Server IO #1/DEBUG] [net.minecraftforge.network.NetworkRegistry/NETREGISTRY]: Channel 'farmersdelight:main' : Version test of '1' from client : ACCEPTED
[10May2026 20:21:50.916] [Netty Server IO #1/DEBUG] [net.minecraftforge.network.NetworkRegistry/NETREGISTRY]: Channel 'fantasyfurniture:net' : Version test of '1' from client : ACCEPTED
[10May2026 20:21:50.916] [Netty Server IO #1/DEBUG] [net.minecraftforge.network.NetworkRegistry/NETREGISTRY]: Channel 'minecraft:register' : Version test of 'FML3' from client : ACCEPTED
[10May2026 20:21:50.916] [Netty Server IO #1/DEBUG] [net.minecraftforge.network.NetworkRegistry/NETREGISTRY]: Channel 'forge:split' : Version test of '1.1' from client : ACCEPTED
[10May2026 20:21:50.916] [Netty Server IO #1/DEBUG] [net.minecraftforge.network.NetworkRegistry/NETREGISTRY]: Channel 'moonlight:channel' : Version test of '0' from client : ACCEPTED
[10May2026 20:21:50.916] [Netty Server IO #1/DEBUG] [net.minecraftforge.network.NetworkRegistry/NETREGISTRY]: Channel 'apexcore:main' : Version test of '1' from client : ACCEPTED
[10May2026 20:21:50.916] [Netty Server IO #1/DEBUG] [net.minecraftforge.network.NetworkRegistry/NETREGISTRY]: Accepting channel list from client
[10May2026 20:21:50.916] [Netty Server IO #1/DEBUG] [net.minecraftforge.network.HandshakeHandler/FMLHANDSHAKE]: Accepted client connection mod list
[10May2026 20:21:50.965] [Server thread/DEBUG] [net.minecraftforge.network.HandshakeHandler/FMLHANDSHAKE]: Sending ticking packet info 'Config framedblocks-server.toml' to 'fml:handshake' sequence 2
[10May2026 20:21:50.965] [Netty Local Client IO #0/DEBUG] [net.minecraftforge.network.LoginWrapper/FMLHANDSHAKE]: Recieved login wrapper packet event for channel fml:handshake with index 2
[10May2026 20:21:50.965] [Netty Local Client IO #0/DEBUG] [net.minecraftforge.network.HandshakeHandler/FMLHANDSHAKE]: Received config sync from server
[10May2026 20:21:50.966] [Netty Local Client IO #0/DEBUG] [net.minecraftforge.network.LoginWrapper/FMLHANDSHAKE]: Dispatching wrapped packet reply for channel fml:handshake with index 2
[10May2026 20:21:50.966] [Netty Server IO #1/DEBUG] [net.minecraftforge.network.LoginWrapper/FMLHANDSHAKE]: Recieved login wrapper packet event for channel fml:handshake with index 2
[10May2026 20:21:50.966] [Netty Server IO #1/DEBUG] [net.minecraftforge.network.HandshakeHandler/FMLHANDSHAKE]: Received client indexed reply 2 of type net.minecraftforge.network.HandshakeMessages$C2SAcknowledge
[10May2026 20:21:50.966] [Netty Server IO #1/DEBUG] [net.minecraftforge.network.HandshakeHandler/FMLHANDSHAKE]: Received acknowledgement from client
[10May2026 20:21:51.020] [Server thread/DEBUG] [net.minecraftforge.network.HandshakeHandler/FMLHANDSHAKE]: Sending ticking packet info 'Config jei-server.toml' to 'fml:handshake' sequence 3
[10May2026 20:21:51.021] [Netty Local Client IO #0/DEBUG] [net.minecraftforge.network.LoginWrapper/FMLHANDSHAKE]: Recieved login wrapper packet event for channel fml:handshake with index 3
[10May2026 20:21:51.022] [Netty Local Client IO #0/DEBUG] [net.minecraftforge.network.HandshakeHandler/FMLHANDSHAKE]: Received config sync from server
[10May2026 20:21:51.022] [Netty Local Client IO #0/DEBUG] [net.minecraftforge.network.LoginWrapper/FMLHANDSHAKE]: Dispatching wrapped packet reply for channel fml:handshake with index 3
[10May2026 20:21:51.023] [Netty Server IO #1/DEBUG] [net.minecraftforge.network.LoginWrapper/FMLHANDSHAKE]: Recieved login wrapper packet event for channel fml:handshake with index 3
[10May2026 20:21:51.023] [Netty Server IO #1/DEBUG] [net.minecraftforge.network.HandshakeHandler/FMLHANDSHAKE]: Received client indexed reply 3 of type net.minecraftforge.network.HandshakeMessages$C2SAcknowledge
[10May2026 20:21:51.023] [Netty Server IO #1/DEBUG] [net.minecraftforge.network.HandshakeHandler/FMLHANDSHAKE]: Received acknowledgement from client
[10May2026 20:21:51.067] [Server thread/DEBUG] [net.minecraftforge.network.HandshakeHandler/FMLHANDSHAKE]: Sending ticking packet info 'Config forge-server.toml' to 'fml:handshake' sequence 4
[10May2026 20:21:51.067] [Netty Local Client IO #0/DEBUG] [net.minecraftforge.network.LoginWrapper/FMLHANDSHAKE]: Recieved login wrapper packet event for channel fml:handshake with index 4
[10May2026 20:21:51.067] [Netty Local Client IO #0/DEBUG] [net.minecraftforge.network.HandshakeHandler/FMLHANDSHAKE]: Received config sync from server
[10May2026 20:21:51.067] [Netty Local Client IO #0/DEBUG] [net.minecraftforge.network.LoginWrapper/FMLHANDSHAKE]: Dispatching wrapped packet reply for channel fml:handshake with index 4
[10May2026 20:21:51.067] [Netty Server IO #1/DEBUG] [net.minecraftforge.network.LoginWrapper/FMLHANDSHAKE]: Recieved login wrapper packet event for channel fml:handshake with index 4
[10May2026 20:21:51.067] [Netty Server IO #1/DEBUG] [net.minecraftforge.network.HandshakeHandler/FMLHANDSHAKE]: Received client indexed reply 4 of type net.minecraftforge.network.HandshakeMessages$C2SAcknowledge
[10May2026 20:21:51.067] [Netty Server IO #1/DEBUG] [net.minecraftforge.network.HandshakeHandler/FMLHANDSHAKE]: Received acknowledgement from client
[10May2026 20:21:51.119] [Server thread/DEBUG] [net.minecraftforge.network.HandshakeHandler/FMLHANDSHAKE]: Handshake complete!
[10May2026 20:21:51.154] [Netty Local Client IO #0/INFO] [net.minecraftforge.network.NetworkHooks/]: Connected to a modded server.
[10May2026 20:21:51.157] [Netty Local Client IO #0/DEBUG] [mixin/]: Mixing ClientPacketListenerMixin from moonlight-common.mixins.json into net.minecraft.client.multiplayer.ClientPacketListener
[10May2026 20:21:51.179] [Netty Local Client IO #0/DEBUG] [mixin/]: Mixing RemotePlayerMixin from supplementaries-common.mixins.json into net.minecraft.client.player.RemotePlayer
[10May2026 20:21:51.181] [Server thread/INFO] [net.minecraft.server.players.PlayerList/]: Dev[local:E:0a9ad89c] logged in with entity id 85 at (-26.10157175502872, -60.0, 2.160503910020484)
[10May2026 20:21:51.247] [Server thread/INFO] [net.minecraft.server.MinecraftServer/]: Dev joined the game
[10May2026 20:21:51.291] [Render thread/INFO] [mezz.jei.forge.startup.StartEventObserver/]: JEI StartEventObserver received class net.minecraftforge.client.event.ClientPlayerNetworkEvent$LoggingIn
[10May2026 20:21:51.291] [Render thread/INFO] [mezz.jei.forge.startup.StartEventObserver/]: JEI StartEventObserver transitioning state from DISABLED to ENABLED
[10May2026 20:21:51.296] [Render thread/INFO] [Supplementaries/]: Synced Flute Songs
[10May2026 20:21:51.296] [Render thread/INFO] [Supplementaries/]: Synced Captured Mobs settings
[10May2026 20:21:51.296] [Render thread/INFO] [Supplementaries/]: Synced Globe data
[10May2026 20:21:51.296] [Render thread/INFO] [Supplementaries/]: Synced Hourglass data
[10May2026 20:21:51.356] [Server thread/DEBUG] [mixin/]: Mixing ChunkHolderMixin from supplementaries.mixins.json into net.minecraft.network.protocol.game.ClientboundLevelChunkPacketData$BlockEntityInfo
[10May2026 20:21:51.356] [Server thread/DEBUG] [mixin/]: Renaming synthetic method lambda$sendBlockEntityCaps$2(Lnet/minecraft/world/level/block/entity/BlockEntity;Lnet/minecraft/server/level/ServerLevel;Lnet/minecraft/core/BlockPos;)V to md2f2977$lambda$sendBlockEntityCaps$2$0 in supplementaries.mixins.json:ChunkHolderMixin
[10May2026 20:21:51.356] [Server thread/DEBUG] [mixin/]: Renaming synthetic method lambda$sendBlockEntityCaps$1(Lnet/minecraft/server/level/ServerLevel;Lnet/minecraft/core/BlockPos;Lnet/mehvahdjukaar/supplementaries/api/IAntiqueTextProvider;)V to md2f2977$lambda$sendBlockEntityCaps$1$1 in supplementaries.mixins.json:ChunkHolderMixin
[10May2026 20:21:51.356] [Server thread/DEBUG] [mixin/]: Renaming synthetic method lambda$sendBlockEntityCaps$0(Lnet/minecraft/core/BlockPos;Lnet/mehvahdjukaar/supplementaries/api/IAntiqueTextProvider;Lnet/minecraft/server/level/ServerPlayer;)V to md2f2977$lambda$sendBlockEntityCaps$0$2 in supplementaries.mixins.json:ChunkHolderMixin
[10May2026 20:21:51.502] [Render thread/INFO] [mezz.jei.forge.startup.StartEventObserver/]: JEI StartEventObserver received class net.minecraftforge.client.event.RecipesUpdatedEvent
[10May2026 20:21:51.514] [Render thread/ERROR] [Moonlight/]: Failed to restore original behavior for item: lunch_basket, net.mehvahdjukaar.moonlight.api.util.DispenserHelper$PlaceBlockDispenseBehavior@52bfcf4a
[10May2026 20:21:51.519] [Render thread/INFO] [mezz.jei.forge.startup.StartEventObserver/]: JEI StartEventObserver received class net.minecraftforge.event.TagsUpdatedEvent
[10May2026 20:21:51.519] [Render thread/INFO] [mezz.jei.forge.startup.StartEventObserver/]: JEI StartEventObserver transitioning state from ENABLED to JEI_STARTED
[10May2026 20:21:51.519] [Render thread/INFO] [mezz.jei.core.util.LoggedTimer/]: Starting JEI...
[10May2026 20:21:51.523] [Render thread/INFO] [mezz.jei.library.load.PluginCaller/]: Registering item subtypes...
[10May2026 20:21:51.523] [Render thread/DEBUG] [mezz.jei.library.load.PluginCallerTimerRunnable/]: Registering item subtypes: jei:minecraft...
[10May2026 20:21:51.525] [Render thread/DEBUG] [mezz.jei.library.load.PluginCallerTimerRunnable/]: Registering item subtypes: farmersdelight:jei_plugin...
[10May2026 20:21:51.525] [Render thread/DEBUG] [mezz.jei.library.load.PluginCallerTimerRunnable/]: Registering item subtypes: framedblocks:jei_plugin...
[10May2026 20:21:51.525] [Render thread/DEBUG] [mezz.jei.library.load.PluginCallerTimerRunnable/]: Registering item subtypes: jei:debug...
[10May2026 20:21:51.525] [Render thread/DEBUG] [mezz.jei.library.load.PluginCallerTimerRunnable/]: Registering item subtypes: jei:gui...
[10May2026 20:21:51.525] [Render thread/DEBUG] [mezz.jei.library.load.PluginCallerTimerRunnable/]: Registering item subtypes: jei:forge_gui...
[10May2026 20:21:51.525] [Render thread/DEBUG] [mezz.jei.library.load.PluginCallerTimerRunnable/]: Registering item subtypes: supplementaries:jei_plugin...
[10May2026 20:21:51.526] [Render thread/DEBUG] [mezz.jei.library.load.PluginCallerTimerRunnable/]: Registering item subtypes: jei:internal...
[10May2026 20:21:51.526] [Render thread/INFO] [mezz.jei.library.load.PluginCaller/]: Registering item subtypes took 2.449 ms
[10May2026 20:21:51.526] [Render thread/INFO] [mezz.jei.library.load.PluginCaller/]: Registering fluid subtypes...
[10May2026 20:21:51.526] [Render thread/DEBUG] [mezz.jei.library.load.PluginCallerTimerRunnable/]: Registering fluid subtypes: jei:minecraft...
[10May2026 20:21:51.526] [Render thread/DEBUG] [mezz.jei.library.load.PluginCallerTimerRunnable/]: Registering fluid subtypes: farmersdelight:jei_plugin...
[10May2026 20:21:51.526] [Render thread/DEBUG] [mezz.jei.library.load.PluginCallerTimerRunnable/]: Registering fluid subtypes: framedblocks:jei_plugin...
[10May2026 20:21:51.526] [Render thread/DEBUG] [mezz.jei.library.load.PluginCallerTimerRunnable/]: Registering fluid subtypes: jei:debug...
[10May2026 20:21:51.527] [Render thread/DEBUG] [mezz.jei.library.load.PluginCallerTimerRunnable/]: Registering fluid subtypes: jei:gui...
[10May2026 20:21:51.527] [Render thread/DEBUG] [mezz.jei.library.load.PluginCallerTimerRunnable/]: Registering fluid subtypes: jei:forge_gui...
[10May2026 20:21:51.527] [Render thread/DEBUG] [mezz.jei.library.load.PluginCallerTimerRunnable/]: Registering fluid subtypes: supplementaries:jei_plugin...
[10May2026 20:21:51.527] [Render thread/DEBUG] [mezz.jei.library.load.PluginCallerTimerRunnable/]: Registering fluid subtypes: jei:internal...
[10May2026 20:21:51.527] [Render thread/INFO] [mezz.jei.library.load.PluginCaller/]: Registering fluid subtypes took 758.0 μs
[10May2026 20:21:51.528] [Render thread/INFO] [mezz.jei.library.load.PluginCaller/]: Registering ingredients...
[10May2026 20:21:51.528] [Render thread/DEBUG] [mezz.jei.library.load.PluginCallerTimerRunnable/]: Registering ingredients: jei:minecraft...
[10May2026 20:21:51.535] [Render thread/DEBUG] [mezz.jei.library.plugins.vanilla.ingredients.ItemStackListFactory/]: Added  383/ 383 new items from 'Building Blocks' creative tab's displayItems
[10May2026 20:21:51.539] [Render thread/DEBUG] [mezz.jei.library.plugins.vanilla.ingredients.ItemStackListFactory/]: Added  298/ 298 new items from 'Colored Blocks' creative tab's displayItems
[10May2026 20:21:51.540] [Render thread/DEBUG] [mezz.jei.library.plugins.vanilla.ingredients.ItemStackListFactory/]: Added  206/ 230 new items from 'Natural Blocks' creative tab's displayItems
[10May2026 20:21:51.544] [Render thread/DEBUG] [mezz.jei.library.plugins.vanilla.ingredients.ItemStackListFactory/]: Added  178/ 344 new items from 'Functional Blocks' creative tab's displayItems
[10May2026 20:21:51.544] [Render thread/DEBUG] [mezz.jei.library.plugins.vanilla.ingredients.ItemStackListFactory/]: Added    0/ 344 new items from 'Functional Blocks' creative tab's searchTabDisplayItems
[10May2026 20:21:51.544] [Render thread/DEBUG] [mezz.jei.library.plugins.vanilla.ingredients.ItemStackListFactory/]: Added   41/  82 new items from 'Redstone Blocks' creative tab's displayItems
[10May2026 20:21:51.545] [Render thread/DEBUG] [mezz.jei.library.plugins.vanilla.ingredients.ItemStackListFactory/]: Skipping creative tab: 'Saved Toolbars' because it is type: HOTBAR
[10May2026 20:21:51.545] [Render thread/DEBUG] [mezz.jei.library.plugins.vanilla.ingredients.ItemStackListFactory/]: Skipping creative tab: 'Search Items' because it is type: SEARCH
[10May2026 20:21:51.546] [Render thread/DEBUG] [mezz.jei.library.plugins.vanilla.ingredients.ItemStackListFactory/]: Added  110/ 122 new items from 'Tools & Utilities' creative tab's displayItems
[10May2026 20:21:51.547] [Render thread/DEBUG] [mezz.jei.library.plugins.vanilla.ingredients.ItemStackListFactory/]: Added   90/ 102 new items from 'Combat' creative tab's displayItems
[10May2026 20:21:51.550] [Render thread/DEBUG] [mezz.jei.library.plugins.vanilla.ingredients.ItemStackListFactory/]: Added  182/ 185 new items from 'Food & Drinks' creative tab's displayItems
[10May2026 20:21:51.553] [Render thread/DEBUG] [mezz.jei.library.plugins.vanilla.ingredients.ItemStackListFactory/]: Added  164/ 179 new items from 'Ingredients' creative tab's displayItems
[10May2026 20:21:51.553] [Render thread/DEBUG] [mezz.jei.library.plugins.vanilla.ingredients.ItemStackListFactory/]: Added   76/ 255 new items from 'Ingredients' creative tab's searchTabDisplayItems
[10May2026 20:21:51.554] [Render thread/DEBUG] [mezz.jei.library.plugins.vanilla.ingredients.ItemStackListFactory/]: Added   76/  76 new items from 'Spawn Eggs' creative tab's displayItems
[10May2026 20:21:51.554] [Render thread/WARN] [mezz.jei.library.plugins.vanilla.ingredients.ItemStackListFactory/]: Item Group has no display items and no search tab display items. Items from this group will be missing from the JEI ingredient list. Operator Utilities
[10May2026 20:21:51.555] [Render thread/DEBUG] [mezz.jei.library.plugins.vanilla.ingredients.ItemStackListFactory/]: Skipping creative tab: 'Survival Inventory' because it is type: INVENTORY
[10May2026 20:21:51.556] [Render thread/DEBUG] [mezz.jei.library.plugins.vanilla.ingredients.ItemStackListFactory/]: Added  184/ 184 new items from 'Farmer's Delight' creative tab's displayItems
[10May2026 20:21:51.557] [Render thread/DEBUG] [mezz.jei.library.plugins.vanilla.ingredients.ItemStackListFactory/]: Added  181/ 181 new items from 'FramedBlocks' creative tab's displayItems
[10May2026 20:21:51.558] [Render thread/DEBUG] [mezz.jei.library.plugins.vanilla.ingredients.ItemStackListFactory/]: Added  285/ 285 new items from 'Handcrafted' creative tab's displayItems
[10May2026 20:21:51.561] [Render thread/DEBUG] [mezz.jei.library.plugins.vanilla.ingredients.ItemStackListFactory/]: Added  607/ 607 new items from 'Macaw's Roofs' creative tab's displayItems
[10May2026 20:21:51.562] [Render thread/DEBUG] [mezz.jei.library.plugins.vanilla.ingredients.ItemStackListFactory/]: Added  256/ 256 new items from 'Macaw's Doors' creative tab's displayItems
[10May2026 20:21:51.564] [Render thread/DEBUG] [mezz.jei.library.plugins.vanilla.ingredients.ItemStackListFactory/]: Added  294/ 294 new items from 'Fantasy's Furniture' creative tab's displayItems
[10May2026 20:21:51.565] [Render thread/DEBUG] [mezz.jei.library.plugins.vanilla.ingredients.ItemStackListFactory/]: Added  315/ 315 new items from 'Macaw's Paths & Pavings' creative tab's displayItems
[10May2026 20:21:51.566] [Render thread/DEBUG] [mezz.jei.library.plugins.vanilla.ingredients.ItemStackListFactory/]: Added  228/ 228 new items from 'Thu'umcraft' creative tab's displayItems
[10May2026 20:21:51.579] [Render thread/INFO] [mezz.jei.library.load.PluginCallerTimerRunnable/]: Registering ingredients: jei:minecraft took 50.79 milliseconds
[10May2026 20:21:51.579] [Render thread/DEBUG] [mezz.jei.library.load.PluginCallerTimerRunnable/]: Registering ingredients: farmersdelight:jei_plugin...
[10May2026 20:21:51.579] [Render thread/DEBUG] [mezz.jei.library.load.PluginCallerTimerRunnable/]: Registering ingredients: framedblocks:jei_plugin...
[10May2026 20:21:51.579] [Render thread/DEBUG] [mezz.jei.library.load.PluginCallerTimerRunnable/]: Registering ingredients: jei:debug...
[10May2026 20:21:51.579] [Render thread/DEBUG] [mezz.jei.library.load.PluginCallerTimerRunnable/]: Registering ingredients: jei:gui...
[10May2026 20:21:51.579] [Render thread/DEBUG] [mezz.jei.library.load.PluginCallerTimerRunnable/]: Registering ingredients: jei:forge_gui...
[10May2026 20:21:51.579] [Render thread/DEBUG] [mezz.jei.library.load.PluginCallerTimerRunnable/]: Registering ingredients: supplementaries:jei_plugin...
[10May2026 20:21:51.579] [Render thread/DEBUG] [mezz.jei.library.load.PluginCallerTimerRunnable/]: Registering ingredients: jei:internal...
[10May2026 20:21:51.579] [Render thread/INFO] [mezz.jei.library.load.PluginCaller/]: Registering ingredients took 51.32 ms
[10May2026 20:21:51.579] [Render thread/INFO] [mezz.jei.library.load.PluginCaller/]: Registering extra ingredients...
[10May2026 20:21:51.579] [Render thread/DEBUG] [mezz.jei.library.load.PluginCallerTimerRunnable/]: Registering extra ingredients: jei:minecraft...
[10May2026 20:21:51.579] [Render thread/DEBUG] [mezz.jei.library.load.PluginCallerTimerRunnable/]: Registering extra ingredients: farmersdelight:jei_plugin...
[10May2026 20:21:51.579] [Render thread/DEBUG] [mezz.jei.library.load.PluginCallerTimerRunnable/]: Registering extra ingredients: framedblocks:jei_plugin...
[10May2026 20:21:51.579] [Render thread/DEBUG] [mezz.jei.library.load.PluginCallerTimerRunnable/]: Registering extra ingredients: jei:debug...
[10May2026 20:21:51.580] [Render thread/DEBUG] [mezz.jei.library.load.PluginCallerTimerRunnable/]: Registering extra ingredients: jei:gui...
[10May2026 20:21:51.580] [Render thread/DEBUG] [mezz.jei.library.load.PluginCallerTimerRunnable/]: Registering extra ingredients: jei:forge_gui...
[10May2026 20:21:51.580] [Render thread/DEBUG] [mezz.jei.library.load.PluginCallerTimerRunnable/]: Registering extra ingredients: supplementaries:jei_plugin...
[10May2026 20:21:51.580] [Render thread/DEBUG] [mezz.jei.library.load.PluginCallerTimerRunnable/]: Registering extra ingredients: jei:internal...
[10May2026 20:21:51.580] [Render thread/INFO] [mezz.jei.library.load.PluginCaller/]: Registering extra ingredients took 297.7 μs
[10May2026 20:21:51.580] [Render thread/INFO] [mezz.jei.library.load.PluginCaller/]: Registering search ingredient aliases...
[10May2026 20:21:51.580] [Render thread/DEBUG] [mezz.jei.library.load.PluginCallerTimerRunnable/]: Registering search ingredient aliases: jei:minecraft...
[10May2026 20:21:51.580] [Render thread/DEBUG] [mezz.jei.library.load.PluginCallerTimerRunnable/]: Registering search ingredient aliases: farmersdelight:jei_plugin...
[10May2026 20:21:51.580] [Render thread/DEBUG] [mezz.jei.library.load.PluginCallerTimerRunnable/]: Registering search ingredient aliases: framedblocks:jei_plugin...
[10May2026 20:21:51.580] [Render thread/DEBUG] [mezz.jei.library.load.PluginCallerTimerRunnable/]: Registering search ingredient aliases: jei:debug...
[10May2026 20:21:51.580] [Render thread/DEBUG] [mezz.jei.library.load.PluginCallerTimerRunnable/]: Registering search ingredient aliases: jei:gui...
[10May2026 20:21:51.580] [Render thread/DEBUG] [mezz.jei.library.load.PluginCallerTimerRunnable/]: Registering search ingredient aliases: jei:forge_gui...
[10May2026 20:21:51.580] [Render thread/DEBUG] [mezz.jei.library.load.PluginCallerTimerRunnable/]: Registering search ingredient aliases: supplementaries:jei_plugin...
[10May2026 20:21:51.580] [Render thread/DEBUG] [mezz.jei.library.load.PluginCallerTimerRunnable/]: Registering search ingredient aliases: jei:internal...
[10May2026 20:21:51.580] [Render thread/INFO] [mezz.jei.library.load.PluginCaller/]: Registering search ingredient aliases took 428.3 μs
[10May2026 20:21:51.587] [Render thread/INFO] [mezz.jei.library.load.PluginCaller/]: Registering categories...
[10May2026 20:21:51.587] [Render thread/DEBUG] [mezz.jei.library.load.PluginCallerTimerRunnable/]: Registering categories: jei:minecraft...
[10May2026 20:21:51.593] [Render thread/DEBUG] [mezz.jei.library.load.PluginCallerTimerRunnable/]: Registering categories: farmersdelight:jei_plugin...
[10May2026 20:21:51.595] [Render thread/DEBUG] [mezz.jei.library.load.PluginCallerTimerRunnable/]: Registering categories: framedblocks:jei_plugin...
[10May2026 20:21:51.596] [Render thread/DEBUG] [mezz.jei.library.load.PluginCallerTimerRunnable/]: Registering categories: jei:debug...
[10May2026 20:21:51.596] [Render thread/DEBUG] [mezz.jei.library.load.PluginCallerTimerRunnable/]: Registering categories: jei:gui...
[10May2026 20:21:51.596] [Render thread/DEBUG] [mezz.jei.library.load.PluginCallerTimerRunnable/]: Registering categories: jei:forge_gui...
[10May2026 20:21:51.596] [Render thread/DEBUG] [mezz.jei.library.load.PluginCallerTimerRunnable/]: Registering categories: supplementaries:jei_plugin...
[10May2026 20:21:51.596] [Render thread/DEBUG] [mezz.jei.library.load.PluginCallerTimerRunnable/]: Registering categories: jei:internal...
[10May2026 20:21:51.599] [Render thread/INFO] [mezz.jei.library.load.PluginCaller/]: Registering categories took 12.36 ms
[10May2026 20:21:51.600] [Render thread/INFO] [mezz.jei.library.load.PluginCaller/]: Registering vanilla category extensions...
[10May2026 20:21:51.600] [Render thread/DEBUG] [mezz.jei.library.load.PluginCallerTimerRunnable/]: Registering vanilla category extensions: jei:minecraft...
[10May2026 20:21:51.601] [Render thread/DEBUG] [mezz.jei.library.load.PluginCallerTimerRunnable/]: Registering vanilla category extensions: farmersdelight:jei_plugin...
[10May2026 20:21:51.601] [Render thread/DEBUG] [mezz.jei.library.load.PluginCallerTimerRunnable/]: Registering vanilla category extensions: framedblocks:jei_plugin...
[10May2026 20:21:51.601] [Render thread/DEBUG] [mezz.jei.library.load.PluginCallerTimerRunnable/]: Registering vanilla category extensions: jei:debug...
[10May2026 20:21:51.601] [Render thread/DEBUG] [mezz.jei.library.load.PluginCallerTimerRunnable/]: Registering vanilla category extensions: jei:gui...
[10May2026 20:21:51.601] [Render thread/DEBUG] [mezz.jei.library.load.PluginCallerTimerRunnable/]: Registering vanilla category extensions: jei:forge_gui...
[10May2026 20:21:51.601] [Render thread/DEBUG] [mezz.jei.library.load.PluginCallerTimerRunnable/]: Registering vanilla category extensions: supplementaries:jei_plugin...
[10May2026 20:21:51.601] [Render thread/DEBUG] [mezz.jei.library.load.PluginCallerTimerRunnable/]: Registering vanilla category extensions: jei:internal...
[10May2026 20:21:51.601] [Render thread/INFO] [mezz.jei.library.load.PluginCaller/]: Registering vanilla category extensions took 1.675 ms
[10May2026 20:21:51.602] [Render thread/INFO] [mezz.jei.library.load.PluginCaller/]: Registering recipe catalysts...
[10May2026 20:21:51.602] [Render thread/DEBUG] [mezz.jei.library.load.PluginCallerTimerRunnable/]: Registering recipe catalysts: jei:minecraft...
[10May2026 20:21:51.602] [Render thread/DEBUG] [mezz.jei.library.load.PluginCallerTimerRunnable/]: Registering recipe catalysts: farmersdelight:jei_plugin...
[10May2026 20:21:51.602] [Render thread/DEBUG] [mezz.jei.library.load.PluginCallerTimerRunnable/]: Registering recipe catalysts: framedblocks:jei_plugin...
[10May2026 20:21:51.602] [Render thread/DEBUG] [mezz.jei.library.load.PluginCallerTimerRunnable/]: Registering recipe catalysts: jei:debug...
[10May2026 20:21:51.602] [Render thread/DEBUG] [mezz.jei.library.load.PluginCallerTimerRunnable/]: Registering recipe catalysts: jei:gui...
[10May2026 20:21:51.602] [Render thread/DEBUG] [mezz.jei.library.load.PluginCallerTimerRunnable/]: Registering recipe catalysts: jei:forge_gui...
[10May2026 20:21:51.602] [Render thread/DEBUG] [mezz.jei.library.load.PluginCallerTimerRunnable/]: Registering recipe catalysts: supplementaries:jei_plugin...
[10May2026 20:21:51.602] [Render thread/DEBUG] [mezz.jei.library.load.PluginCallerTimerRunnable/]: Registering recipe catalysts: jei:internal...
[10May2026 20:21:51.602] [Render thread/INFO] [mezz.jei.library.load.PluginCaller/]: Registering recipe catalysts took 544.0 μs
[10May2026 20:21:51.603] [Render thread/INFO] [mezz.jei.core.util.LoggedTimer/]: Building recipe registry...
[10May2026 20:21:51.608] [Render thread/INFO] [mezz.jei.core.util.LoggedTimer/]: Building recipe registry took 4.832 ms
[10May2026 20:21:51.608] [Render thread/INFO] [mezz.jei.library.load.PluginCaller/]: Registering advanced plugins...
[10May2026 20:21:51.608] [Render thread/DEBUG] [mezz.jei.library.load.PluginCallerTimerRunnable/]: Registering advanced plugins: jei:minecraft...
[10May2026 20:21:51.608] [Render thread/DEBUG] [mezz.jei.library.load.PluginCallerTimerRunnable/]: Registering advanced plugins: farmersdelight:jei_plugin...
[10May2026 20:21:51.608] [Render thread/DEBUG] [mezz.jei.library.load.PluginCallerTimerRunnable/]: Registering advanced plugins: framedblocks:jei_plugin...
[10May2026 20:21:51.608] [Render thread/DEBUG] [mezz.jei.library.load.PluginCallerTimerRunnable/]: Registering advanced plugins: jei:debug...
[10May2026 20:21:51.608] [Render thread/DEBUG] [mezz.jei.library.load.PluginCallerTimerRunnable/]: Registering advanced plugins: jei:gui...
[10May2026 20:21:51.608] [Render thread/DEBUG] [mezz.jei.library.load.PluginCallerTimerRunnable/]: Registering advanced plugins: jei:forge_gui...
[10May2026 20:21:51.608] [Render thread/DEBUG] [mezz.jei.library.load.PluginCallerTimerRunnable/]: Registering advanced plugins: supplementaries:jei_plugin...
[10May2026 20:21:51.608] [Render thread/DEBUG] [mezz.jei.library.load.PluginCallerTimerRunnable/]: Registering advanced plugins: jei:internal...
[10May2026 20:21:51.608] [Render thread/INFO] [mezz.jei.library.load.PluginCaller/]: Registering advanced plugins took 296.5 μs
[10May2026 20:21:51.609] [Render thread/INFO] [mezz.jei.library.load.PluginCaller/]: Registering recipes...
[10May2026 20:21:51.609] [Render thread/DEBUG] [mezz.jei.library.load.PluginCallerTimerRunnable/]: Registering recipes: jei:minecraft...
[10May2026 20:21:51.618] [Render thread/DEBUG] [mezz.jei.library.recipes.RecipeManagerInternal/]: Adding recipes: RecipeType[uid=minecraft:crafting, recipeClass=interface net.minecraft.world.item.crafting.CraftingRecipe]
[10May2026 20:21:51.668] [Render thread/DEBUG] [mezz.jei.library.recipes.RecipeManagerInternal/]: Adding recipes: RecipeType[uid=minecraft:crafting, recipeClass=interface net.minecraft.world.item.crafting.CraftingRecipe]
[10May2026 20:21:51.671] [Render thread/DEBUG] [mezz.jei.library.recipes.RecipeManagerInternal/]: Adding recipes: RecipeType[uid=minecraft:stonecutting, recipeClass=class net.minecraft.world.item.crafting.StonecutterRecipe]
[10May2026 20:21:51.677] [Render thread/DEBUG] [mezz.jei.library.recipes.RecipeManagerInternal/]: Adding recipes: RecipeType[uid=minecraft:furnace, recipeClass=class net.minecraft.world.item.crafting.SmeltingRecipe]
[10May2026 20:21:51.678] [Render thread/DEBUG] [mezz.jei.library.recipes.RecipeManagerInternal/]: Adding recipes: RecipeType[uid=minecraft:smoking, recipeClass=class net.minecraft.world.item.crafting.SmokingRecipe]
[10May2026 20:21:51.678] [Render thread/DEBUG] [mezz.jei.library.recipes.RecipeManagerInternal/]: Adding recipes: RecipeType[uid=minecraft:blasting, recipeClass=class net.minecraft.world.item.crafting.BlastingRecipe]
[10May2026 20:21:51.679] [Render thread/DEBUG] [mezz.jei.library.recipes.RecipeManagerInternal/]: Adding recipes: RecipeType[uid=minecraft:campfire, recipeClass=class net.minecraft.world.item.crafting.CampfireCookingRecipe]
[10May2026 20:21:51.683] [Render thread/DEBUG] [mezz.jei.library.recipes.RecipeManagerInternal/]: Adding recipes: RecipeType[uid=minecraft:fuel, recipeClass=interface mezz.jei.api.recipe.vanilla.IJeiFuelingRecipe]
[10May2026 20:21:51.693] [Render thread/DEBUG] [mezz.jei.library.recipes.RecipeManagerInternal/]: Adding recipes: RecipeType[uid=minecraft:anvil, recipeClass=interface mezz.jei.api.recipe.vanilla.IJeiAnvilRecipe]
[10May2026 20:21:51.713] [Render thread/DEBUG] [mezz.jei.library.recipes.RecipeManagerInternal/]: Adding recipes: RecipeType[uid=minecraft:smithing, recipeClass=interface net.minecraft.world.item.crafting.SmithingRecipe]
[10May2026 20:21:51.722] [Render thread/DEBUG] [mezz.jei.library.recipes.RecipeManagerInternal/]: Adding recipes: RecipeType[uid=minecraft:compostable, recipeClass=interface mezz.jei.api.recipe.vanilla.IJeiCompostingRecipe]
[10May2026 20:21:51.755] [Render thread/DEBUG] [mezz.jei.library.recipes.RecipeManagerInternal/]: Adding recipes: RecipeType[uid=minecraft:brewing, recipeClass=interface mezz.jei.api.recipe.vanilla.IJeiBrewingRecipe]
[10May2026 20:21:51.758] [Render thread/INFO] [mezz.jei.library.load.PluginCallerTimerRunnable/]: Registering recipes: jei:minecraft took 149.6 milliseconds
[10May2026 20:21:51.759] [Render thread/DEBUG] [mezz.jei.library.load.PluginCallerTimerRunnable/]: Registering recipes: farmersdelight:jei_plugin...
[10May2026 20:21:51.759] [Render thread/DEBUG] [mezz.jei.library.recipes.RecipeManagerInternal/]: Adding recipes: RecipeType[uid=farmersdelight:cooking, recipeClass=class vectorwing.farmersdelight.common.crafting.CookingPotRecipe]
[10May2026 20:21:51.760] [Render thread/DEBUG] [mezz.jei.library.recipes.RecipeManagerInternal/]: Adding recipes: RecipeType[uid=farmersdelight:cutting, recipeClass=class vectorwing.farmersdelight.common.crafting.CuttingBoardRecipe]
[10May2026 20:21:51.763] [Render thread/DEBUG] [mezz.jei.library.recipes.RecipeManagerInternal/]: Adding recipes: RecipeType[uid=farmersdelight:decomposition, recipeClass=class vectorwing.farmersdelight.integration.jei.resource.DecompositionDummy]
[10May2026 20:21:51.763] [Render thread/DEBUG] [mezz.jei.library.recipes.RecipeManagerInternal/]: Adding recipes: RecipeType[uid=minecraft:crafting, recipeClass=interface net.minecraft.world.item.crafting.CraftingRecipe]
[10May2026 20:21:51.764] [Render thread/DEBUG] [mezz.jei.library.recipes.RecipeManagerInternal/]: Adding recipes: RecipeType[uid=jei:information, recipeClass=interface mezz.jei.api.recipe.vanilla.IJeiIngredientInfoRecipe]
[10May2026 20:21:51.765] [Render thread/DEBUG] [mezz.jei.library.recipes.RecipeManagerInternal/]: Adding recipes: RecipeType[uid=jei:information, recipeClass=interface mezz.jei.api.recipe.vanilla.IJeiIngredientInfoRecipe]
[10May2026 20:21:51.765] [Render thread/DEBUG] [mezz.jei.library.recipes.RecipeManagerInternal/]: Adding recipes: RecipeType[uid=jei:information, recipeClass=interface mezz.jei.api.recipe.vanilla.IJeiIngredientInfoRecipe]
[10May2026 20:21:51.765] [Render thread/DEBUG] [mezz.jei.library.recipes.RecipeManagerInternal/]: Adding recipes: RecipeType[uid=jei:information, recipeClass=interface mezz.jei.api.recipe.vanilla.IJeiIngredientInfoRecipe]
[10May2026 20:21:51.765] [Render thread/DEBUG] [mezz.jei.library.recipes.RecipeManagerInternal/]: Adding recipes: RecipeType[uid=jei:information, recipeClass=interface mezz.jei.api.recipe.vanilla.IJeiIngredientInfoRecipe]
[10May2026 20:21:51.765] [Render thread/DEBUG] [mezz.jei.library.recipes.RecipeManagerInternal/]: Adding recipes: RecipeType[uid=jei:information, recipeClass=interface mezz.jei.api.recipe.vanilla.IJeiIngredientInfoRecipe]
[10May2026 20:21:51.765] [Render thread/DEBUG] [mezz.jei.library.recipes.RecipeManagerInternal/]: Adding recipes: RecipeType[uid=jei:information, recipeClass=interface mezz.jei.api.recipe.vanilla.IJeiIngredientInfoRecipe]
[10May2026 20:21:51.765] [Render thread/DEBUG] [mezz.jei.library.recipes.RecipeManagerInternal/]: Adding recipes: RecipeType[uid=jei:information, recipeClass=interface mezz.jei.api.recipe.vanilla.IJeiIngredientInfoRecipe]
[10May2026 20:21:51.765] [Render thread/DEBUG] [mezz.jei.library.recipes.RecipeManagerInternal/]: Adding recipes: RecipeType[uid=jei:information, recipeClass=interface mezz.jei.api.recipe.vanilla.IJeiIngredientInfoRecipe]
[10May2026 20:21:51.765] [Render thread/DEBUG] [mezz.jei.library.recipes.RecipeManagerInternal/]: Adding recipes: RecipeType[uid=jei:information, recipeClass=interface mezz.jei.api.recipe.vanilla.IJeiIngredientInfoRecipe]
[10May2026 20:21:51.765] [Render thread/DEBUG] [mezz.jei.library.recipes.RecipeManagerInternal/]: Adding recipes: RecipeType[uid=jei:information, recipeClass=interface mezz.jei.api.recipe.vanilla.IJeiIngredientInfoRecipe]
[10May2026 20:21:51.765] [Render thread/DEBUG] [mezz.jei.library.recipes.RecipeManagerInternal/]: Adding recipes: RecipeType[uid=jei:information, recipeClass=interface mezz.jei.api.recipe.vanilla.IJeiIngredientInfoRecipe]
[10May2026 20:21:51.765] [Render thread/DEBUG] [mezz.jei.library.recipes.RecipeManagerInternal/]: Adding recipes: RecipeType[uid=jei:information, recipeClass=interface mezz.jei.api.recipe.vanilla.IJeiIngredientInfoRecipe]
[10May2026 20:21:51.765] [Render thread/DEBUG] [mezz.jei.library.recipes.RecipeManagerInternal/]: Adding recipes: RecipeType[uid=jei:information, recipeClass=interface mezz.jei.api.recipe.vanilla.IJeiIngredientInfoRecipe]
[10May2026 20:21:51.765] [Render thread/DEBUG] [mezz.jei.library.recipes.RecipeManagerInternal/]: Adding recipes: RecipeType[uid=jei:information, recipeClass=interface mezz.jei.api.recipe.vanilla.IJeiIngredientInfoRecipe]
[10May2026 20:21:51.766] [Render thread/DEBUG] [mezz.jei.library.recipes.RecipeManagerInternal/]: Adding recipes: RecipeType[uid=jei:information, recipeClass=interface mezz.jei.api.recipe.vanilla.IJeiIngredientInfoRecipe]
[10May2026 20:21:51.766] [Render thread/DEBUG] [mezz.jei.library.load.PluginCallerTimerRunnable/]: Registering recipes: framedblocks:jei_plugin...
[10May2026 20:21:51.766] [Render thread/DEBUG] [mezz.jei.library.recipes.RecipeManagerInternal/]: Adding recipes: RecipeType[uid=framedblocks:framing_saw, recipeClass=class xfacthd.framedblocks.common.crafting.FramingSawRecipe]
[10May2026 20:21:51.939] [Render thread/INFO] [mezz.jei.library.load.PluginCallerTimerRunnable/]: Registering recipes: framedblocks:jei_plugin took 173.2 milliseconds
[10May2026 20:21:51.939] [Render thread/DEBUG] [mezz.jei.library.load.PluginCallerTimerRunnable/]: Registering recipes: jei:debug...
[10May2026 20:21:51.939] [Render thread/DEBUG] [mezz.jei.library.load.PluginCallerTimerRunnable/]: Registering recipes: jei:gui...
[10May2026 20:21:51.939] [Render thread/DEBUG] [mezz.jei.library.load.PluginCallerTimerRunnable/]: Registering recipes: jei:forge_gui...
[10May2026 20:21:51.939] [Render thread/DEBUG] [mezz.jei.library.load.PluginCallerTimerRunnable/]: Registering recipes: supplementaries:jei_plugin...
[10May2026 20:21:51.941] [Render thread/DEBUG] [mezz.jei.library.recipes.RecipeManagerInternal/]: Adding recipes: RecipeType[uid=minecraft:crafting, recipeClass=interface net.minecraft.world.item.crafting.CraftingRecipe]
[10May2026 20:21:51.941] [Render thread/DEBUG] [mezz.jei.library.recipes.RecipeManagerInternal/]: Adding recipes: RecipeType[uid=minecraft:crafting, recipeClass=interface net.minecraft.world.item.crafting.CraftingRecipe]
[10May2026 20:21:51.941] [Render thread/DEBUG] [mezz.jei.library.recipes.RecipeManagerInternal/]: Adding recipes: RecipeType[uid=minecraft:crafting, recipeClass=interface net.minecraft.world.item.crafting.CraftingRecipe]
[10May2026 20:21:51.941] [Render thread/DEBUG] [mezz.jei.library.recipes.RecipeManagerInternal/]: Adding recipes: RecipeType[uid=minecraft:crafting, recipeClass=interface net.minecraft.world.item.crafting.CraftingRecipe]
[10May2026 20:21:51.941] [Render thread/DEBUG] [mezz.jei.library.recipes.RecipeManagerInternal/]: Adding recipes: RecipeType[uid=minecraft:crafting, recipeClass=interface net.minecraft.world.item.crafting.CraftingRecipe]
[10May2026 20:21:51.942] [Render thread/DEBUG] [mezz.jei.library.recipes.RecipeManagerInternal/]: Adding recipes: RecipeType[uid=minecraft:crafting, recipeClass=interface net.minecraft.world.item.crafting.CraftingRecipe]
[10May2026 20:21:51.942] [Render thread/DEBUG] [mezz.jei.library.recipes.RecipeManagerInternal/]: Adding recipes: RecipeType[uid=minecraft:crafting, recipeClass=interface net.minecraft.world.item.crafting.CraftingRecipe]
[10May2026 20:21:51.942] [Render thread/DEBUG] [mezz.jei.library.recipes.RecipeManagerInternal/]: Adding recipes: RecipeType[uid=minecraft:crafting, recipeClass=interface net.minecraft.world.item.crafting.CraftingRecipe]
[10May2026 20:21:51.942] [Render thread/DEBUG] [mezz.jei.library.recipes.RecipeManagerInternal/]: Adding recipes: RecipeType[uid=minecraft:crafting, recipeClass=interface net.minecraft.world.item.crafting.CraftingRecipe]
[10May2026 20:21:51.942] [Render thread/DEBUG] [mezz.jei.library.recipes.RecipeManagerInternal/]: Adding recipes: RecipeType[uid=minecraft:crafting, recipeClass=interface net.minecraft.world.item.crafting.CraftingRecipe]
[10May2026 20:21:51.942] [Render thread/DEBUG] [mezz.jei.library.recipes.RecipeManagerInternal/]: Adding recipes: RecipeType[uid=minecraft:crafting, recipeClass=interface net.minecraft.world.item.crafting.CraftingRecipe]
[10May2026 20:21:51.944] [Render thread/DEBUG] [mezz.jei.library.recipes.RecipeManagerInternal/]: Adding recipes: RecipeType[uid=minecraft:crafting, recipeClass=interface net.minecraft.world.item.crafting.CraftingRecipe]
[10May2026 20:21:51.945] [Render thread/DEBUG] [mezz.jei.library.recipes.RecipeManagerInternal/]: Adding recipes: RecipeType[uid=minecraft:crafting, recipeClass=interface net.minecraft.world.item.crafting.CraftingRecipe]
[10May2026 20:21:51.946] [Render thread/DEBUG] [mezz.jei.library.recipes.RecipeManagerInternal/]: Adding recipes: RecipeType[uid=minecraft:crafting, recipeClass=interface net.minecraft.world.item.crafting.CraftingRecipe]
[10May2026 20:21:51.946] [Render thread/DEBUG] [mezz.jei.library.recipes.RecipeManagerInternal/]: Adding recipes: RecipeType[uid=minecraft:crafting, recipeClass=interface net.minecraft.world.item.crafting.CraftingRecipe]
[10May2026 20:21:51.946] [Render thread/DEBUG] [mezz.jei.library.load.PluginCallerTimerRunnable/]: Registering recipes: jei:internal...
[10May2026 20:21:51.947] [Render thread/DEBUG] [mezz.jei.library.plugins.jei.tags.TagInfoRecipeMaker/]: No valid ingredients found for minecraft:fluid tag: #forge:milk (forge:milk)
[10May2026 20:21:51.947] [Render thread/DEBUG] [mezz.jei.library.recipes.RecipeManagerInternal/]: Adding recipes: RecipeType[uid=minecraft:tag_recipes/fluid, recipeClass=interface mezz.jei.library.plugins.jei.tags.ITagInfoRecipe]
[10May2026 20:21:51.948] [Render thread/DEBUG] [mezz.jei.library.plugins.jei.tags.TagInfoRecipeMaker/]: No valid ingredients found for minecraft:block tag: #supplementaries:non_cleanable (supplementaries:non_cleanable)
[10May2026 20:21:51.949] [Render thread/DEBUG] [mezz.jei.library.plugins.jei.tags.TagInfoRecipeMaker/]: No valid ingredients found for minecraft:block tag: #supplementaries:wall_lanterns_whitelist (supplementaries:wall_lanterns_whitelist)
[10May2026 20:21:51.949] [Render thread/DEBUG] [mezz.jei.library.plugins.jei.tags.TagInfoRecipeMaker/]: No valid ingredients found for minecraft:block tag: #minecraft:portals (minecraft:portals)
[10May2026 20:21:51.949] [Render thread/DEBUG] [mezz.jei.library.plugins.jei.tags.TagInfoRecipeMaker/]: No valid ingredients found for minecraft:block tag: #thuumcraft:needs_malachite_tool (thuumcraft:needs_malachite_tool)
[10May2026 20:21:51.950] [Render thread/DEBUG] [mezz.jei.library.plugins.jei.tags.TagInfoRecipeMaker/]: No valid ingredients found for minecraft:block tag: #framedblocks:blockentity_whitelisted (framedblocks:blockentity_whitelisted)
[10May2026 20:21:51.950] [Render thread/DEBUG] [mezz.jei.library.plugins.jei.tags.TagInfoRecipeMaker/]: No valid ingredients found for minecraft:block tag: #minecraft:candle_cakes (minecraft:candle_cakes)
[10May2026 20:21:51.950] [Render thread/DEBUG] [mezz.jei.library.plugins.jei.tags.TagInfoRecipeMaker/]: No valid ingredients found for minecraft:block tag: #supplementaries:wall_lanterns_blacklist (supplementaries:wall_lanterns_blacklist)
[10May2026 20:21:51.951] [Render thread/DEBUG] [mezz.jei.library.plugins.jei.tags.TagInfoRecipeMaker/]: No valid ingredients found for minecraft:block tag: #forge:mineable/knife (forge:mineable/knife)
[10May2026 20:21:51.952] [Render thread/DEBUG] [mezz.jei.library.plugins.jei.tags.TagInfoRecipeMaker/]: No valid ingredients found for minecraft:block tag: #supplementaries:beams (supplementaries:beams)
[10May2026 20:21:51.952] [Render thread/DEBUG] [mezz.jei.library.plugins.jei.tags.TagInfoRecipeMaker/]: No valid ingredients found for minecraft:block tag: #forge:enderman_place_on_blacklist (forge:enderman_place_on_blacklist)
[10May2026 20:21:51.953] [Render thread/DEBUG] [mezz.jei.library.plugins.jei.tags.TagInfoRecipeMaker/]: No valid ingredients found for minecraft:block tag: Drops Cake Slices (farmersdelight:drops_cake_slice)
[10May2026 20:21:51.953] [Render thread/DEBUG] [mezz.jei.library.plugins.jei.tags.TagInfoRecipeMaker/]: No valid ingredients found for minecraft:block tag: #supplementaries:faucet_connection_whitelist (supplementaries:faucet_connection_whitelist)
[10May2026 20:21:51.954] [Render thread/DEBUG] [mezz.jei.library.plugins.jei.tags.TagInfoRecipeMaker/]: No valid ingredients found for minecraft:block tag: #minecraft:strider_warm_blocks (minecraft:strider_warm_blocks)
[10May2026 20:21:51.954] [Render thread/DEBUG] [mezz.jei.library.plugins.jei.tags.TagInfoRecipeMaker/]: No valid ingredients found for minecraft:block tag: #minecraft:non_flammable_wood (minecraft:non_flammable_wood)
[10May2026 20:21:51.954] [Render thread/DEBUG] [mezz.jei.library.plugins.jei.tags.TagInfoRecipeMaker/]: No valid ingredients found for minecraft:block tag: #supplementaries:map_tint_water_color (supplementaries:map_tint_water_color)
[10May2026 20:21:51.955] [Render thread/DEBUG] [mezz.jei.library.plugins.jei.tags.TagInfoRecipeMaker/]: No valid ingredients found for minecraft:block tag: #forge:needs_netherite_tool (forge:needs_netherite_tool)
[10May2026 20:21:51.955] [Render thread/DEBUG] [mezz.jei.library.plugins.jei.tags.TagInfoRecipeMaker/]: No valid ingredients found for minecraft:block tag: #supplementaries:faucet_cant_interact (supplementaries:faucet_cant_interact)
[10May2026 20:21:51.955] [Render thread/DEBUG] [mezz.jei.library.plugins.jei.tags.TagInfoRecipeMaker/]: No valid ingredients found for minecraft:block tag: #supplementaries:palisades (supplementaries:palisades)
[10May2026 20:21:51.955] [Render thread/DEBUG] [mezz.jei.library.plugins.jei.tags.TagInfoRecipeMaker/]: No valid ingredients found for minecraft:block tag: #minecraft:invalid_spawn_inside (minecraft:invalid_spawn_inside)
[10May2026 20:21:51.955] [Render thread/DEBUG] [mezz.jei.library.plugins.jei.tags.TagInfoRecipeMaker/]: No valid ingredients found for minecraft:block tag: #minecraft:fire (minecraft:fire)
[10May2026 20:21:51.955] [Render thread/DEBUG] [mezz.jei.library.plugins.jei.tags.TagInfoRecipeMaker/]: No valid ingredients found for minecraft:block tag: #thuumcraft:needs_dwarven_tool (thuumcraft:needs_dwarven_tool)
[10May2026 20:21:51.955] [Render thread/DEBUG] [mezz.jei.library.plugins.jei.tags.TagInfoRecipeMaker/]: No valid ingredients found for minecraft:block tag: #thuumcraft:needs_ebony_tool (thuumcraft:needs_ebony_tool)
[10May2026 20:21:51.955] [Render thread/DEBUG] [mezz.jei.library.recipes.RecipeManagerInternal/]: Adding recipes: RecipeType[uid=minecraft:tag_recipes/block, recipeClass=interface mezz.jei.library.plugins.jei.tags.ITagInfoRecipe]
[10May2026 20:21:51.985] [Render thread/DEBUG] [mezz.jei.library.plugins.jei.tags.TagInfoRecipeMaker/]: No valid ingredients found for minecraft:item tag: #supplementaries:cannon_blacklist (supplementaries:cannon_blacklist)
[10May2026 20:21:51.985] [Render thread/DEBUG] [mezz.jei.library.plugins.jei.tags.TagInfoRecipeMaker/]: No valid ingredients found for minecraft:item tag: #supplementaries:quiver_whitelist (supplementaries:quiver_whitelist)
[10May2026 20:21:51.985] [Render thread/DEBUG] [mezz.jei.library.plugins.jei.tags.TagInfoRecipeMaker/]: No valid ingredients found for minecraft:item tag: #supplementaries:slingshot_damageable (supplementaries:slingshot_damageable)
[10May2026 20:21:51.985] [Render thread/DEBUG] [mezz.jei.library.plugins.jei.tags.TagInfoRecipeMaker/]: No valid ingredients found for minecraft:item tag: #supplementaries:chocolate_bars (supplementaries:chocolate_bars)
[10May2026 20:21:51.986] [Render thread/DEBUG] [mezz.jei.library.plugins.jei.tags.TagInfoRecipeMaker/]: No valid ingredients found for minecraft:item tag: #supplementaries:quiver_blacklist (supplementaries:quiver_blacklist)
[10May2026 20:21:51.986] [Render thread/DEBUG] [mezz.jei.library.plugins.jei.tags.TagInfoRecipeMaker/]: No valid ingredients found for minecraft:item tag: #supplementaries:pancake_syrup (supplementaries:pancake_syrup)
[10May2026 20:21:51.986] [Render thread/DEBUG] [mezz.jei.library.plugins.jei.tags.TagInfoRecipeMaker/]: No valid ingredients found for minecraft:item tag: Weapon Projectile Overlay Blacklist (supplementaries:weapon_projectile_overlay_blacklist)
[10May2026 20:21:51.986] [Render thread/DEBUG] [mezz.jei.library.plugins.jei.tags.TagInfoRecipeMaker/]: No valid ingredients found for minecraft:item tag: #supplementaries:non_cleanable (supplementaries:non_cleanable)
[10May2026 20:21:51.987] [Render thread/DEBUG] [mezz.jei.library.plugins.jei.tags.TagInfoRecipeMaker/]: No valid ingredients found for minecraft:item tag: #supplementaries:slingshot_blacklist (supplementaries:slingshot_blacklist)
[10May2026 20:21:51.987] [Render thread/DEBUG] [mezz.jei.library.recipes.RecipeManagerInternal/]: Adding recipes: RecipeType[uid=minecraft:tag_recipes/item, recipeClass=interface mezz.jei.library.plugins.jei.tags.ITagInfoRecipe]
[10May2026 20:21:52.000] [Render thread/INFO] [mezz.jei.library.load.PluginCallerTimerRunnable/]: Registering recipes: jei:internal took 53.92 milliseconds
[10May2026 20:21:52.000] [Render thread/INFO] [mezz.jei.library.load.PluginCaller/]: Registering recipes took 391.7 ms
[10May2026 20:21:52.004] [Render thread/INFO] [mezz.jei.library.load.PluginCaller/]: Registering recipes transfer handlers...
[10May2026 20:21:52.004] [Render thread/DEBUG] [mezz.jei.library.load.PluginCallerTimerRunnable/]: Registering recipes transfer handlers: jei:minecraft...
[10May2026 20:21:52.006] [Render thread/DEBUG] [mezz.jei.library.load.PluginCallerTimerRunnable/]: Registering recipes transfer handlers: farmersdelight:jei_plugin...
[10May2026 20:21:52.006] [Render thread/DEBUG] [mezz.jei.library.load.PluginCallerTimerRunnable/]: Registering recipes transfer handlers: framedblocks:jei_plugin...
[10May2026 20:21:52.006] [Render thread/DEBUG] [mezz.jei.library.load.PluginCallerTimerRunnable/]: Registering recipes transfer handlers: jei:debug...
[10May2026 20:21:52.006] [Render thread/DEBUG] [mezz.jei.library.load.PluginCallerTimerRunnable/]: Registering recipes transfer handlers: jei:gui...
[10May2026 20:21:52.006] [Render thread/DEBUG] [mezz.jei.library.load.PluginCallerTimerRunnable/]: Registering recipes transfer handlers: jei:forge_gui...
[10May2026 20:21:52.006] [Render thread/DEBUG] [mezz.jei.library.load.PluginCallerTimerRunnable/]: Registering recipes transfer handlers: supplementaries:jei_plugin...
[10May2026 20:21:52.006] [Render thread/DEBUG] [mezz.jei.library.load.PluginCallerTimerRunnable/]: Registering recipes transfer handlers: jei:internal...
[10May2026 20:21:52.006] [Render thread/INFO] [mezz.jei.library.load.PluginCaller/]: Registering recipes transfer handlers took 1.749 ms
[10May2026 20:21:52.009] [Render thread/INFO] [mezz.jei.core.util.LoggedTimer/]: Building runtime...
[10May2026 20:21:52.012] [Render thread/INFO] [mezz.jei.library.load.PluginCaller/]: Registering gui handlers...
[10May2026 20:21:52.012] [Render thread/DEBUG] [mezz.jei.library.load.PluginCallerTimerRunnable/]: Registering gui handlers: jei:minecraft...
[10May2026 20:21:52.013] [Render thread/DEBUG] [mezz.jei.library.load.PluginCallerTimerRunnable/]: Registering gui handlers: farmersdelight:jei_plugin...
[10May2026 20:21:52.013] [Render thread/DEBUG] [mezz.jei.library.load.PluginCallerTimerRunnable/]: Registering gui handlers: framedblocks:jei_plugin...
[10May2026 20:21:52.013] [Render thread/DEBUG] [mezz.jei.library.load.PluginCallerTimerRunnable/]: Registering gui handlers: jei:debug...
[10May2026 20:21:52.013] [Render thread/DEBUG] [mezz.jei.library.load.PluginCallerTimerRunnable/]: Registering gui handlers: jei:gui...
[10May2026 20:21:52.015] [Render thread/DEBUG] [mezz.jei.library.load.PluginCallerTimerRunnable/]: Registering gui handlers: jei:forge_gui...
[10May2026 20:21:52.015] [Render thread/DEBUG] [mezz.jei.library.load.PluginCallerTimerRunnable/]: Registering gui handlers: supplementaries:jei_plugin...
[10May2026 20:21:52.015] [Render thread/DEBUG] [mezz.jei.library.load.PluginCallerTimerRunnable/]: Registering gui handlers: jei:internal...
[10May2026 20:21:52.015] [Render thread/INFO] [mezz.jei.library.load.PluginCaller/]: Registering gui handlers took 3.150 ms
[10May2026 20:21:52.016] [Render thread/INFO] [mezz.jei.library.load.PluginCaller/]: Registering Runtime...
[10May2026 20:21:52.016] [Render thread/DEBUG] [mezz.jei.library.load.PluginCallerTimerRunnable/]: Registering Runtime: jei:minecraft...
[10May2026 20:21:52.016] [Render thread/DEBUG] [mezz.jei.library.load.PluginCallerTimerRunnable/]: Registering Runtime: farmersdelight:jei_plugin...
[10May2026 20:21:52.016] [Render thread/DEBUG] [mezz.jei.library.load.PluginCallerTimerRunnable/]: Registering Runtime: framedblocks:jei_plugin...
[10May2026 20:21:52.016] [Render thread/DEBUG] [mezz.jei.library.load.PluginCallerTimerRunnable/]: Registering Runtime: jei:debug...
[10May2026 20:21:52.016] [Render thread/DEBUG] [mezz.jei.library.load.PluginCallerTimerRunnable/]: Registering Runtime: jei:gui...
[10May2026 20:21:52.016] [Render thread/DEBUG] [mezz.jei.library.load.PluginCallerTimerRunnable/]: Registering Runtime: jei:forge_gui...
[10May2026 20:21:52.017] [Render thread/INFO] [mezz.jei.gui.startup.JeiGuiStarter/]: Starting JEI GUI
[10May2026 20:21:52.017] [Render thread/INFO] [mezz.jei.core.util.LoggedTimer/]: Building ingredient list...
[10May2026 20:21:52.018] [Render thread/DEBUG] [mezz.jei.gui.ingredients.IngredientListElementFactory/]: Registering ingredients: ItemStack
[10May2026 20:21:52.048] [Render thread/DEBUG] [mezz.jei.gui.ingredients.IngredientListElementFactory/]: Registering ingredients: FluidStack
[10May2026 20:21:52.048] [Render thread/INFO] [mezz.jei.core.util.LoggedTimer/]: Building ingredient list took 30.54 ms
[10May2026 20:21:52.048] [Render thread/INFO] [mezz.jei.core.util.LoggedTimer/]: Building ingredient filter...
[10May2026 20:21:52.063] [Render thread/INFO] [mezz.jei.gui.ingredients.IngredientFilter/]: Adding 4157 ingredients
[10May2026 20:21:52.254] [Render thread/INFO] [mezz.jei.gui.ingredients.IngredientFilter/]: Added 4157 ingredients
[10May2026 20:21:52.254] [Render thread/INFO] [mezz.jei.core.util.LoggedTimer/]: Building ingredient filter took 206.1 ms
[10May2026 20:21:52.282] [Render thread/INFO] [mezz.jei.library.load.PluginCallerTimerRunnable/]: Registering Runtime: jei:forge_gui took 265.2 milliseconds
[10May2026 20:21:52.282] [Render thread/DEBUG] [mezz.jei.library.load.PluginCallerTimerRunnable/]: Registering Runtime: supplementaries:jei_plugin...
[10May2026 20:21:52.282] [Render thread/DEBUG] [mezz.jei.library.load.PluginCallerTimerRunnable/]: Registering Runtime: jei:internal...
[10May2026 20:21:52.282] [Render thread/INFO] [mezz.jei.library.load.PluginCaller/]: Registering Runtime took 265.7 ms
[10May2026 20:21:52.282] [Render thread/INFO] [mezz.jei.core.util.LoggedTimer/]: Building runtime took 272.8 ms
[10May2026 20:21:52.282] [Render thread/INFO] [mezz.jei.library.load.PluginCaller/]: Sending Runtime...
[10May2026 20:21:52.282] [Render thread/DEBUG] [mezz.jei.library.load.PluginCallerTimerRunnable/]: Sending Runtime: jei:minecraft...
[10May2026 20:21:52.282] [Render thread/DEBUG] [mezz.jei.library.load.PluginCallerTimerRunnable/]: Sending Runtime: farmersdelight:jei_plugin...
[10May2026 20:21:52.282] [Render thread/DEBUG] [mezz.jei.library.load.PluginCallerTimerRunnable/]: Sending Runtime: framedblocks:jei_plugin...
[10May2026 20:21:52.283] [Render thread/DEBUG] [mezz.jei.library.load.PluginCallerTimerRunnable/]: Sending Runtime: jei:debug...
[10May2026 20:21:52.283] [Render thread/DEBUG] [mezz.jei.library.load.PluginCallerTimerRunnable/]: Sending Runtime: jei:gui...
[10May2026 20:21:52.283] [Render thread/DEBUG] [mezz.jei.library.load.PluginCallerTimerRunnable/]: Sending Runtime: jei:forge_gui...
[10May2026 20:21:52.283] [Render thread/DEBUG] [mezz.jei.library.load.PluginCallerTimerRunnable/]: Sending Runtime: supplementaries:jei_plugin...
[10May2026 20:21:52.283] [Render thread/DEBUG] [mezz.jei.library.load.PluginCallerTimerRunnable/]: Sending Runtime: jei:internal...
[10May2026 20:21:52.283] [Render thread/INFO] [mezz.jei.library.load.PluginCaller/]: Sending Runtime took 587.1 μs
[10May2026 20:21:52.283] [Render thread/INFO] [mezz.jei.core.util.LoggedTimer/]: Starting JEI took 763.8 ms
[10May2026 20:21:52.543] [Render thread/INFO] [net.minecraft.advancements.AdvancementList/]: Loaded 43 advancements
[10May2026 20:21:52.784] [Server thread/INFO] [net.minecraft.client.server.IntegratedServer/]: Saving and pausing game...
[10May2026 20:21:52.795] [Server thread/INFO] [net.minecraft.server.MinecraftServer/]: Saving chunks for level 'ServerLevel[flat_world]'/minecraft:overworld
[10May2026 20:21:53.664] [Server thread/INFO] [net.minecraft.server.MinecraftServer/]: Saving chunks for level 'ServerLevel[flat_world]'/minecraft:the_nether
[10May2026 20:21:53.665] [Server thread/INFO] [net.minecraft.server.MinecraftServer/]: Saving chunks for level 'ServerLevel[flat_world]'/minecraft:the_end
[10May2026 20:21:53.667] [Server thread/DEBUG] [net.minecraftforge.common.ForgeHooks/WP]: Gathering id map for writing to world save flat_world
[10May2026 20:21:53.684] [Server thread/DEBUG] [net.minecraftforge.common.ForgeHooks/WP]: ID Map collection complete flat_world
[10May2026 20:22:02.017] [Server thread/INFO] [net.minecraft.server.MinecraftServer/]: [Dev: Set own game mode to Creative Mode]
[10May2026 20:22:02.037] [Render thread/INFO] [net.minecraft.client.gui.components.ChatComponent/]: [System] [CHAT] Set own game mode to Creative Mode
