[15May2026 19:13:35.241] [main/INFO] [cpw.mods.modlauncher.Launcher/MODLAUNCHER]: ModLauncher running: args [--launchTarget, forgeclientuserdev, --version, MOD_DEV, --assetIndex, 5, --assetsDir, /Users/bowieconnors/.gradle/caches/forge_gradle/assets, --gameDir, ., --fml.forgeVersion, 47.4.10, --fml.mcVersion, 1.20.1, --fml.forgeGroup, net.minecraftforge, --fml.mcpVersion, 20230612.114412]
[15May2026 19:13:35.246] [main/INFO] [cpw.mods.modlauncher.Launcher/MODLAUNCHER]: ModLauncher 10.0.9+10.0.9+main.dcd20f30 starting: java version 17.0.17 by Eclipse Adoptium; OS Mac OS X arch aarch64 version 26.3.1
[15May2026 19:13:35.366] [main/INFO] [net.minecraftforge.fml.loading.ImmediateWindowHandler/]: Loading ImmediateWindowProvider fmlearlywindow
[15May2026 19:13:35.796] [main/INFO] [EARLYDISPLAY/]: Trying GL version 4.6
[15May2026 19:13:35.930] [main/INFO] [EARLYDISPLAY/]: Trying GL version 4.5
[15May2026 19:13:35.958] [main/INFO] [EARLYDISPLAY/]: Trying GL version 4.4
[15May2026 19:13:35.977] [main/INFO] [EARLYDISPLAY/]: Trying GL version 4.3
[15May2026 19:13:35.992] [main/INFO] [EARLYDISPLAY/]: Trying GL version 4.2
[15May2026 19:13:36.002] [main/INFO] [EARLYDISPLAY/]: Trying GL version 4.1
[15May2026 19:13:36.030] [main/INFO] [EARLYDISPLAY/]: Requested GL version 4.1 got version 4.1
[15May2026 19:13:36.192] [main/INFO] [mixin/]: SpongePowered MIXIN Subsystem Version=0.8.5 Source=union:/Users/bowieconnors/.gradle/caches/modules-2/files-2.1/org.spongepowered/mixin/0.8.5/9d1c0c3a304ae6697ecd477218fa61b850bf57fc/mixin-0.8.5.jar%23121!/ Service=ModLauncher Env=CLIENT
[15May2026 19:13:36.272] [pool-2-thread-1/INFO] [EARLYDISPLAY/]: GL info: Apple M1 GL version 4.1 Metal - 90.5, Apple
[15May2026 19:13:36.514] [main/WARN] [net.minecraftforge.fml.loading.moddiscovery.ModFileParser/LOADING]: Mod file /Users/bowieconnors/.gradle/caches/modules-2/files-2.1/net.minecraftforge/javafmllanguage/1.20.1-47.4.10/ccc533c7dd67e0983217197d7549c8b49e7ab453/javafmllanguage-1.20.1-47.4.10.jar is missing mods.toml file
[15May2026 19:13:36.515] [main/WARN] [net.minecraftforge.fml.loading.moddiscovery.ModFileParser/LOADING]: Mod file /Users/bowieconnors/.gradle/caches/modules-2/files-2.1/net.minecraftforge/lowcodelanguage/1.20.1-47.4.10/e9a2879fe3612ea34b9728ec2633304a1e67d480/lowcodelanguage-1.20.1-47.4.10.jar is missing mods.toml file
[15May2026 19:13:36.516] [main/WARN] [net.minecraftforge.fml.loading.moddiscovery.ModFileParser/LOADING]: Mod file /Users/bowieconnors/.gradle/caches/modules-2/files-2.1/net.minecraftforge/mclanguage/1.20.1-47.4.10/ec5cefbbc65c67302b8fac317010faab85fa14b9/mclanguage-1.20.1-47.4.10.jar is missing mods.toml file
[15May2026 19:13:36.517] [main/WARN] [net.minecraftforge.fml.loading.moddiscovery.ModFileParser/LOADING]: Mod file /Users/bowieconnors/.gradle/caches/modules-2/files-2.1/net.minecraftforge/fmlcore/1.20.1-47.4.10/94dae566be650566ea9115a1414ab76bfcf5a804/fmlcore-1.20.1-47.4.10.jar is missing mods.toml file
[15May2026 19:13:36.992] [main/WARN] [net.minecraftforge.jarjar.selection.JarSelector/]: Attempted to select two dependency jars from JarJar which have the same identification: Mod File:  and Mod File: . Using Mod File: 
[15May2026 19:13:36.993] [main/INFO] [net.minecraftforge.fml.loading.moddiscovery.JarInJarDependencyLocator/]: Found 12 dependencies adding them to mods collection
[15May2026 19:13:39.688] [main/INFO] [mixin/]: Compatibility level set to JAVA_17
[15May2026 19:13:39.738] [main/INFO] [cpw.mods.modlauncher.LaunchServiceHandler/MODLAUNCHER]: Launching target 'forgeclientuserdev' with arguments [--version, MOD_DEV, --gameDir, ., --assetsDir, /Users/bowieconnors/.gradle/caches/forge_gradle/assets, --assetIndex, 5]
[15May2026 19:13:40.060] [main/INFO] [mixin/]: Remapping refMap farmersdelight.refmap.json using /Users/bowieconnors/Documents/GitHub/Thuumcraft/Thuumcraft/build/createSrgToMcp/output.srg
[15May2026 19:13:40.062] [main/INFO] [mixin/]: Remapping refMap handcrafted-common-1.20.1-common-refmap.json using /Users/bowieconnors/Documents/GitHub/Thuumcraft/Thuumcraft/build/createSrgToMcp/output.srg
[15May2026 19:13:40.064] [main/WARN] [mixin/]: Reference map 'handcrafted-forge-1.20.1-forge-refmap.json' for handcrafted.mixins.json could not be read. If this is a development environment you can ignore this message
[15May2026 19:13:40.075] [main/INFO] [mixin/]: Remapping refMap moonlight-common-refmap.json using /Users/bowieconnors/Documents/GitHub/Thuumcraft/Thuumcraft/build/createSrgToMcp/output.srg
[15May2026 19:13:40.076] [main/INFO] [mixin/]: Remapping refMap moonlight-forge-refmap.json using /Users/bowieconnors/Documents/GitHub/Thuumcraft/Thuumcraft/build/createSrgToMcp/output.srg
[15May2026 19:13:40.078] [main/INFO] [mixin/]: Remapping refMap invincible.mixin-refmap.json using /Users/bowieconnors/Documents/GitHub/Thuumcraft/Thuumcraft/build/createSrgToMcp/output.srg
[15May2026 19:13:40.106] [main/INFO] [mixin/]: Remapping refMap jade.refmap.json using /Users/bowieconnors/Documents/GitHub/Thuumcraft/Thuumcraft/build/createSrgToMcp/output.srg
[15May2026 19:13:40.107] [main/INFO] [mixin/]: Remapping refMap geckolib.refmap.json using /Users/bowieconnors/Documents/GitHub/Thuumcraft/Thuumcraft/build/createSrgToMcp/output.srg
[15May2026 19:13:40.109] [main/INFO] [mixin/]: Remapping refMap player-animation-lib-minecraft_common-refmap.json using /Users/bowieconnors/Documents/GitHub/Thuumcraft/Thuumcraft/build/createSrgToMcp/output.srg
[15May2026 19:13:40.110] [main/INFO] [mixin/]: Remapping refMap caelus.refmap.json using /Users/bowieconnors/Documents/GitHub/Thuumcraft/Thuumcraft/build/createSrgToMcp/output.srg
[15May2026 19:13:40.111] [main/INFO] [mixin/]: Remapping refMap curios.refmap.json using /Users/bowieconnors/Documents/GitHub/Thuumcraft/Thuumcraft/build/createSrgToMcp/output.srg
[15May2026 19:13:40.113] [main/INFO] [mixin/]: Remapping refMap mixins.epicfight.refmap.json using /Users/bowieconnors/Documents/GitHub/Thuumcraft/Thuumcraft/build/createSrgToMcp/output.srg
[15May2026 19:13:40.114] [main/INFO] [mixin/]: Remapping refMap placebo.refmap.json using /Users/bowieconnors/Documents/GitHub/Thuumcraft/Thuumcraft/build/createSrgToMcp/output.srg
[15May2026 19:13:40.115] [main/INFO] [mixin/]: Remapping refMap attributeslib.refmap.json using /Users/bowieconnors/Documents/GitHub/Thuumcraft/Thuumcraft/build/createSrgToMcp/output.srg
[15May2026 19:13:40.116] [main/INFO] [mixin/]: Remapping refMap configured.refmap.json using /Users/bowieconnors/Documents/GitHub/Thuumcraft/Thuumcraft/build/createSrgToMcp/output.srg
[15May2026 19:13:40.118] [main/INFO] [mixin/]: Remapping refMap irons_spellbooks.refmap.json using /Users/bowieconnors/Documents/GitHub/Thuumcraft/Thuumcraft/build/createSrgToMcp/output.srg
[15May2026 19:13:40.120] [main/INFO] [mixin/]: Remapping refMap framedblocks.refmap.json using /Users/bowieconnors/Documents/GitHub/Thuumcraft/Thuumcraft/build/createSrgToMcp/output.srg
[15May2026 19:13:40.192] [main/WARN] [mixin/]: Reference map 'apexcore.refmap.json' for apexcore.mixins.json could not be read. If this is a development environment you can ignore this message
[15May2026 19:13:40.193] [main/INFO] [mixin/]: Remapping refMap fantasyfurniture.refmap.json using /Users/bowieconnors/Documents/GitHub/Thuumcraft/Thuumcraft/build/createSrgToMcp/output.srg
[15May2026 19:13:40.194] [main/WARN] [mixin/]: Reference map 'epicfight_animation.refmap.json' for epicfightx.mixins.json could not be read. If this is a development environment you can ignore this message
[15May2026 19:13:40.197] [main/INFO] [mixin/]: Remapping refMap supplementaries-common-refmap.json using /Users/bowieconnors/Documents/GitHub/Thuumcraft/Thuumcraft/build/createSrgToMcp/output.srg
[15May2026 19:13:40.199] [main/INFO] [mixin/]: Remapping refMap supplementaries-forge-refmap.json using /Users/bowieconnors/Documents/GitHub/Thuumcraft/Thuumcraft/build/createSrgToMcp/output.srg
[15May2026 19:13:41.038] [main/WARN] [mixin/]: Error loading class: dev/tr7zw/skinlayers/versionless/render/CustomModelPart (java.lang.ClassNotFoundException: dev.tr7zw.skinlayers.versionless.render.CustomModelPart)
[15May2026 19:13:41.038] [main/WARN] [mixin/]: @Mixin target dev.tr7zw.skinlayers.versionless.render.CustomModelPart was not found mixins.epicfight.json:skinlayers.MixinCustomModelPart
[15May2026 19:13:41.040] [main/WARN] [mixin/]: Error loading class: dev/tr7zw/skinlayers/versionless/render/CustomizableCube (java.lang.ClassNotFoundException: dev.tr7zw.skinlayers.versionless.render.CustomizableCube)
[15May2026 19:13:41.040] [main/WARN] [mixin/]: @Mixin target dev.tr7zw.skinlayers.versionless.render.CustomizableCube was not found mixins.epicfight.json:skinlayers.MixinCustomizableCubeWrapper$SkinLayer3DMixinCustomModelCube
[15May2026 19:13:41.042] [main/WARN] [mixin/]: Error loading class: de/teamlapen/vampirism/client/renderer/entity/layers/VampirePlayerHeadLayer (java.lang.ClassNotFoundException: de.teamlapen.vampirism.client.renderer.entity.layers.VampirePlayerHeadLayer)
[15May2026 19:13:41.042] [main/WARN] [mixin/]: @Mixin target de.teamlapen.vampirism.client.renderer.entity.layers.VampirePlayerHeadLayer was not found mixins.epicfight.json:teamlapen.MixinVampirePlayerHeadLayer
[15May2026 19:13:41.044] [main/WARN] [mixin/]: Error loading class: de/teamlapen/werewolves/client/render/layer/HumanWerewolfLayer (java.lang.ClassNotFoundException: de.teamlapen.werewolves.client.render.layer.HumanWerewolfLayer)
[15May2026 19:13:41.044] [main/WARN] [mixin/]: @Mixin target de.teamlapen.werewolves.client.render.layer.HumanWerewolfLayer was not found mixins.epicfight.json:teamlapen.MixinHumanWerewolfLayer
[15May2026 19:13:41.074] [main/INFO] [net.minecraftforge.coremod.CoreMod.placebo/COREMODLOG]: Patching IForgeItemStack#getEnchantmentLevel
[15May2026 19:13:41.091] [main/INFO] [net.minecraftforge.coremod.CoreMod.placebo/COREMODLOG]: Patching IForgeItemStack#getEnchantmentLevel
[15May2026 19:13:41.340] [main/WARN] [mixin/]: Error loading class: me/jellysquid/mods/sodium/client/render/chunk/compile/pipeline/FluidRenderer (java.lang.ClassNotFoundException: me.jellysquid.mods.sodium.client.render.chunk.compile.pipeline.FluidRenderer)
[15May2026 19:13:41.341] [main/WARN] [mixin/]: Error loading class: net/raphimc/immediatelyfast/feature/map_atlas_generation/MapAtlasTexture (java.lang.ClassNotFoundException: net.raphimc.immediatelyfast.feature.map_atlas_generation.MapAtlasTexture)
[15May2026 19:13:41.469] [main/INFO] [MixinExtras|Service/]: Initializing MixinExtras via com.llamalad7.mixinextras.service.MixinExtrasServiceImpl(version=0.4.1).
[15May2026 19:13:43.900] [pool-4-thread-1/INFO] [net.minecraftforge.coremod.CoreMod.placebo/COREMODLOG]: Patching IForgeItemStack#getEnchantmentLevel
[15May2026 19:13:43.902] [pool-4-thread-1/INFO] [net.minecraftforge.coremod.CoreMod.placebo/COREMODLOG]: Patching IForgeItemStack#getEnchantmentLevel
[15May2026 19:13:47.486] [pool-4-thread-1/INFO] [net.minecraftforge.coremod.CoreMod.placebo/COREMODLOG]: Patching IForgeItemStack#getEnchantmentLevel
[15May2026 19:13:47.486] [pool-4-thread-1/INFO] [net.minecraftforge.coremod.CoreMod.placebo/COREMODLOG]: Patching IForgeItemStack#getEnchantmentLevel
[15May2026 19:13:47.595] [pool-4-thread-1/WARN] [mixin/]: @Final field nextHeadUpdate:[I in mixins.epicfight.json:common.MixinWitherBoss should be final
[15May2026 19:13:47.595] [pool-4-thread-1/WARN] [mixin/]: @Final field idleHeadUpdates:[I in mixins.epicfight.json:common.MixinWitherBoss should be final
[15May2026 19:13:50.340] [Datafixer Bootstrap/INFO] [com.mojang.datafixers.DataFixerBuilder/]: 188 Datafixer optimizations took 210 milliseconds
[15May2026 19:13:51.283] [pool-4-thread-1/WARN] [net.minecraft.network.syncher.SynchedEntityData/]: defineId called for: class net.minecraft.world.entity.LivingEntity from class yesman.epicfight.world.capabilities.entitypatch.LivingEntityPatch
[15May2026 19:13:51.283] [pool-4-thread-1/WARN] [net.minecraft.network.syncher.SynchedEntityData/]: defineId called for: class net.minecraft.world.entity.LivingEntity from class yesman.epicfight.world.capabilities.entitypatch.LivingEntityPatch
[15May2026 19:13:51.283] [pool-4-thread-1/WARN] [net.minecraft.network.syncher.SynchedEntityData/]: defineId called for: class net.minecraft.world.entity.LivingEntity from class yesman.epicfight.world.capabilities.entitypatch.LivingEntityPatch
[15May2026 19:13:51.283] [pool-4-thread-1/WARN] [net.minecraft.network.syncher.SynchedEntityData/]: defineId called for: class net.minecraft.world.entity.LivingEntity from class yesman.epicfight.world.capabilities.entitypatch.LivingEntityPatch
[15May2026 19:13:53.521] [Render thread/INFO] [net.minecraftforge.coremod.CoreMod.attributeslib/COREMODLOG]: Patching EffectRenderingInventoryScreen#renderEffects
[15May2026 19:13:53.701] [Render thread/WARN] [net.minecraft.server.packs.VanillaPackResourcesBuilder/]: Assets URL 'union:/Users/bowieconnors/.gradle/caches/forge_gradle/minecraft_user_repo/net/minecraftforge/forge/1.20.1-47.4.10_mapped_parchment_2023.09.03-1.20.1/forge-1.20.1-47.4.10_mapped_parchment_2023.09.03-1.20.1-recomp.jar%23184!/assets/.mcassetsroot' uses unexpected schema
[15May2026 19:13:53.701] [Render thread/WARN] [net.minecraft.server.packs.VanillaPackResourcesBuilder/]: Assets URL 'union:/Users/bowieconnors/.gradle/caches/forge_gradle/minecraft_user_repo/net/minecraftforge/forge/1.20.1-47.4.10_mapped_parchment_2023.09.03-1.20.1/forge-1.20.1-47.4.10_mapped_parchment_2023.09.03-1.20.1-recomp.jar%23184!/data/.mcassetsroot' uses unexpected schema
[15May2026 19:13:53.717] [Render thread/INFO] [com.mojang.authlib.yggdrasil.YggdrasilAuthenticationService/]: Environment: authHost='https://authserver.mojang.com', accountsHost='https://api.mojang.com', sessionHost='https://sessionserver.mojang.com', servicesHost='https://api.minecraftservices.com', name='PROD'
[15May2026 19:13:53.724] [Render thread/INFO] [net.minecraft.client.Minecraft/]: Setting user: Dev
[15May2026 19:13:53.784] [Render thread/INFO] [mixin/]: BeforeConstant is searching for constants in method with descriptor (Lnet/minecraft/network/chat/Component;Lnet/minecraft/client/GuiMessageTag;)V
[15May2026 19:13:53.784] [Render thread/INFO] [mixin/]:   BeforeConstant found STRING constant: value = , stringValue = null
[15May2026 19:13:53.784] [Render thread/INFO] [mixin/]:     BeforeConstant found a matching constant TYPE at ordinal 0
[15May2026 19:13:53.784] [Render thread/INFO] [mixin/]:       BeforeConstant found LdcInsn 
[15May2026 19:13:53.785] [Render thread/INFO] [mixin/]:   BeforeConstant found STRING constant: value = \\r, stringValue = null
[15May2026 19:13:53.785] [Render thread/INFO] [mixin/]:     BeforeConstant found a matching constant TYPE at ordinal 1
[15May2026 19:13:53.785] [Render thread/INFO] [mixin/]:       BeforeConstant found LdcInsn \\r
[15May2026 19:13:53.785] [Render thread/INFO] [mixin/]:   BeforeConstant found STRING constant: value = 
, stringValue = null
[15May2026 19:13:53.785] [Render thread/INFO] [mixin/]:     BeforeConstant found a matching constant TYPE at ordinal 2
[15May2026 19:13:53.785] [Render thread/INFO] [mixin/]:       BeforeConstant found LdcInsn 

[15May2026 19:13:53.785] [Render thread/INFO] [mixin/]:   BeforeConstant found STRING constant: value = \\n, stringValue = null
[15May2026 19:13:53.785] [Render thread/INFO] [mixin/]:     BeforeConstant found a matching constant TYPE at ordinal 3
[15May2026 19:13:53.785] [Render thread/INFO] [mixin/]:       BeforeConstant found LdcInsn \\n
[15May2026 19:13:53.785] [Render thread/INFO] [mixin/]:   BeforeConstant found CLASS constant: value = Ljava/lang/String;, typeValue = null
[15May2026 19:13:53.785] [Render thread/INFO] [mixin/]:   BeforeConstant found STRING constant: value = [{}] [CHAT] {}, stringValue = null
[15May2026 19:13:53.785] [Render thread/INFO] [mixin/]:     BeforeConstant found a matching constant TYPE at ordinal 4
[15May2026 19:13:53.785] [Render thread/INFO] [mixin/]:       BeforeConstant found LdcInsn [{}] [CHAT] {}
[15May2026 19:13:53.785] [Render thread/INFO] [mixin/]:   BeforeConstant found STRING constant: value = [CHAT] {}, stringValue = null
[15May2026 19:13:53.785] [Render thread/INFO] [mixin/]:     BeforeConstant found a matching constant TYPE at ordinal 5
[15May2026 19:13:53.786] [Render thread/INFO] [mixin/]:       BeforeConstant found LdcInsn [CHAT] {}
[15May2026 19:13:53.833] [Render thread/INFO] [net.minecraft.client.Minecraft/]: Backend library: LWJGL version 3.3.1 build 7
[15May2026 19:13:55.736] [modloading-worker-0/INFO] [mezz.jei.library.load.PluginCaller/]: Sending ConfigManager...
[15May2026 19:13:55.781] [modloading-worker-0/INFO] [mezz.jei.library.load.PluginCaller/]: Sending ConfigManager took 43.90 ms
[15May2026 19:13:56.065] [modloading-worker-0/INFO] [net.minecraftforge.common.ForgeMod/FORGEMOD]: Forge mod loading, version 47.4.10, for MC 1.20.1 with MCP 20230612.114412
[15May2026 19:13:56.065] [modloading-worker-0/INFO] [net.minecraftforge.common.MinecraftForge/FORGE]: MinecraftForge v47.4.10 Initialized
[15May2026 19:13:56.079] [modloading-worker-0/INFO] [xyz.apex.forge.commonality.Mods.CommonalityMod/]: Running Minecraft '1.20.1', & Forge '47.4.10' on Java '17.0.17, Eclipse Adoptium'
[15May2026 19:13:56.080] [modloading-worker-0/INFO] [epicfight/]: Loaded mod compat: GeckolibCompat
[15May2026 19:13:56.084] [modloading-worker-0/WARN] [TrustManager/]: Currently running in a Development Environment, All mods will be forcefully trusted!
[15May2026 19:13:56.085] [modloading-worker-0/INFO] [TrustedSourceList/]: Currently running in Development Environment, Disabling trusted source list!
[15May2026 19:13:56.104] [modloading-worker-0/INFO] [epicfight/]: Loaded mod compat: CuriosCompat
[15May2026 19:13:56.235] [modloading-worker-0/INFO] [epicfight/]: Loaded mod compat: PlayerAnimatorCompat
[15May2026 19:14:05.109] [Render thread/INFO] [Moonlight/]: Initialized block sets in 11ms
[15May2026 19:14:05.520] [Render thread/WARN] [net.minecraft.network.syncher.SynchedEntityData/]: defineId called for: class net.minecraft.world.entity.player.Player from class yesman.epicfight.world.capabilities.entitypatch.player.PlayerPatch
[15May2026 19:14:05.544] [Render thread/WARN] [net.minecraft.network.syncher.SynchedEntityData/]: defineId called for: class net.minecraft.world.entity.boss.wither.WitherBoss from class yesman.epicfight.world.capabilities.entitypatch.boss.WitherPatch
[15May2026 19:14:05.544] [Render thread/WARN] [net.minecraft.network.syncher.SynchedEntityData/]: defineId called for: class net.minecraft.world.entity.boss.wither.WitherBoss from class yesman.epicfight.world.capabilities.entitypatch.boss.WitherPatch
[15May2026 19:14:05.545] [Render thread/WARN] [net.minecraft.network.syncher.SynchedEntityData/]: defineId called for: class net.minecraft.world.entity.boss.wither.WitherBoss from class yesman.epicfight.world.capabilities.entitypatch.boss.WitherPatch
[15May2026 19:14:05.545] [Render thread/WARN] [net.minecraft.network.syncher.SynchedEntityData/]: defineId called for: class net.minecraft.world.entity.boss.wither.WitherBoss from class yesman.epicfight.world.capabilities.entitypatch.boss.WitherPatch
[15May2026 19:14:05.545] [Render thread/WARN] [net.minecraft.network.syncher.SynchedEntityData/]: defineId called for: class net.minecraft.world.entity.boss.wither.WitherBoss from class yesman.epicfight.world.capabilities.entitypatch.boss.WitherPatch
[15May2026 19:14:05.545] [Render thread/WARN] [net.minecraft.network.syncher.SynchedEntityData/]: defineId called for: class net.minecraft.world.entity.boss.wither.WitherBoss from class yesman.epicfight.world.capabilities.entitypatch.boss.WitherPatch
[15May2026 19:14:05.545] [Render thread/WARN] [net.minecraft.network.syncher.SynchedEntityData/]: defineId called for: class net.minecraft.world.entity.boss.wither.WitherBoss from class yesman.epicfight.world.capabilities.entitypatch.boss.WitherPatch
[15May2026 19:14:05.545] [Render thread/WARN] [net.minecraft.network.syncher.SynchedEntityData/]: defineId called for: class net.minecraft.world.entity.boss.wither.WitherBoss from class yesman.epicfight.world.capabilities.entitypatch.boss.WitherPatch
[15May2026 19:14:05.545] [Render thread/WARN] [net.minecraft.network.syncher.SynchedEntityData/]: defineId called for: class net.minecraft.world.entity.boss.wither.WitherBoss from class yesman.epicfight.world.capabilities.entitypatch.boss.WitherPatch
[15May2026 19:14:06.266] [Render thread/INFO] [net.minecraftforge.gametest.ForgeGameTestHooks/]: Enabled Gametest Namespaces: [thuumcraft]
[15May2026 19:14:07.775] [Render thread/INFO] [net.minecraft.server.packs.resources.ReloadableResourceManager/]: Reloading ResourceManager: vanilla, mod_resources, file/Excalibur_V1.20.zip, file/Excalibur_Macaw_0.1_1.20.1.zip, file/Excalibur_Mcw-Doors_1.21.1_v1.2.zip, file/Excalibur_Mcw-Roofs_v1.1.zip, Moonlight Mods Dynamic Assets, file/FarmersDelightExcaliburSupport.zip, file/Excalibur_Chipped_0.zip, file/Excalibur_Handcrafted_0.zip, file/Excalibur_Supplementaries_1.zip, Epic Fight Extra - Texture Pack
[15May2026 19:14:07.826] [Worker-Main-1/INFO] [Moonlight/]: Starting runtime resource generation for pack type CLIENT_RESOURCES with generators from mods [moonlight, supplementaries, moonlight, supplementaries]: [net.mehvahdjukaar.supplementaries.dynamicpack.ClientDynamicResourcesGenerator@468b51da, net.mehvahdjukaar.moonlight.core.MoonlightClient$MLDynamicClientResources@2f5eb8aa]
[15May2026 19:14:07.827] [Worker-Main-1/INFO] [Moonlight/]: Generating runtime assets for pack Moonlight Mods Dynamic Assets (supplementaries)
[15May2026 19:14:07.907] [Worker-Main-1/INFO] [Supplementaries/]: Generated runtime CLIENT_RESOURCES for pack Moonlight Mods Dynamic Assets (supplementaries) in: 79 ms (debug resource dump on) (multithreaded)
[15May2026 19:14:07.907] [Worker-Main-1/INFO] [Moonlight/]: Generating runtime assets for pack Moonlight Mods Dynamic Assets (moonlight)
[15May2026 19:14:07.908] [Worker-Main-1/INFO] [Moonlight/]: Generated runtime CLIENT_RESOURCES for pack Moonlight Mods Dynamic Assets (moonlight) in: 0 ms (debug resource dump on) (multithreaded)
[15May2026 19:14:07.908] [Worker-Main-1/INFO] [Moonlight/]: Finished runtime resources generation for 4 packs in a total of 80 ms
[15May2026 19:14:07.956] [modloading-worker-0/INFO] [epicfight/]: Epic Fight web server connection helper: Initialize
[15May2026 19:14:07.995] [modloading-worker-0/WARN] [epicfight/]: Failed at loading library file
[15May2026 19:14:07.995] [modloading-worker-0/INFO] [epicfight/]: Epic Fight web server connection helper: unsupported
[15May2026 19:14:08.034] [modloading-worker-0/WARN] [net.minecraftforge.common.ForgeConfigSpec/CORE]: Configuration file /Users/bowieconnors/Documents/GitHub/Thuumcraft/Thuumcraft/run/config/thuumcraft-common.toml is not correct. Correcting
[15May2026 19:14:08.044] [modloading-worker-0/WARN] [net.minecraftforge.common.ForgeConfigSpec/CORE]: Incorrect key killCam was corrected from null to its default, SimpleCommentedConfig:{}. 
[15May2026 19:14:08.044] [modloading-worker-0/WARN] [net.minecraftforge.common.ForgeConfigSpec/CORE]: Incorrect key killCam.enableKillCam was corrected from null to its default, true. 
[15May2026 19:14:08.044] [modloading-worker-0/WARN] [net.minecraftforge.common.ForgeConfigSpec/CORE]: Incorrect key killCam.chance was corrected from null to its default, 0.35. 
[15May2026 19:14:08.045] [modloading-worker-0/WARN] [net.minecraftforge.common.ForgeConfigSpec/CORE]: Incorrect key killCam.durationTicks was corrected from null to its default, 48. 
[15May2026 19:14:08.045] [modloading-worker-0/WARN] [net.minecraftforge.common.ForgeConfigSpec/CORE]: Incorrect key killCam.cooldownTicks was corrected from null to its default, 100. 
[15May2026 19:14:08.045] [modloading-worker-0/WARN] [net.minecraftforge.common.ForgeConfigSpec/CORE]: Incorrect key killCam.requireLastThreat was corrected from null to its default, true. 
[15May2026 19:14:08.045] [modloading-worker-0/WARN] [net.minecraftforge.common.ForgeConfigSpec/CORE]: Incorrect key killCam.hostileOnly was corrected from null to its default, true. 
[15May2026 19:14:08.045] [modloading-worker-0/WARN] [net.minecraftforge.common.ForgeConfigSpec/CORE]: Incorrect key killCam.threatRadius was corrected from null to its default, 24.0. 
[15May2026 19:14:08.045] [modloading-worker-0/WARN] [net.minecraftforge.common.ForgeConfigSpec/CORE]: Incorrect key killCam.maxDistance was corrected from null to its default, 64.0. 
[15May2026 19:14:08.047] [modloading-worker-0/WARN] [net.minecraftforge.common.ForgeConfigSpec/CORE]: Incorrect key killCam.fov was corrected from null to its default, 54.0. 
[15May2026 19:14:08.047] [modloading-worker-0/WARN] [net.minecraftforge.common.ForgeConfigSpec/CORE]: Incorrect key killCam.hideHud was corrected from null to its default, true. 
[15May2026 19:14:08.276] [Worker-Main-7/INFO] [net.minecraft.client.gui.font.providers.UnihexProvider/]: Found unifont_all_no_pua-15.0.06.hex, loading
[15May2026 19:14:08.509] [Worker-Main-3/WARN] [net.minecraft.client.sounds.SoundManager/]: File irons_spellbooks:sounds/dead_king/music/drums.ogg does not exist, cannot add it to event irons_spellbooks:entity.dead_king.music.drum_loop
[15May2026 19:14:08.516] [Worker-Main-3/WARN] [net.minecraft.client.sounds.SoundManager/]: File irons_spellbooks:sounds/dead_king/music/finale.ogg does not exist, cannot add it to event irons_spellbooks:entity.dead_king.music.finale
[15May2026 19:14:08.523] [Worker-Main-3/WARN] [net.minecraft.client.sounds.SoundManager/]: File supplementaries:sounds/item/awning_bounce_1.ogg does not exist, cannot add it to event supplementaries:block.awning.bounce
[15May2026 19:14:08.523] [Worker-Main-3/WARN] [net.minecraft.client.sounds.SoundManager/]: File supplementaries:sounds/item/awning_bounce_2.ogg does not exist, cannot add it to event supplementaries:block.awning.bounce
[15May2026 19:14:08.523] [Worker-Main-3/WARN] [net.minecraft.client.sounds.SoundManager/]: File supplementaries:sounds/item/awning_bounce_3.ogg does not exist, cannot add it to event supplementaries:block.awning.bounce
[15May2026 19:14:09.100] [Thread-5/INFO] [epicfight/]: Epic Fight web server connection helper: Initialize
[15May2026 19:14:09.114] [Thread-5/WARN] [epicfight/]: Failed at loading library file
[15May2026 19:14:09.114] [Thread-5/INFO] [epicfight/]: Epic Fight web server connection helper: unsupported
[15May2026 19:14:09.576] [Forge Version Check/INFO] [net.minecraftforge.fml.VersionChecker/]: [moonlight] Starting version check at https://api.modrinth.com/updates/moonlight/forge_updates.json
[15May2026 19:14:10.044] [Worker-Main-4/WARN] [net.minecraft.client.renderer.texture.SpriteContents/]: Unused frames in sprite irons_spellbooks:item/upgrade_orb_ender: [1, 5, 6, 7]
[15May2026 19:14:10.056] [Worker-Main-4/WARN] [net.minecraft.client.renderer.texture.SpriteContents/]: Unused frames in sprite irons_spellbooks:item/energized_core_energy: [11]
[15May2026 19:14:10.317] [Forge Version Check/INFO] [net.minecraftforge.fml.VersionChecker/]: [moonlight] Found status: OUTDATED Current: 1.20-2.16.26 Target: 1.20-2.16.32-forge
[15May2026 19:14:10.318] [Forge Version Check/INFO] [net.minecraftforge.fml.VersionChecker/]: [configured] Starting version check at https://mrcrayfish.com/modupdatejson?id=configured
[15May2026 19:14:10.511] [Forge Version Check/WARN] [net.minecraftforge.fml.VersionChecker/]: Failed to process update information
com.google.gson.JsonSyntaxException: java.lang.IllegalStateException: Expected BEGIN_OBJECT but was STRING at line 1 column 1 path $
	at com.google.gson.Gson.fromJson(Gson.java:1226) ~[gson-2.10.jar%23123!/:?]
	at com.google.gson.Gson.fromJson(Gson.java:1124) ~[gson-2.10.jar%23123!/:?]
	at com.google.gson.Gson.fromJson(Gson.java:1034) ~[gson-2.10.jar%23123!/:?]
	at com.google.gson.Gson.fromJson(Gson.java:969) ~[gson-2.10.jar%23123!/:?]
	at net.minecraftforge.fml.VersionChecker$1.process(VersionChecker.java:186) ~[fmlcore-1.20.1-47.4.10.jar%23188!/:?]
	at java.lang.Iterable.forEach(Iterable.java:75) ~[?:?]
	at net.minecraftforge.fml.VersionChecker$1.run(VersionChecker.java:117) ~[fmlcore-1.20.1-47.4.10.jar%23188!/:?]
Caused by: java.lang.IllegalStateException: Expected BEGIN_OBJECT but was STRING at line 1 column 1 path $
	at com.google.gson.stream.JsonReader.beginObject(JsonReader.java:393) ~[gson-2.10.jar%23123!/:?]
	at com.google.gson.internal.bind.MapTypeAdapterFactory$Adapter.read(MapTypeAdapterFactory.java:182) ~[gson-2.10.jar%23123!/:?]
	at com.google.gson.internal.bind.MapTypeAdapterFactory$Adapter.read(MapTypeAdapterFactory.java:144) ~[gson-2.10.jar%23123!/:?]
	at com.google.gson.Gson.fromJson(Gson.java:1214) ~[gson-2.10.jar%23123!/:?]
	... 6 more
[15May2026 19:14:10.512] [Forge Version Check/INFO] [net.minecraftforge.fml.VersionChecker/]: [mcwroofs] Starting version check at https://raw.githubusercontent.com/sketchmacaw/macawsmods/master/roofs.json
[15May2026 19:14:10.585] [Forge Version Check/INFO] [net.minecraftforge.fml.VersionChecker/]: [mcwroofs] Found status: UP_TO_DATE Current: 2.3.2 Target: null
[15May2026 19:14:10.585] [Forge Version Check/INFO] [net.minecraftforge.fml.VersionChecker/]: [mcwdoors] Starting version check at https://raw.githubusercontent.com/sketchmacaw/macawsmods/master/doors.json
[15May2026 19:14:10.602] [Forge Version Check/INFO] [net.minecraftforge.fml.VersionChecker/]: [mcwdoors] Found status: UP_TO_DATE Current: 1.1.2 Target: null
[15May2026 19:14:10.602] [Forge Version Check/INFO] [net.minecraftforge.fml.VersionChecker/]: [forge] Starting version check at https://files.minecraftforge.net/net/minecraftforge/forge/promotions_slim.json
[15May2026 19:14:11.066] [Forge Version Check/INFO] [net.minecraftforge.fml.VersionChecker/]: [forge] Found status: UP_TO_DATE Current: 47.4.10 Target: null
[15May2026 19:14:11.066] [Forge Version Check/INFO] [net.minecraftforge.fml.VersionChecker/]: [commonality] Starting version check at https://api.modrinth.com/updates/apexcore/forge_updates.json
[15May2026 19:14:11.223] [Render thread/INFO] [Moonlight/]: Initialized color sets in 38ms
[15May2026 19:14:11.271] [Render thread/INFO] [com.asanginxst.epicfightx.EpicFightExtraMod/]: EFX: Replacing Epic Fight Weapon Types...
[15May2026 19:14:11.302] [Render thread/INFO] [Supplementaries/]: Finished mod setup in: [0, 1, 0, 0, 0, 0, 9, 1] ms
[15May2026 19:14:11.315] [Placebo Patreon Trail Loader/INFO] [placebo/]: Loading patreon trails data...
[15May2026 19:14:11.318] [Placebo Patreon Wing Loader/INFO] [placebo/]: Loading patreon wing data...
[15May2026 19:14:11.319] [Forge Version Check/INFO] [net.minecraftforge.fml.VersionChecker/]: [commonality] Found status: OUTDATED Current: 7.0.0 Target: 10.0.0
[15May2026 19:14:11.319] [Forge Version Check/INFO] [net.minecraftforge.fml.VersionChecker/]: [apexcore] Starting version check at https://api.modrinth.com/updates/apexcore/forge_updates.json
[15May2026 19:14:11.426] [Placebo Patreon Trail Loader/INFO] [placebo/]: Loaded 48 patreon trails.
[15May2026 19:14:11.427] [Placebo Patreon Wing Loader/INFO] [placebo/]: Loaded 42 patreon wings.
[15May2026 19:14:11.471] [Render thread/WARN] [epicfight/]: [Computer Shader Acceleration] OpenGL Version: 4.1 Metal - 90.5
[15May2026 19:14:11.471] [Render thread/WARN] [epicfight/]: [Computer Shader Acceleration] Compute Shader: Unsupported
[15May2026 19:14:11.573] [Forge Version Check/INFO] [net.minecraftforge.fml.VersionChecker/]: [apexcore] Found status: UP_TO_DATE Current: 10.0.0 Target: null
[15May2026 19:14:11.573] [Forge Version Check/INFO] [net.minecraftforge.fml.VersionChecker/]: [fantasyfurniture] Starting version check at https://api.modrinth.com/updates/fantasy-furniture/forge_updates.json
[15May2026 19:14:11.749] [Worker-Main-3/WARN] [net.minecraft.client.resources.model.ModelBakery/]: Unable to load model: 'farmersdelight:block/crop_cross' referenced from: farmersdelight:budding_tomatoes#age=0: java.io.FileNotFoundException: farmersdelight:models/block/crop_cross.json
[15May2026 19:14:11.834] [Forge Version Check/INFO] [net.minecraftforge.fml.VersionChecker/]: [fantasyfurniture] Found status: UP_TO_DATE Current: 9.0.0 Target: null
[15May2026 19:14:11.834] [Forge Version Check/INFO] [net.minecraftforge.fml.VersionChecker/]: [supplementaries] Starting version check at https://api.modrinth.com/updates/supplementaries/forge_updates.json
[15May2026 19:14:12.149] [Forge Version Check/INFO] [net.minecraftforge.fml.VersionChecker/]: [supplementaries] Found status: OUTDATED Current: 1.20-3.1.43 Target: 1.20-3.1.43-forge
[15May2026 19:14:12.151] [Forge Version Check/INFO] [net.minecraftforge.fml.VersionChecker/]: [mcwpaths] Starting version check at https://raw.githubusercontent.com/sketchmacaw/macawsmods/master/paths.json
[15May2026 19:14:12.172] [Forge Version Check/INFO] [net.minecraftforge.fml.VersionChecker/]: [mcwpaths] Found status: UP_TO_DATE Current: 1.1.1 Target: null
[15May2026 19:14:17.745] [Worker-Main-3/WARN] [net.minecraft.client.resources.model.ModelBakery/]: Unable to load model: 'mcwroofs:block/parent/top_pyramid_rotate' referenced from: mcwroofs:red_sandstone_top_roof#part=pyramid: java.io.FileNotFoundException: mcwroofs:models/block/parent/top_pyramid_rotate.json
[15May2026 19:14:17.746] [Worker-Main-3/WARN] [net.minecraft.client.resources.model.ModelBakery/]: Unable to load model: 'mcwroofs:block/parent/four_way_roof_rotate' referenced from: mcwroofs:red_sandstone_top_roof#part=pyramid: java.io.FileNotFoundException: mcwroofs:models/block/parent/four_way_roof_rotate.json
[15May2026 19:14:18.428] [Worker-Main-3/WARN] [net.minecraft.client.resources.model.ModelBakery/]: Unable to load model: 'irons_spellbooks:item/truthseeker_gui' referenced from: irons_spellbooks:item/truthseeker_gui: java.io.FileNotFoundException: irons_spellbooks:models/item/truthseeker_gui.json
[15May2026 19:14:18.429] [Worker-Main-3/WARN] [net.minecraft.client.resources.model.ModelBakery/]: Unable to load model: 'irons_spellbooks:item/magehunter_gui' referenced from: irons_spellbooks:item/magehunter_gui: java.io.FileNotFoundException: irons_spellbooks:models/item/magehunter_gui.json
[15May2026 19:14:18.429] [Worker-Main-3/WARN] [net.minecraft.client.resources.model.ModelBakery/]: Unable to load model: 'thuumcraft:item/affinity_ring_conjuration' referenced from: thuumcraft:item/affinity_ring_conjuration: java.io.FileNotFoundException: thuumcraft:models/item/affinity_ring_conjuration.json
[15May2026 19:14:18.429] [Worker-Main-3/WARN] [net.minecraft.client.resources.model.ModelBakery/]: Unable to load model: 'supplementaries:block/hanging_flower_pot_rope' referenced from: supplementaries:block/hanging_flower_pot_rope: java.io.FileNotFoundException: supplementaries:models/block/hanging_flower_pot_rope.json
[15May2026 19:14:18.429] [Worker-Main-3/WARN] [net.minecraft.client.resources.model.ModelBakery/]: Unable to load model: 'thuumcraft:item/scroll_destruction' referenced from: thuumcraft:item/scroll_destruction: java.io.FileNotFoundException: thuumcraft:models/item/scroll_destruction.json
[15May2026 19:14:18.429] [Worker-Main-3/WARN] [net.minecraft.client.resources.model.ModelBakery/]: Unable to load model: 'irons_spellbooks:item/truthseeker_normal' referenced from: irons_spellbooks:item/truthseeker_normal: java.io.FileNotFoundException: irons_spellbooks:models/item/truthseeker_normal.json
[15May2026 19:14:18.429] [Worker-Main-3/WARN] [net.minecraft.client.resources.model.ModelBakery/]: Unable to load model: 'irons_spellbooks:item/magehunter_normal' referenced from: irons_spellbooks:item/magehunter_normal: java.io.FileNotFoundException: irons_spellbooks:models/item/magehunter_normal.json
[15May2026 19:14:18.429] [Worker-Main-3/WARN] [net.minecraft.client.resources.model.ModelBakery/]: Unable to load model: 'thuumcraft:item/affinity_ring_alteration' referenced from: thuumcraft:item/affinity_ring_alteration: java.io.FileNotFoundException: thuumcraft:models/item/affinity_ring_alteration.json
[15May2026 19:14:18.430] [Worker-Main-3/WARN] [net.minecraft.client.resources.model.ModelBakery/]: Unable to load model: 'thuumcraft:item/affinity_ring_restoration' referenced from: thuumcraft:item/affinity_ring_restoration: java.io.FileNotFoundException: thuumcraft:models/item/affinity_ring_restoration.json
[15May2026 19:14:18.430] [Worker-Main-3/WARN] [net.minecraft.client.resources.model.ModelBakery/]: Unable to load model: 'irons_spellbooks:item/keeper_flamberge_gui' referenced from: irons_spellbooks:item/keeper_flamberge_gui: java.io.FileNotFoundException: irons_spellbooks:models/item/keeper_flamberge_gui.json
[15May2026 19:14:18.430] [Worker-Main-3/WARN] [net.minecraft.client.resources.model.ModelBakery/]: Unable to load model: 'thuumcraft:item/scroll_illusion' referenced from: thuumcraft:item/scroll_illusion: java.io.FileNotFoundException: thuumcraft:models/item/scroll_illusion.json
[15May2026 19:14:18.430] [Worker-Main-3/WARN] [net.minecraft.client.resources.model.ModelBakery/]: Unable to load model: 'thuumcraft:item/scroll_restoration' referenced from: thuumcraft:item/scroll_restoration: java.io.FileNotFoundException: thuumcraft:models/item/scroll_restoration.json
[15May2026 19:14:18.430] [Worker-Main-3/WARN] [net.minecraft.client.resources.model.ModelBakery/]: Unable to load model: 'thuumcraft:item/affinity_ring_illusion' referenced from: thuumcraft:item/affinity_ring_illusion: java.io.FileNotFoundException: thuumcraft:models/item/affinity_ring_illusion.json
[15May2026 19:14:18.430] [Worker-Main-3/WARN] [net.minecraft.client.resources.model.ModelBakery/]: Unable to load model: 'thuumcraft:item/scroll_conjuration' referenced from: thuumcraft:item/scroll_conjuration: java.io.FileNotFoundException: thuumcraft:models/item/scroll_conjuration.json
[15May2026 19:14:18.430] [Worker-Main-3/WARN] [net.minecraft.client.resources.model.ModelBakery/]: Unable to load model: 'irons_spellbooks:item/keeper_flamberge_normal' referenced from: irons_spellbooks:item/keeper_flamberge_normal: java.io.FileNotFoundException: irons_spellbooks:models/item/keeper_flamberge_normal.json
[15May2026 19:14:18.430] [Worker-Main-3/WARN] [net.minecraft.client.resources.model.ModelBakery/]: Unable to load model: 'thuumcraft:item/affinity_ring_destruction' referenced from: thuumcraft:item/affinity_ring_destruction: java.io.FileNotFoundException: thuumcraft:models/item/affinity_ring_destruction.json
[15May2026 19:14:18.431] [Worker-Main-3/WARN] [net.minecraft.client.resources.model.ModelBakery/]: Unable to load model: 'thuumcraft:item/scroll_alteration' referenced from: thuumcraft:item/scroll_alteration: java.io.FileNotFoundException: thuumcraft:models/item/scroll_alteration.json
[15May2026 19:14:22.725] [Worker-Main-3/WARN] [net.minecraft.client.resources.model.ModelManager/]: Missing textures in model supplementaries:confetti_popper#inventory:
    minecraft:textures/atlas/blocks.png:supplementaries:party_hat/party_hat
[15May2026 19:14:23.373] [Worker-Main-5/INFO] [io.redspace.ironsspellbooks.IronsSpellbooks/]: Got IMC []
[15May2026 19:14:23.433] [Worker-Main-7/INFO] [Jade/]: Start loading plugin at snownee.jade.addon.vanilla.VanillaPlugin
[15May2026 19:14:23.465] [Worker-Main-7/INFO] [Jade/]: Start loading plugin at snownee.jade.addon.universal.UniversalPlugin
[15May2026 19:14:23.468] [Worker-Main-7/INFO] [Jade/]: Start loading plugin at snownee.jade.addon.core.CorePlugin
[15May2026 19:14:23.472] [Worker-Main-7/INFO] [Jade/]: Start loading plugin at xfacthd.framedblocks.common.compat.jade.FramedJadePlugin
[15May2026 19:14:23.473] [Worker-Main-7/INFO] [Jade/]: Start loading plugin at net.mehvahdjukaar.supplementaries.integration.JadeCompat
[15May2026 19:14:23.474] [Worker-Main-7/INFO] [Jade/]: Dev environment detected, loading test plugin
[15May2026 19:14:23.494] [Render thread/INFO] [Configured/]: Successfully loaded config provider: com.mrcrayfish.configured.impl.forge.ForgeConfigProvider
[15May2026 19:14:23.494] [Render thread/INFO] [Configured/]: Successfully loaded config provider: com.mrcrayfish.configured.impl.framework.FrameworkConfigProvider
[15May2026 19:14:23.495] [Render thread/INFO] [Configured/]: Successfully loaded config provider: com.mrcrayfish.configured.impl.jei.JeiConfigProvider
[15May2026 19:14:23.495] [Render thread/INFO] [Configured/]: Creating config GUI factories...
[15May2026 19:14:23.499] [Render thread/INFO] [Configured/]: Registering config factory for mod farmersdelight. Found 2 config(s)
[15May2026 19:14:23.499] [Render thread/INFO] [Configured/]: Registering config factory for mod moonlight. Found 2 config(s)
[15May2026 19:14:23.499] [Render thread/INFO] [Configured/]: Registering config factory for mod invincible. Found 1 config(s)
[15May2026 19:14:23.500] [Render thread/INFO] [Configured/]: Registering config factory for mod jei. Found 5 config(s)
[15May2026 19:14:23.500] [Render thread/INFO] [Configured/]: Registering config factory for mod curios. Found 3 config(s)
[15May2026 19:14:23.506] [Render thread/INFO] [Configured/]: Registering config factory for mod irons_spellbooks. Found 2 config(s)
[15May2026 19:14:23.506] [Render thread/INFO] [Configured/]: Registering config factory for mod framedblocks. Found 3 config(s)
[15May2026 19:14:23.507] [Render thread/INFO] [Configured/]: Registering config factory for mod forge. Found 2 config(s)
[15May2026 19:14:23.507] [Render thread/INFO] [Configured/]: Registering config factory for mod thuumcraft. Found 1 config(s)
[15May2026 19:14:23.507] [Render thread/INFO] [Configured/]: Registering config factory for mod epicfightx. Found 1 config(s)
[15May2026 19:14:30.419] [modloading-worker-0/INFO] [epicfight/]: Data keys [invincible:right, invincible:dodge_success_timer, invincible:cooldown, invincible:left, invincible:down, invincible:up, invincible:parry_timer] for invincible:combo_demo
[15May2026 19:14:30.421] [modloading-worker-0/INFO] [epicfight/]: Data keys [epicfight:basic_attack_active, epicfight:combo_counter] for epicfight:basic_attack
[15May2026 19:14:30.421] [modloading-worker-0/INFO] [epicfight/]: Data keys [epicfight:penalty, epicfight:penalty_restore_counter] for epicfight:guard
[15May2026 19:14:30.421] [modloading-worker-0/INFO] [epicfight/]: Data keys [epicfight:penalty, epicfight:last_active, epicfight:penalty_restore_counter, epicfight:parry_motion_counter] for epicfight:parrying
[15May2026 19:14:30.421] [modloading-worker-0/INFO] [epicfight/]: Data keys [epicfight:penalty, epicfight:penalty_restore_counter] for epicfight:impact_guard
[15May2026 19:14:30.421] [modloading-worker-0/INFO] [epicfight/]: Data keys [epicfight:stacks, epicfight:resisting_damage_type, epicfight:tick_record] for epicfight:adaptive_skin
[15May2026 19:14:30.421] [modloading-worker-0/INFO] [epicfight/]: Data keys [epicfight:tick_record] for epicfight:adrenaline_fiend
[15May2026 19:14:30.421] [modloading-worker-0/INFO] [epicfight/]: Data keys [epicfight:stacks, epicfight:entity_id] for epicfight:bonebreaker
[15May2026 19:14:30.421] [modloading-worker-0/INFO] [epicfight/]: Data keys [epicfight:entity_id, epicfight:tick_record] for epicfight:vengeance
[15May2026 19:14:30.421] [modloading-worker-0/INFO] [epicfight/]: Data keys [epicfight:slam_protect_next_fall, epicfight:fall_distance] for epicfight:meteor_slam
[15May2026 19:14:30.421] [modloading-worker-0/INFO] [epicfight/]: Data keys [epicfight:stacks] for epicfight:revelation
[15May2026 19:14:30.421] [modloading-worker-0/INFO] [epicfight/]: Data keys [epicfight:slam_protect_next_fall] for epicfight:demolition_leap
[15May2026 19:14:30.421] [modloading-worker-0/INFO] [epicfight/]: Data keys [epicfight:slam_protect_next_fall, epicfight:jump_count, epicfight:jump_key_pressed_last_tick] for epicfight:phantom_ascent
[15May2026 19:14:30.422] [modloading-worker-0/INFO] [epicfight/]: Data keys [epicfight:last_hit_count] for epicfight:grasping_spire
[15May2026 19:14:30.422] [modloading-worker-0/INFO] [epicfight/]: Data keys [epicfight:sheath] for epicfight:battojutsu_passive
[15May2026 19:14:30.422] [modloading-worker-0/INFO] [epicfight/]: Data keys [epicfight:sheath] for epicfight:battojutsu
[15May2026 19:14:30.422] [modloading-worker-0/INFO] [epicfight/]: Data keys [epicfight:combo_counter] for epicfight:blade_rush
[15May2026 19:14:30.422] [modloading-worker-0/INFO] [epicfight/]: Data keys [epicfight:thrown_trident_entity_id] for epicfight:everlasting_allegiance
[15May2026 19:14:30.422] [modloading-worker-0/INFO] [epicfight/]: Data keys [epicfightx:dodge_attacking] for epicfightx:roll
[15May2026 19:14:30.422] [modloading-worker-0/INFO] [epicfight/]: Data keys [epicfightx:dodge_attacking] for epicfightx:step
[15May2026 19:14:30.422] [modloading-worker-0/INFO] [epicfight/]: Data keys [epicfightx:counter_available, epicfightx:is_special_animation, epicfightx:dodge_start_time] for epicfightx:combat_mastery_i
[15May2026 19:14:30.422] [modloading-worker-0/INFO] [epicfight/]: Data keys [epicfightx:sprint_available, epicfightx:sprint_active, epicfightx:dodge_start_time] for epicfightx:combat_mastery_ii
[15May2026 19:14:30.422] [modloading-worker-0/INFO] [epicfight/]: Data keys [epicfightx:cooldown] for epicfightx:pickaxe_skill
[15May2026 19:14:30.422] [modloading-worker-0/INFO] [epicfight/]: Data keys [epicfightx:great_tachi_marked_entities] for epicfightx:otachi_skill
[15May2026 19:14:30.422] [modloading-worker-0/INFO] [epicfight/]: Data keys [epicfightx:sheath_form, epicfightx:attack_count_snapshot, epicfightx:attack_count] for epicfightx:katana_skill
[15May2026 19:14:30.422] [modloading-worker-0/INFO] [epicfight/]: Data keys [epicfightx:sheath, epicfightx:sheath_killed] for epicfightx:battojutsu_passive
[15May2026 19:14:30.422] [modloading-worker-0/INFO] [epicfight/]: Data keys [epicfightx:sheath] for epicfightx:battojutsu
[15May2026 19:14:30.512] [Render thread/WARN] [net.minecraft.client.sounds.SoundEngine/]: Missing sound for event: minecraft:item.goat_horn.play
[15May2026 19:14:30.512] [Render thread/WARN] [net.minecraft.client.sounds.SoundEngine/]: Missing sound for event: minecraft:entity.goat.screaming.horn_break
[15May2026 19:14:30.553] [Render thread/INFO] [com.mojang.blaze3d.audio.Library/]: OpenAL initialized on device CoreAudio Default
[15May2026 19:14:30.558] [Render thread/INFO] [net.minecraft.client.sounds.SoundEngine/SOUNDS]: Sound engine started
[15May2026 19:14:30.804] [Render thread/INFO] [net.minecraft.client.renderer.texture.TextureAtlas/]: Created: 4096x4096x4 minecraft:textures/atlas/blocks.png-atlas
[15May2026 19:14:30.922] [Render thread/INFO] [net.minecraft.client.renderer.texture.TextureAtlas/]: Created: 512x256x4 minecraft:textures/atlas/signs.png-atlas
[15May2026 19:14:30.923] [Render thread/INFO] [net.minecraft.client.renderer.texture.TextureAtlas/]: Created: 512x512x4 minecraft:textures/atlas/banner_patterns.png-atlas
[15May2026 19:14:30.925] [Render thread/INFO] [net.minecraft.client.renderer.texture.TextureAtlas/]: Created: 512x512x4 minecraft:textures/atlas/shield_patterns.png-atlas
[15May2026 19:14:30.926] [Render thread/INFO] [net.minecraft.client.renderer.texture.TextureAtlas/]: Created: 1024x1024x4 minecraft:textures/atlas/armor_trims.png-atlas
[15May2026 19:14:30.934] [Render thread/INFO] [net.minecraft.client.renderer.texture.TextureAtlas/]: Created: 256x256x4 minecraft:textures/atlas/chest.png-atlas
[15May2026 19:14:30.935] [Render thread/INFO] [net.minecraft.client.renderer.texture.TextureAtlas/]: Created: 128x64x4 minecraft:textures/atlas/decorated_pot.png-atlas
[15May2026 19:14:30.935] [Render thread/INFO] [net.minecraft.client.renderer.texture.TextureAtlas/]: Created: 512x256x4 minecraft:textures/atlas/beds.png-atlas
[15May2026 19:14:30.936] [Render thread/INFO] [net.minecraft.client.renderer.texture.TextureAtlas/]: Created: 512x256x4 minecraft:textures/atlas/shulker_boxes.png-atlas
[15May2026 19:14:31.094] [Render thread/ERROR] [epicfight/]: Can't load layer file minecraft:animated_layers/player/waveycapes.json for entity.minecraft.player: dev.tr7zw.waveycapes.renderlayers.CustomCapeRenderLayer (This is develop-only message and neglectable if the resource is not belong to you)
[15May2026 19:14:31.104] [Render thread/ERROR] [epicfight/]: Can't load layer file minecraft:animated_layers/player/waveycapes.json for entity.minecraft.player: dev.tr7zw.waveycapes.renderlayers.CustomCapeRenderLayer (This is develop-only message and neglectable if the resource is not belong to you)
[15May2026 19:14:31.189] [Render thread/ERROR] [epicfight/]: Can't load layer file minecraft:animated_layers/player/waveycapes.json for entity.minecraft.player: dev.tr7zw.waveycapes.renderlayers.CustomCapeRenderLayer (This is develop-only message and neglectable if the resource is not belong to you)
[15May2026 19:14:31.414] [Render thread/WARN] [net.minecraft.client.renderer.ShaderInstance/]: Shader rendertype_entity_translucent_emissive could not find sampler named Sampler2 in the specified shader program.
[15May2026 19:14:31.544] [Render thread/WARN] [com.mojang.blaze3d.shaders.ProgramManager/]: Error encountered when linking program containing VS supplementaries:spherify and FS supplementaries:spherify. Log output:
[15May2026 19:14:31.545] [Render thread/WARN] [com.mojang.blaze3d.shaders.ProgramManager/]: WARNING: Could not find vertex shader attribute 'Padding' to match BindAttributeLocation request.
WARNING: Output of vertex shader 'normal' not read by fragment shader
WARNING: Output of vertex shader 'vertexColor' not read by fragment shader
WARNING: Output of vertex shader 'overlayColor' not read by fragment shader
ERROR: Input of fragment shader 'frag_IViewRotMat' not written by vertex shader

[15May2026 19:14:31.546] [Render thread/WARN] [net.minecraft.client.renderer.ShaderInstance/]: Shader supplementaries:spherify could not find sampler named Sampler0 in the specified shader program.
[15May2026 19:14:31.546] [Render thread/WARN] [net.minecraft.client.renderer.ShaderInstance/]: Shader supplementaries:spherify could not find sampler named Sampler1 in the specified shader program.
[15May2026 19:14:31.546] [Render thread/WARN] [net.minecraft.client.renderer.ShaderInstance/]: Shader supplementaries:spherify could not find sampler named Sampler2 in the specified shader program.
[15May2026 19:14:31.546] [Render thread/WARN] [net.minecraft.client.renderer.ShaderInstance/]: Shader supplementaries:spherify could not find uniform named ModelViewMat in the specified shader program.
[15May2026 19:14:31.546] [Render thread/WARN] [net.minecraft.client.renderer.ShaderInstance/]: Shader supplementaries:spherify could not find uniform named ProjMat in the specified shader program.
[15May2026 19:14:31.546] [Render thread/WARN] [net.minecraft.client.renderer.ShaderInstance/]: Shader supplementaries:spherify could not find uniform named IViewRotMat in the specified shader program.
[15May2026 19:14:31.546] [Render thread/WARN] [net.minecraft.client.renderer.ShaderInstance/]: Shader supplementaries:spherify could not find uniform named ColorModulator in the specified shader program.
[15May2026 19:14:31.546] [Render thread/WARN] [net.minecraft.client.renderer.ShaderInstance/]: Shader supplementaries:spherify could not find uniform named Light0_Direction in the specified shader program.
[15May2026 19:14:31.546] [Render thread/WARN] [net.minecraft.client.renderer.ShaderInstance/]: Shader supplementaries:spherify could not find uniform named Light1_Direction in the specified shader program.
[15May2026 19:14:31.546] [Render thread/WARN] [net.minecraft.client.renderer.ShaderInstance/]: Shader supplementaries:spherify could not find uniform named FogStart in the specified shader program.
[15May2026 19:14:31.546] [Render thread/WARN] [net.minecraft.client.renderer.ShaderInstance/]: Shader supplementaries:spherify could not find uniform named FogEnd in the specified shader program.
[15May2026 19:14:31.546] [Render thread/WARN] [net.minecraft.client.renderer.ShaderInstance/]: Shader supplementaries:spherify could not find uniform named FogColor in the specified shader program.
[15May2026 19:14:31.546] [Render thread/WARN] [net.minecraft.client.renderer.ShaderInstance/]: Shader supplementaries:spherify could not find uniform named FogShape in the specified shader program.
[15May2026 19:14:31.546] [Render thread/WARN] [net.minecraft.client.renderer.ShaderInstance/]: Shader supplementaries:spherify could not find uniform named NoiseSpeed in the specified shader program.
[15May2026 19:14:31.546] [Render thread/WARN] [net.minecraft.client.renderer.ShaderInstance/]: Shader supplementaries:spherify could not find uniform named NoiseScale in the specified shader program.
[15May2026 19:14:31.546] [Render thread/WARN] [net.minecraft.client.renderer.ShaderInstance/]: Shader supplementaries:spherify could not find uniform named Intensity in the specified shader program.
[15May2026 19:14:31.546] [Render thread/WARN] [net.minecraft.client.renderer.ShaderInstance/]: Shader supplementaries:spherify could not find uniform named CameraPos in the specified shader program.
[15May2026 19:14:31.566] [Render thread/INFO] [net.minecraft.client.renderer.texture.TextureAtlas/]: Created: 4096x4096x0 minecraft:textures/atlas/particles.png-atlas
[15May2026 19:14:31.587] [Render thread/INFO] [net.minecraft.client.renderer.texture.TextureAtlas/]: Created: 512x512x0 minecraft:textures/atlas/paintings.png-atlas
[15May2026 19:14:31.587] [Render thread/INFO] [net.minecraft.client.renderer.texture.TextureAtlas/]: Created: 512x256x0 minecraft:textures/atlas/mob_effects.png-atlas
[15May2026 19:14:31.589] [Render thread/INFO] [net.minecraft.client.renderer.texture.TextureAtlas/]: Created: 256x256x0 moonlight:textures/atlas/map_markers.png-atlas
[15May2026 19:14:31.645] [Render thread/INFO] [net.minecraft.client.renderer.texture.TextureAtlas/]: Created: 256x256x0 jei:textures/atlas/gui.png-atlas
[15May2026 19:14:33.784] [Render thread/ERROR] [epicfight/]: Datapack animation reading failed: No constructor information has provided: epicfightx:biped/combat/idle
[15May2026 19:14:33.785] [Render thread/ERROR] [epicfight/]: Datapack animation reading failed: No constructor information has provided: epicfightx:biped/combat/spear_dash
[15May2026 19:14:33.786] [Render thread/ERROR] [epicfight/]: Datapack animation reading failed: No constructor information has provided: epicfightx:biped/combat/sprint_stop
[15May2026 19:14:33.787] [Render thread/ERROR] [epicfight/]: Datapack animation reading failed: No constructor information has provided: epicfightx:biped/combat/tool_airslash
[15May2026 19:14:33.787] [Render thread/ERROR] [epicfight/]: Datapack animation reading failed: No constructor information has provided: epicfightx:biped/combat/tool_auto3
[15May2026 19:14:33.788] [Render thread/ERROR] [epicfight/]: Datapack animation reading failed: No constructor information has provided: epicfightx:biped/living/creative_fly_backward
[15May2026 19:14:33.788] [Render thread/ERROR] [epicfight/]: Datapack animation reading failed: No constructor information has provided: epicfightx:biped/living/creative_fly_forward
[15May2026 19:14:33.789] [Render thread/ERROR] [epicfight/]: Datapack animation reading failed: No constructor information has provided: epicfightx:biped/living/dig_mainhand
[15May2026 19:14:33.789] [Render thread/ERROR] [epicfight/]: Datapack animation reading failed: No constructor information has provided: epicfightx:biped/living/dig_offhand
[15May2026 19:14:33.790] [Render thread/ERROR] [epicfight/]: Datapack animation reading failed: No constructor information has provided: epicfightx:biped/living/run_twohand_tool
[15May2026 19:14:33.791] [Render thread/ERROR] [epicfight/]: Datapack animation reading failed: No constructor information has provided: epicfightx:biped/living/shield_mirror
[15May2026 19:14:33.792] [Render thread/ERROR] [epicfight/]: Datapack animation reading failed: No constructor information has provided: epicfightx:biped/skill/blade_rush_dash_ponder
[15May2026 19:14:33.793] [Render thread/ERROR] [epicfight/]: Datapack animation reading failed: No constructor information has provided: epicfightx:biped/skill/run_crossbow
[15May2026 19:14:33.794] [Render thread/ERROR] [epicfight/]: Datapack animation reading failed: No constructor information has provided: epicfightx:biped/skill/sprint_pre
[15May2026 19:14:33.796] [Render thread/ERROR] [epicfight/]: Datapack animation reading failed: No constructor information has provided: epicfightx:zombie/chase_alt
[15May2026 19:14:33.799] [Render thread/ERROR] [epicfight/]: Datapack animation reading failed: No constructor information has provided: epicfightx:zombie/chase_pre_alt
[15May2026 19:14:33.801] [Render thread/ERROR] [epicfight/]: Datapack animation reading failed: No constructor information has provided: epicfightx:zombie/idle_alt
[15May2026 19:14:35.319] [Realms Notification Availability checker #1/INFO] [com.mojang.realmsclient.client.RealmsClient/]: Could not authorize you against Realms server: java.lang.RuntimeException: Failed to parse into SignedJWT: 0
[15May2026 19:14:43.210] [Render thread/INFO] [net.minecraftforge.registries.GameData/REGISTRIES]: Injecting existing registry data into this CLIENT instance
[15May2026 19:14:48.041] [Render thread/INFO] [epicfight/]: Data keys [epicfight:basic_attack_active, epicfight:combo_counter] for epicfight:basic_attack
[15May2026 19:14:48.041] [Render thread/INFO] [epicfight/]: Data keys [epicfight:penalty, epicfight:penalty_restore_counter] for epicfight:guard
[15May2026 19:14:48.041] [Render thread/INFO] [epicfight/]: Data keys [epicfight:penalty, epicfight:last_active, epicfight:penalty_restore_counter, epicfight:parry_motion_counter] for epicfight:parrying
[15May2026 19:14:48.041] [Render thread/INFO] [epicfight/]: Data keys [epicfight:penalty, epicfight:penalty_restore_counter] for epicfight:impact_guard
[15May2026 19:14:48.041] [Render thread/INFO] [epicfight/]: Data keys [epicfight:stacks, epicfight:resisting_damage_type, epicfight:tick_record] for epicfight:adaptive_skin
[15May2026 19:14:48.041] [Render thread/INFO] [epicfight/]: Data keys [epicfight:tick_record] for epicfight:adrenaline_fiend
[15May2026 19:14:48.042] [Render thread/INFO] [epicfight/]: Data keys [epicfight:stacks, epicfight:entity_id] for epicfight:bonebreaker
[15May2026 19:14:48.042] [Render thread/INFO] [epicfight/]: Data keys [epicfight:entity_id, epicfight:tick_record] for epicfight:vengeance
[15May2026 19:14:48.042] [Render thread/INFO] [epicfight/]: Data keys [epicfight:slam_protect_next_fall, epicfight:fall_distance] for epicfight:meteor_slam
[15May2026 19:14:48.042] [Render thread/INFO] [epicfight/]: Data keys [epicfight:stacks] for epicfight:revelation
[15May2026 19:14:48.042] [Render thread/INFO] [epicfight/]: Data keys [epicfight:slam_protect_next_fall] for epicfight:demolition_leap
[15May2026 19:14:48.042] [Render thread/INFO] [epicfight/]: Data keys [epicfight:slam_protect_next_fall, epicfight:jump_count, epicfight:jump_key_pressed_last_tick] for epicfight:phantom_ascent
[15May2026 19:14:48.042] [Render thread/INFO] [epicfight/]: Data keys [epicfight:last_hit_count] for epicfight:grasping_spire
[15May2026 19:14:48.042] [Render thread/INFO] [epicfight/]: Data keys [epicfight:sheath] for epicfight:battojutsu_passive
[15May2026 19:14:48.042] [Render thread/INFO] [epicfight/]: Data keys [epicfight:sheath] for epicfight:battojutsu
[15May2026 19:14:48.042] [Render thread/INFO] [epicfight/]: Data keys [epicfight:combo_counter] for epicfight:blade_rush
[15May2026 19:14:48.042] [Render thread/INFO] [epicfight/]: Data keys [epicfight:thrown_trident_entity_id] for epicfight:everlasting_allegiance
[15May2026 19:14:48.042] [Render thread/INFO] [epicfight/]: Data keys [invincible:right, invincible:dodge_success_timer, invincible:cooldown, invincible:left, invincible:down, invincible:up, invincible:parry_timer] for invincible:combo_demo
[15May2026 19:14:48.042] [Render thread/INFO] [epicfight/]: Data keys [epicfightx:dodge_attacking] for epicfightx:roll
[15May2026 19:14:48.042] [Render thread/INFO] [epicfight/]: Data keys [epicfightx:dodge_attacking] for epicfightx:step
[15May2026 19:14:48.042] [Render thread/INFO] [epicfight/]: Data keys [epicfightx:counter_available, epicfightx:is_special_animation, epicfightx:dodge_start_time] for epicfightx:combat_mastery_i
[15May2026 19:14:48.042] [Render thread/INFO] [epicfight/]: Data keys [epicfightx:sprint_available, epicfightx:sprint_active, epicfightx:dodge_start_time] for epicfightx:combat_mastery_ii
[15May2026 19:14:48.042] [Render thread/INFO] [epicfight/]: Data keys [epicfightx:cooldown] for epicfightx:pickaxe_skill
[15May2026 19:14:48.042] [Render thread/INFO] [epicfight/]: Data keys [epicfightx:great_tachi_marked_entities] for epicfightx:otachi_skill
[15May2026 19:14:48.042] [Render thread/INFO] [epicfight/]: Data keys [epicfightx:sheath_form, epicfightx:attack_count_snapshot, epicfightx:attack_count] for epicfightx:katana_skill
[15May2026 19:14:48.042] [Render thread/INFO] [epicfight/]: Data keys [epicfightx:sheath, epicfightx:sheath_killed] for epicfightx:battojutsu_passive
[15May2026 19:14:48.042] [Render thread/INFO] [epicfight/]: Data keys [epicfightx:sheath] for epicfightx:battojutsu
[15May2026 19:14:48.124] [Render thread/INFO] [Moonlight/]: Starting runtime resource generation for pack type SERVER_DATA with generators from mods [moonlight, supplementaries, moonlight, supplementaries]: [net.mehvahdjukaar.moonlight.core.Moonlight$MlTestGen@277a451a, net.mehvahdjukaar.supplementaries.dynamicpack.ServerDynamicResourcesGenerator@228a405d]
[15May2026 19:14:48.124] [Render thread/INFO] [Moonlight/]: Generating runtime assets for pack Moonlight Generated Pack (moonlight)
[15May2026 19:14:48.140] [Render thread/INFO] [Moonlight/]: Generated runtime SERVER_DATA for pack Moonlight Generated Pack (moonlight) in: 15 ms (debug resource dump on) (multithreaded)
[15May2026 19:14:48.140] [Render thread/INFO] [Moonlight/]: Generating runtime assets for pack Supplementaries Generated Pack (supplementaries)
[15May2026 19:14:48.259] [Render thread/INFO] [Supplementaries/]: Generated runtime SERVER_DATA for pack Supplementaries Generated Pack (supplementaries) in: 118 ms (debug resource dump on) (multithreaded)
[15May2026 19:14:48.259] [Render thread/INFO] [Moonlight/]: Finished runtime resources generation for 4 packs in a total of 134 ms
[15May2026 19:14:53.549] [Render thread/INFO] [net.minecraft.world.item.crafting.RecipeManager/]: Skipping loading recipe supplementaries:inspirations/blackboard_clear as it's serializer returned null
[15May2026 19:14:53.648] [Render thread/INFO] [net.minecraft.world.item.crafting.RecipeManager/]: Skipping loading recipe supplementaries:inspirations/flag_dye as it's serializer returned null
[15May2026 19:14:53.775] [Render thread/INFO] [net.minecraft.world.item.crafting.RecipeManager/]: Skipping loading recipe supplementaries:inspirations/flag_clear as it's serializer returned null
[15May2026 19:14:53.929] [Render thread/INFO] [net.minecraft.world.item.crafting.RecipeManager/]: Loaded 10 recipes
[15May2026 19:14:54.042] [Render thread/INFO] [net.minecraft.advancements.AdvancementList/]: Loaded 2396 advancements
[15May2026 19:14:54.046] [Render thread/INFO] [placebo/]: Registered 0 additional recipes.
[15May2026 19:14:54.052] [Render thread/INFO] [top.theillusivec4.curios.Curios/]: Loaded 11 curio slots
[15May2026 19:14:54.059] [Render thread/INFO] [top.theillusivec4.curios.Curios/]: Loaded 1 curio entities
[15May2026 19:14:54.066] [Render thread/INFO] [com.asanginxst.epicfightx.EpicFightExtraMod/]: EFX: Replacing Epic Fight Weapon Types...
[15May2026 19:14:54.083] [Render thread/WARN] [epicfight/]: Can't find a particle type epicfight:entity.hit.blunt in invincible:custom_combo_demo
[15May2026 19:14:54.093] [Render thread/WARN] [epicfight/]: Item Capability Exception: No item named epicfight:_diamond_greatsword
[15May2026 19:14:54.166] [Render thread/INFO] [xfacthd.framedblocks.api.shapes.ShapeReloader/]: Reloading 67 caches and 239 reloadable shape providers...
[15May2026 19:14:54.239] [Render thread/INFO] [xfacthd.framedblocks.api.shapes.ShapeReloader/]: 67 caches and 239 reloadable shape providers reloaded, took 72.71 ms
[15May2026 19:14:54.483] [Render thread/INFO] [Supplementaries/]: Loaded 27 flute songs
[15May2026 19:14:54.496] [Render thread/INFO] [placebo/]: Registered 0 gear_sets.
[15May2026 19:14:58.530] [Render thread/INFO] [Moonlight/]: Applied 18 data villager trades
[15May2026 19:14:58.572] [Render thread/INFO] [Supplementaries/]: Finished additional setup in 0 ms
[15May2026 19:14:58.825] [Server thread/INFO] [net.minecraft.client.server.IntegratedServer/]: Starting integrated minecraft server version 1.20.1
[15May2026 19:14:58.825] [Server thread/INFO] [net.minecraft.server.MinecraftServer/]: Generating keypair
[15May2026 19:15:02.166] [Server thread/INFO] [net.minecraft.server.MinecraftServer/]: Preparing start region for dimension minecraft:overworld
[15May2026 19:15:07.292] [Render thread/INFO] [net.minecraft.server.level.progress.LoggerChunkProgressListener/]: Preparing spawn area: 0%
[15May2026 19:15:07.312] [Render thread/INFO] [net.minecraft.server.level.progress.LoggerChunkProgressListener/]: Preparing spawn area: 0%
[15May2026 19:15:07.312] [Render thread/INFO] [net.minecraft.server.level.progress.LoggerChunkProgressListener/]: Preparing spawn area: 0%
[15May2026 19:15:07.330] [Render thread/INFO] [net.minecraft.server.level.progress.LoggerChunkProgressListener/]: Preparing spawn area: 0%
[15May2026 19:15:07.330] [Render thread/INFO] [net.minecraft.server.level.progress.LoggerChunkProgressListener/]: Preparing spawn area: 0%
[15May2026 19:15:07.348] [Render thread/INFO] [net.minecraft.server.level.progress.LoggerChunkProgressListener/]: Preparing spawn area: 0%
[15May2026 19:15:07.349] [Render thread/INFO] [net.minecraft.server.level.progress.LoggerChunkProgressListener/]: Preparing spawn area: 0%
[15May2026 19:15:07.372] [Render thread/INFO] [net.minecraft.server.level.progress.LoggerChunkProgressListener/]: Preparing spawn area: 0%
[15May2026 19:15:07.372] [Render thread/INFO] [net.minecraft.server.level.progress.LoggerChunkProgressListener/]: Preparing spawn area: 0%
[15May2026 19:15:07.373] [Render thread/INFO] [net.minecraft.server.level.progress.LoggerChunkProgressListener/]: Preparing spawn area: 0%
[15May2026 19:15:07.391] [Render thread/INFO] [net.minecraft.server.level.progress.LoggerChunkProgressListener/]: Preparing spawn area: 0%
[15May2026 19:15:07.694] [Render thread/INFO] [net.minecraft.server.level.progress.LoggerChunkProgressListener/]: Preparing spawn area: 0%
[15May2026 19:15:08.183] [Render thread/INFO] [net.minecraft.server.level.progress.LoggerChunkProgressListener/]: Preparing spawn area: 13%
[15May2026 19:15:08.683] [Render thread/INFO] [net.minecraft.server.level.progress.LoggerChunkProgressListener/]: Preparing spawn area: 76%
[15May2026 19:15:08.863] [Server thread/INFO] [net.minecraftforge.server.permission.PermissionAPI/]: Successfully initialized permission handler forge:default_handler
[15May2026 19:15:08.877] [Render thread/INFO] [net.minecraft.server.level.progress.LoggerChunkProgressListener/]: Time elapsed: 6694 ms
[15May2026 19:15:09.352] [Server thread/INFO] [net.minecraft.client.server.IntegratedServer/]: Changing simulation distance to 10, from 0
[15May2026 19:15:09.441] [Render thread/WARN] [io.netty.util.internal.SystemPropertyUtil/]: Unable to parse the boolean system property 'java.net.preferIPv6Addresses':system - using the default value: false
[15May2026 19:15:10.201] [Netty Local Client IO #0/INFO] [net.minecraftforge.network.NetworkHooks/]: Connected to a modded server.
[15May2026 19:15:10.378] [Netty Local Client IO #0/WARN] [mixin/]: @Inject(@At("INVOKE")) Shift.BY=5 on attributeslib.mixins.json:client.ClientPacketListenerMixin::handler$zii000$apoth_postAttrChangedEvent exceeds the maximum allowed value: 0. Increase the value of maxShiftBy to suppress this warning.
[15May2026 19:15:10.429] [Server thread/INFO] [net.minecraft.server.players.PlayerList/]: Dev[local:E:cffad288] logged in with entity id 123 at (-875.5955087171384, 67.0, 379.1129352305254)
[15May2026 19:15:10.655] [Render thread/INFO] [mezz.jei.forge.startup.StartEventObserver/]: JEI StartEventObserver received class net.minecraftforge.client.event.ClientPlayerNetworkEvent$LoggingIn
[15May2026 19:15:10.655] [Render thread/INFO] [mezz.jei.forge.startup.StartEventObserver/]: JEI StartEventObserver transitioning state from DISABLED to ENABLED
[15May2026 19:15:10.683] [Render thread/INFO] [Supplementaries/]: Synced Flute Songs
[15May2026 19:15:10.684] [Render thread/INFO] [Supplementaries/]: Synced Captured Mobs settings
[15May2026 19:15:10.684] [Render thread/INFO] [Supplementaries/]: Synced Globe data
[15May2026 19:15:10.684] [Render thread/INFO] [Supplementaries/]: Synced Hourglass data
[15May2026 19:15:10.744] [Server thread/INFO] [net.minecraft.server.MinecraftServer/]: Dev joined the game
[15May2026 19:15:10.904] [Server thread/INFO] [Jade/]: Syncing config to Dev (380df991-f603-344c-a090-369bad2a924a)
[15May2026 19:15:11.572] [Render thread/INFO] [mezz.jei.forge.startup.StartEventObserver/]: JEI StartEventObserver received class net.minecraftforge.client.event.RecipesUpdatedEvent
[15May2026 19:15:11.606] [Render thread/ERROR] [Moonlight/]: Failed to restore original behavior for item: lunch_basket, net.mehvahdjukaar.moonlight.api.util.DispenserHelper$PlaceBlockDispenseBehavior@4369449e
[15May2026 19:15:11.616] [Render thread/INFO] [mezz.jei.forge.startup.StartEventObserver/]: JEI StartEventObserver received class net.minecraftforge.event.TagsUpdatedEvent
[15May2026 19:15:11.616] [Render thread/INFO] [mezz.jei.forge.startup.StartEventObserver/]: JEI StartEventObserver transitioning state from ENABLED to JEI_STARTED
[15May2026 19:15:11.617] [Render thread/INFO] [mezz.jei.core.util.LoggedTimer/]: Starting JEI...
[15May2026 19:15:11.629] [Render thread/INFO] [mezz.jei.library.load.PluginCaller/]: Registering item subtypes...
[15May2026 19:15:11.636] [Render thread/INFO] [mezz.jei.library.load.PluginCaller/]: Registering item subtypes took 6.168 ms
[15May2026 19:15:11.636] [Render thread/INFO] [mezz.jei.library.load.PluginCaller/]: Registering fluid subtypes...
[15May2026 19:15:11.639] [Render thread/INFO] [mezz.jei.library.load.PluginCaller/]: Registering fluid subtypes took 3.176 ms
[15May2026 19:15:11.644] [Render thread/INFO] [mezz.jei.library.load.PluginCaller/]: Registering ingredients...
[15May2026 19:15:11.741] [Render thread/WARN] [mezz.jei.library.plugins.vanilla.ingredients.ItemStackListFactory/]: 22 duplicate items were found in 'EpicFight Items' creative tab's: displayItems
This may indicate that these types of item need a subtype interpreter added to JEI:
[skillbook]
[15May2026 19:15:11.744] [Render thread/WARN] [mezz.jei.library.plugins.vanilla.ingredients.ItemStackListFactory/]: Item Group has no display items and no search tab display items. Items from this group will be missing from the JEI ingredient list. Iron's Spellbooks Equipment
[15May2026 19:15:11.745] [Render thread/WARN] [mezz.jei.library.plugins.vanilla.ingredients.ItemStackListFactory/]: Item Group has no display items and no search tab display items. Items from this group will be missing from the JEI ingredient list. Iron's Spellbooks Materials
[15May2026 19:15:11.757] [Render thread/WARN] [mezz.jei.library.plugins.vanilla.ingredients.ItemStackListFactory/]: Item Group has no display items and no search tab display items. Items from this group will be missing from the JEI ingredient list. Iron's Spellbooks Scrolls
[15May2026 19:15:11.815] [Render thread/INFO] [mezz.jei.library.load.PluginCallerTimerRunnable/]: Registering ingredients: jei:minecraft took 170.2 milliseconds
[15May2026 19:15:11.816] [Render thread/INFO] [mezz.jei.library.load.PluginCaller/]: Registering ingredients took 171.4 ms
[15May2026 19:15:11.816] [Render thread/INFO] [mezz.jei.library.load.PluginCaller/]: Registering extra ingredients...
[15May2026 19:15:11.817] [Render thread/INFO] [mezz.jei.library.load.PluginCaller/]: Registering extra ingredients took 689.1 μs
[15May2026 19:15:11.818] [Render thread/INFO] [mezz.jei.library.load.PluginCaller/]: Registering search ingredient aliases...
[15May2026 19:15:11.819] [Render thread/INFO] [mezz.jei.library.load.PluginCaller/]: Registering search ingredient aliases took 1.353 ms
[15May2026 19:15:11.841] [Render thread/INFO] [mezz.jei.library.load.PluginCaller/]: Registering categories...
[15May2026 19:15:11.865] [Render thread/INFO] [mezz.jei.library.load.PluginCallerTimerRunnable/]: Registering categories: jei:minecraft took 23.03 milliseconds
[15May2026 19:15:11.887] [Render thread/INFO] [mezz.jei.library.load.PluginCaller/]: Registering categories took 45.99 ms
[15May2026 19:15:11.889] [Render thread/INFO] [mezz.jei.library.load.PluginCaller/]: Registering vanilla category extensions...
[15May2026 19:15:11.894] [Render thread/INFO] [mezz.jei.library.load.PluginCaller/]: Registering vanilla category extensions took 3.987 ms
[15May2026 19:15:11.895] [Render thread/INFO] [mezz.jei.library.load.PluginCaller/]: Registering recipe catalysts...
[15May2026 19:15:11.897] [Render thread/INFO] [mezz.jei.library.load.PluginCaller/]: Registering recipe catalysts took 2.018 ms
[15May2026 19:15:11.897] [Render thread/INFO] [mezz.jei.core.util.LoggedTimer/]: Building recipe registry...
[15May2026 19:15:11.909] [Render thread/INFO] [mezz.jei.core.util.LoggedTimer/]: Building recipe registry took 11.64 ms
[15May2026 19:15:11.910] [Render thread/INFO] [mezz.jei.library.load.PluginCaller/]: Registering advanced plugins...
[15May2026 19:15:11.911] [Render thread/INFO] [mezz.jei.library.load.PluginCaller/]: Registering advanced plugins took 759.7 μs
[15May2026 19:15:11.912] [Render thread/INFO] [mezz.jei.library.load.PluginCaller/]: Registering recipes...
[15May2026 19:15:12.410] [Render thread/INFO] [mezz.jei.library.load.PluginCallerTimerRunnable/]: Registering recipes: jei:minecraft took 497.7 milliseconds
[15May2026 19:15:12.432] [Render thread/INFO] [mezz.jei.library.load.PluginCallerTimerRunnable/]: Registering recipes: farmersdelight:jei_plugin took 22.27 milliseconds
[15May2026 19:15:13.566] [Render thread/INFO] [mezz.jei.library.load.PluginCallerTimerRunnable/]: Registering recipes: irons_spellbooks:jei_plugin took 1.133 seconds
[15May2026 19:15:14.059] [Render thread/INFO] [mezz.jei.library.load.PluginCallerTimerRunnable/]: Registering recipes: framedblocks:jei_plugin took 492.3 milliseconds
[15May2026 19:15:14.075] [Render thread/INFO] [mezz.jei.library.load.PluginCallerTimerRunnable/]: Registering recipes: supplementaries:jei_plugin took 16.49 milliseconds
[15May2026 19:15:14.308] [Render thread/INFO] [mezz.jei.library.load.PluginCallerTimerRunnable/]: Registering recipes: jei:internal took 232.3 milliseconds
[15May2026 19:15:14.308] [Render thread/INFO] [mezz.jei.library.load.PluginCaller/]: Registering recipes took 2.396 s
[15May2026 19:15:14.317] [Render thread/INFO] [mezz.jei.library.load.PluginCaller/]: Registering recipes transfer handlers...
[15May2026 19:15:14.321] [Render thread/INFO] [mezz.jei.library.load.PluginCaller/]: Registering recipes transfer handlers took 3.697 ms
[15May2026 19:15:14.329] [Render thread/INFO] [mezz.jei.core.util.LoggedTimer/]: Building runtime...
[15May2026 19:15:14.331] [Render thread/INFO] [mezz.jei.library.load.PluginCaller/]: Registering gui handlers...
[15May2026 19:15:14.341] [Render thread/INFO] [mezz.jei.library.load.PluginCaller/]: Registering gui handlers took 9.806 ms
[15May2026 19:15:14.344] [Render thread/INFO] [mezz.jei.library.load.PluginCaller/]: Registering Runtime...
[15May2026 19:15:14.347] [Render thread/INFO] [mezz.jei.gui.startup.JeiGuiStarter/]: Starting JEI GUI
[15May2026 19:15:14.347] [Render thread/INFO] [mezz.jei.core.util.LoggedTimer/]: Building ingredient list...
[15May2026 19:15:14.428] [Render thread/INFO] [mezz.jei.core.util.LoggedTimer/]: Building ingredient list took 80.65 ms
[15May2026 19:15:14.428] [Render thread/INFO] [mezz.jei.core.util.LoggedTimer/]: Building ingredient filter...
[15May2026 19:15:14.491] [Render thread/INFO] [mezz.jei.gui.ingredients.IngredientFilter/]: Adding 4301 ingredients
[15May2026 19:15:15.331] [Render thread/INFO] [mezz.jei.gui.ingredients.IngredientFilter/]: Added 4301 ingredients
[15May2026 19:15:15.332] [Render thread/INFO] [mezz.jei.core.util.LoggedTimer/]: Building ingredient filter took 904.5 ms
[15May2026 19:15:15.429] [Render thread/INFO] [mezz.jei.library.load.PluginCallerTimerRunnable/]: Registering Runtime: jei:forge_gui took 1.084 seconds
[15May2026 19:15:15.429] [Render thread/INFO] [mezz.jei.library.load.PluginCaller/]: Registering Runtime took 1.085 s
[15May2026 19:15:15.430] [Render thread/INFO] [mezz.jei.core.util.LoggedTimer/]: Building runtime took 1.101 s
[15May2026 19:15:15.430] [Render thread/INFO] [mezz.jei.library.load.PluginCaller/]: Sending Runtime...
[15May2026 19:15:15.432] [Render thread/INFO] [mezz.jei.library.load.PluginCaller/]: Sending Runtime took 1.401 ms
[15May2026 19:15:15.432] [Render thread/INFO] [mezz.jei.core.util.LoggedTimer/]: Starting JEI took 3.815 s
[15May2026 19:15:15.465] [Render thread/INFO] [Jade/]: Received config from the server: 
[15May2026 19:15:15.879] [Render thread/INFO] [net.minecraft.advancements.AdvancementList/]: Loaded 192 advancements
[15May2026 19:15:16.218] [Server thread/INFO] [net.minecraft.client.server.IntegratedServer/]: Saving and pausing game...
[15May2026 19:15:16.306] [Server thread/INFO] [net.minecraft.server.MinecraftServer/]: Saving chunks for level 'ServerLevel[Test3]'/minecraft:overworld
[15May2026 19:15:19.509] [Server thread/INFO] [net.minecraft.server.MinecraftServer/]: Saving chunks for level 'ServerLevel[Test3]'/minecraft:the_end
[15May2026 19:15:19.510] [Server thread/INFO] [net.minecraft.server.MinecraftServer/]: Saving chunks for level 'ServerLevel[Test3]'/minecraft:the_nether
[15May2026 19:15:19.619] [Server thread/WARN] [net.minecraft.server.MinecraftServer/]: Can't keep up! Is the server overloaded? Running 3603ms or 72 ticks behind
[15May2026 19:15:46.697] [Server thread/INFO] [net.minecraft.client.server.IntegratedServer/]: Saving and pausing game...
[15May2026 19:15:46.712] [Server thread/INFO] [net.minecraft.server.MinecraftServer/]: Saving chunks for level 'ServerLevel[Test3]'/minecraft:overworld
[15May2026 19:15:46.751] [Server thread/INFO] [net.minecraft.server.MinecraftServer/]: Saving chunks for level 'ServerLevel[Test3]'/minecraft:the_end
[15May2026 19:15:46.752] [Server thread/INFO] [net.minecraft.server.MinecraftServer/]: Saving chunks for level 'ServerLevel[Test3]'/minecraft:the_nether
[15May2026 19:16:16.215] [Server thread/INFO] [net.minecraft.client.server.IntegratedServer/]: Saving and pausing game...
[15May2026 19:16:16.230] [Server thread/INFO] [net.minecraft.server.MinecraftServer/]: Saving chunks for level 'ServerLevel[Test3]'/minecraft:overworld
[15May2026 19:16:16.258] [Server thread/INFO] [net.minecraft.server.MinecraftServer/]: Saving chunks for level 'ServerLevel[Test3]'/minecraft:the_end
[15May2026 19:16:16.259] [Server thread/INFO] [net.minecraft.server.MinecraftServer/]: Saving chunks for level 'ServerLevel[Test3]'/minecraft:the_nether
[15May2026 19:16:25.648] [Server thread/INFO] [net.minecraft.server.MinecraftServer/]: [Dev: Set own game mode to Survival Mode]
[15May2026 19:16:25.659] [Render thread/INFO] [net.minecraft.client.gui.components.ChatComponent/]: [System] [CHAT] Set own game mode to Survival Mode
[15May2026 19:16:59.402] [Server thread/INFO] [net.minecraft.client.server.IntegratedServer/]: Saving and pausing game...
[15May2026 19:16:59.417] [Server thread/INFO] [net.minecraft.server.MinecraftServer/]: Saving chunks for level 'ServerLevel[Test3]'/minecraft:overworld
[15May2026 19:16:59.440] [Server thread/INFO] [net.minecraft.server.MinecraftServer/]: Saving chunks for level 'ServerLevel[Test3]'/minecraft:the_end
[15May2026 19:16:59.442] [Server thread/INFO] [net.minecraft.server.MinecraftServer/]: Saving chunks for level 'ServerLevel[Test3]'/minecraft:the_nether
[15May2026 19:17:06.909] [Render thread/INFO] [Configured/]: Started editing 'thuumcraft-common.toml'
[15May2026 19:17:34.530] [Render thread/INFO] [Configured/]: Stopped editing 'thuumcraft-common.toml'
[15May2026 19:17:34.702] [Server thread/INFO] [net.minecraft.server.MinecraftServer/]: [Dev: Set own game mode to Creative Mode]
[15May2026 19:17:34.715] [Render thread/INFO] [net.minecraft.client.gui.components.ChatComponent/]: [System] [CHAT] Set own game mode to Creative Mode
[15May2026 19:18:04.332] [Server thread/INFO] [net.minecraft.server.MinecraftServer/]: [Dev: Set the time to 13000]
[15May2026 19:18:04.335] [Render thread/INFO] [net.minecraft.client.gui.components.ChatComponent/]: [System] [CHAT] Set the time to 13000
[15May2026 19:18:09.830] [Server thread/INFO] [net.minecraft.server.MinecraftServer/]: [Dev: Set own game mode to Survival Mode]
[15May2026 19:18:09.831] [Render thread/INFO] [net.minecraft.client.gui.components.ChatComponent/]: [System] [CHAT] Set own game mode to Survival Mode
[15May2026 19:18:21.578] [Server thread/INFO] [net.minecraft.server.MinecraftServer/]: [Dev: Summoned new Zombie]
[15May2026 19:18:21.580] [Render thread/INFO] [net.minecraft.client.gui.components.ChatComponent/]: [System] [CHAT] Summoned new Zombie
[15May2026 19:18:38.212] [Server thread/INFO] [net.minecraft.server.MinecraftServer/]: [Dev: Set own game mode to Creative Mode]
[15May2026 19:18:38.215] [Render thread/INFO] [net.minecraft.client.gui.components.ChatComponent/]: [System] [CHAT] Set own game mode to Creative Mode
[15May2026 19:18:44.295] [Server thread/INFO] [net.minecraft.server.MinecraftServer/]: [Dev: Set own game mode to Survival Mode]
[15May2026 19:18:44.298] [Render thread/INFO] [net.minecraft.client.gui.components.ChatComponent/]: [System] [CHAT] Set own game mode to Survival Mode
[15May2026 19:19:29.285] [Render thread/INFO] [net.minecraft.client.gui.components.ChatComponent/]: [System] [CHAT] Applied effect Resistance to Dev
[15May2026 19:19:29.285] [Server thread/INFO] [net.minecraft.server.MinecraftServer/]: [Dev: Applied effect Resistance to Dev]
[15May2026 19:20:07.396] [Server thread/INFO] [net.minecraft.server.MinecraftServer/]: [Dev: Set own game mode to Creative Mode]
[15May2026 19:20:07.399] [Render thread/INFO] [net.minecraft.client.gui.components.ChatComponent/]: [System] [CHAT] Set own game mode to Creative Mode
[15May2026 19:20:09.413] [Server thread/INFO] [net.minecraft.server.MinecraftServer/]: [Dev: Set own game mode to Survival Mode]
[15May2026 19:20:09.416] [Render thread/INFO] [net.minecraft.client.gui.components.ChatComponent/]: [System] [CHAT] Set own game mode to Survival Mode
[15May2026 19:20:32.815] [Server thread/INFO] [net.minecraft.client.server.IntegratedServer/]: Saving and pausing game...
[15May2026 19:20:32.830] [Server thread/INFO] [net.minecraft.server.MinecraftServer/]: Saving chunks for level 'ServerLevel[Test3]'/minecraft:overworld
[15May2026 19:20:32.931] [Server thread/INFO] [net.minecraft.server.MinecraftServer/]: Saving chunks for level 'ServerLevel[Test3]'/minecraft:the_end
[15May2026 19:20:32.933] [Server thread/INFO] [net.minecraft.server.MinecraftServer/]: Saving chunks for level 'ServerLevel[Test3]'/minecraft:the_nether
[15May2026 19:20:35.815] [Server thread/INFO] [net.minecraft.client.server.IntegratedServer/]: Saving and pausing game...
[15May2026 19:20:35.826] [Server thread/INFO] [net.minecraft.server.MinecraftServer/]: Saving chunks for level 'ServerLevel[Test3]'/minecraft:overworld
[15May2026 19:20:35.849] [Server thread/INFO] [net.minecraft.server.MinecraftServer/]: Saving chunks for level 'ServerLevel[Test3]'/minecraft:the_end
[15May2026 19:20:35.851] [Server thread/INFO] [net.minecraft.server.MinecraftServer/]: Saving chunks for level 'ServerLevel[Test3]'/minecraft:the_nether
[15May2026 19:20:43.080] [Thread-5/INFO] [epicfight/]: Epic Fight web server connection helper: Initialize
[15May2026 19:20:43.096] [Thread-5/WARN] [epicfight/]: Failed at loading library file
[15May2026 19:20:43.096] [Thread-5/INFO] [epicfight/]: Epic Fight web server connection helper: unsupported
[15May2026 19:20:55.080] [Thread-5/INFO] [epicfight/]: Epic Fight web server connection helper: Initialize
[15May2026 19:20:55.096] [Thread-5/WARN] [epicfight/]: Failed at loading library file
[15May2026 19:20:55.096] [Thread-5/INFO] [epicfight/]: Epic Fight web server connection helper: unsupported
[15May2026 19:21:15.965] [Server thread/INFO] [net.minecraft.client.server.IntegratedServer/]: Saving and pausing game...
[15May2026 19:21:15.974] [Server thread/INFO] [net.minecraft.server.MinecraftServer/]: Saving chunks for level 'ServerLevel[Test3]'/minecraft:overworld
[15May2026 19:21:15.988] [Server thread/INFO] [net.minecraft.server.MinecraftServer/]: Saving chunks for level 'ServerLevel[Test3]'/minecraft:the_end
[15May2026 19:21:15.989] [Server thread/INFO] [net.minecraft.server.MinecraftServer/]: Saving chunks for level 'ServerLevel[Test3]'/minecraft:the_nether
[15May2026 19:21:19.165] [Render thread/INFO] [Configured/]: Started editing 'thuumcraft-common.toml'
[15May2026 19:21:57.596] [Render thread/INFO] [Configured/]: Sending config reloading event for thuumcraft-common.toml
[15May2026 19:21:57.598] [Render thread/INFO] [Configured/]: Stopped editing 'thuumcraft-common.toml'
[15May2026 19:22:07.454] [Server thread/INFO] [net.minecraft.server.MinecraftServer/]: [Dev: Set own game mode to Creative Mode]
[15May2026 19:22:07.460] [Render thread/INFO] [net.minecraft.client.gui.components.ChatComponent/]: [System] [CHAT] Set own game mode to Creative Mode
[15May2026 19:22:24.029] [Server thread/INFO] [net.minecraft.client.server.IntegratedServer/]: Saving and pausing game...
[15May2026 19:22:24.037] [Server thread/INFO] [net.minecraft.server.MinecraftServer/]: Saving chunks for level 'ServerLevel[Test3]'/minecraft:overworld
[15May2026 19:22:24.048] [Server thread/INFO] [net.minecraft.server.MinecraftServer/]: Saving chunks for level 'ServerLevel[Test3]'/minecraft:the_end
[15May2026 19:22:24.049] [Server thread/INFO] [net.minecraft.server.MinecraftServer/]: Saving chunks for level 'ServerLevel[Test3]'/minecraft:the_nether
[15May2026 19:22:25.429] [Server thread/INFO] [net.minecraft.client.server.IntegratedServer/]: Saving and pausing game...
[15May2026 19:22:25.436] [Server thread/INFO] [net.minecraft.server.MinecraftServer/]: Saving chunks for level 'ServerLevel[Test3]'/minecraft:overworld
[15May2026 19:22:25.448] [Server thread/INFO] [net.minecraft.server.MinecraftServer/]: Saving chunks for level 'ServerLevel[Test3]'/minecraft:the_end
[15May2026 19:22:25.449] [Server thread/INFO] [net.minecraft.server.MinecraftServer/]: Saving chunks for level 'ServerLevel[Test3]'/minecraft:the_nether
[15May2026 19:22:27.150] [Server thread/INFO] [net.minecraft.server.MinecraftServer/]: [Dev: Set own game mode to Survival Mode]
[15May2026 19:22:27.155] [Render thread/INFO] [net.minecraft.client.gui.components.ChatComponent/]: [System] [CHAT] Set own game mode to Survival Mode
[15May2026 19:22:36.529] [Server thread/INFO] [net.minecraft.client.server.IntegratedServer/]: Saving and pausing game...
[15May2026 19:22:36.535] [Server thread/INFO] [net.minecraft.server.MinecraftServer/]: Saving chunks for level 'ServerLevel[Test3]'/minecraft:overworld
[15May2026 19:22:36.544] [Server thread/INFO] [net.minecraft.server.MinecraftServer/]: Saving chunks for level 'ServerLevel[Test3]'/minecraft:the_end
[15May2026 19:22:36.545] [Server thread/INFO] [net.minecraft.server.MinecraftServer/]: Saving chunks for level 'ServerLevel[Test3]'/minecraft:the_nether
[15May2026 19:22:39.229] [Server thread/INFO] [net.minecraft.client.server.IntegratedServer/]: Saving and pausing game...
[15May2026 19:22:39.236] [Server thread/INFO] [net.minecraft.server.MinecraftServer/]: Saving chunks for level 'ServerLevel[Test3]'/minecraft:overworld
[15May2026 19:22:39.247] [Server thread/INFO] [net.minecraft.server.MinecraftServer/]: Saving chunks for level 'ServerLevel[Test3]'/minecraft:the_end
[15May2026 19:22:39.248] [Server thread/INFO] [net.minecraft.server.MinecraftServer/]: Saving chunks for level 'ServerLevel[Test3]'/minecraft:the_nether
[15May2026 19:22:44.102] [Render thread/INFO] [Configured/]: Started editing 'thuumcraft-common.toml'
[15May2026 19:22:53.546] [Render thread/INFO] [Configured/]: Sending config reloading event for thuumcraft-common.toml
[15May2026 19:22:53.547] [Render thread/INFO] [Configured/]: Stopped editing 'thuumcraft-common.toml'
[15May2026 19:23:24.142] [Server thread/INFO] [net.minecraft.client.server.IntegratedServer/]: Saving and pausing game...
[15May2026 19:23:24.173] [Server thread/INFO] [net.minecraft.server.MinecraftServer/]: Saving chunks for level 'ServerLevel[Test3]'/minecraft:overworld
[15May2026 19:23:24.207] [Server thread/INFO] [net.minecraft.server.MinecraftServer/]: Saving chunks for level 'ServerLevel[Test3]'/minecraft:the_end
[15May2026 19:23:24.209] [Server thread/INFO] [net.minecraft.server.MinecraftServer/]: Saving chunks for level 'ServerLevel[Test3]'/minecraft:the_nether
[15May2026 19:23:45.530] [Server thread/INFO] [net.minecraft.client.server.IntegratedServer/]: Saving and pausing game...
[15May2026 19:23:45.554] [Server thread/INFO] [net.minecraft.server.MinecraftServer/]: Saving chunks for level 'ServerLevel[Test3]'/minecraft:overworld
[15May2026 19:23:45.574] [Server thread/INFO] [net.minecraft.server.MinecraftServer/]: Saving chunks for level 'ServerLevel[Test3]'/minecraft:the_end
[15May2026 19:23:45.576] [Server thread/INFO] [net.minecraft.server.MinecraftServer/]: Saving chunks for level 'ServerLevel[Test3]'/minecraft:the_nether
[15May2026 19:27:17.799] [Render thread/INFO] [net.minecraft.advancements.AdvancementList/]: Loaded 198 advancements
[15May2026 19:27:46.202] [Server thread/INFO] [net.minecraft.server.MinecraftServer/]: [Dev: Set own game mode to Creative Mode]
[15May2026 19:27:46.220] [Render thread/INFO] [net.minecraft.client.gui.components.ChatComponent/]: [System] [CHAT] Set own game mode to Creative Mode
[15May2026 19:27:49.183] [Server thread/INFO] [net.minecraft.server.MinecraftServer/]: [Dev: Set own game mode to Survival Mode]
[15May2026 19:27:49.185] [Render thread/INFO] [net.minecraft.client.gui.components.ChatComponent/]: [System] [CHAT] Set own game mode to Survival Mode
[15May2026 19:27:55.280] [Server thread/INFO] [net.minecraft.server.MinecraftServer/]: [Dev: Set own game mode to Creative Mode]
[15May2026 19:27:55.285] [Render thread/INFO] [net.minecraft.client.gui.components.ChatComponent/]: [System] [CHAT] Set own game mode to Creative Mode
[15May2026 19:28:05.693] [Server thread/WARN] [net.minecraft.server.level.ServerEntity/]: Fetching packet for removed entity ItemEntity['Arcane Essence'/3799, l='ServerLevel[Test3]', x=-697.77, y=75.00, z=357.36, removed=DISCARDED]
[15May2026 19:28:18.698] [Server thread/INFO] [net.minecraft.server.MinecraftServer/]: [Dev: Set own game mode to Survival Mode]
[15May2026 19:28:18.700] [Render thread/INFO] [net.minecraft.client.gui.components.ChatComponent/]: [System] [CHAT] Set own game mode to Survival Mode
[15May2026 19:30:03.787] [Server thread/INFO] [net.minecraft.client.server.IntegratedServer/]: Saving and pausing game...
[15May2026 19:30:03.813] [Server thread/INFO] [net.minecraft.server.MinecraftServer/]: Saving chunks for level 'ServerLevel[Test3]'/minecraft:overworld
[15May2026 19:30:03.829] [Server thread/INFO] [net.minecraft.server.MinecraftServer/]: Saving chunks for level 'ServerLevel[Test3]'/minecraft:the_end
[15May2026 19:30:03.831] [Server thread/INFO] [net.minecraft.server.MinecraftServer/]: Saving chunks for level 'ServerLevel[Test3]'/minecraft:the_nether
[15May2026 19:31:47.389] [Server thread/INFO] [net.minecraft.client.server.IntegratedServer/]: Saving and pausing game...
[15May2026 19:31:47.400] [Server thread/INFO] [net.minecraft.server.MinecraftServer/]: Saving chunks for level 'ServerLevel[Test3]'/minecraft:overworld
[15May2026 19:31:47.412] [Server thread/INFO] [net.minecraft.server.MinecraftServer/]: Saving chunks for level 'ServerLevel[Test3]'/minecraft:the_end
[15May2026 19:31:47.413] [Server thread/INFO] [net.minecraft.server.MinecraftServer/]: Saving chunks for level 'ServerLevel[Test3]'/minecraft:the_nether
[15May2026 19:31:50.718] [Render thread/INFO] [Configured/]: Started editing 'thuumcraft-common.toml'
[15May2026 19:32:01.666] [Render thread/INFO] [Configured/]: Sending config reloading event for thuumcraft-common.toml
[15May2026 19:32:01.666] [Render thread/INFO] [Configured/]: Stopped editing 'thuumcraft-common.toml'
[15May2026 19:32:38.904] [Server thread/INFO] [net.minecraft.server.MinecraftServer/]: Dev has completed the challenge [Sniper Duel]
[15May2026 19:32:38.912] [Render thread/INFO] [net.minecraft.client.gui.components.ChatComponent/]: [System] [CHAT] Dev has completed the challenge [Sniper Duel]
[15May2026 19:32:38.946] [Render thread/INFO] [net.minecraft.advancements.AdvancementList/]: Loaded 198 advancements
[15May2026 19:32:46.040] [Server thread/INFO] [net.minecraft.client.server.IntegratedServer/]: Saving and pausing game...
[15May2026 19:32:46.049] [Server thread/INFO] [net.minecraft.server.MinecraftServer/]: Saving chunks for level 'ServerLevel[Test3]'/minecraft:overworld
[15May2026 19:32:46.057] [Server thread/INFO] [net.minecraft.server.MinecraftServer/]: Saving chunks for level 'ServerLevel[Test3]'/minecraft:the_end
[15May2026 19:32:46.058] [Server thread/INFO] [net.minecraft.server.MinecraftServer/]: Saving chunks for level 'ServerLevel[Test3]'/minecraft:the_nether
[15May2026 19:33:35.485] [Server thread/INFO] [net.minecraft.server.MinecraftServer/]: [Dev: Set own game mode to Creative Mode]
[15May2026 19:33:35.488] [Render thread/INFO] [net.minecraft.client.gui.components.ChatComponent/]: [System] [CHAT] Set own game mode to Creative Mode
[15May2026 19:34:00.106] [Server thread/WARN] [net.minecraft.server.level.ServerEntity/]: Fetching packet for removed entity ItemEntity['Arcane Essence'/3799, l='ServerLevel[Test3]', x=-697.77, y=75.00, z=357.36, removed=DISCARDED]
[15May2026 19:34:39.592] [Server thread/INFO] [net.minecraft.client.server.IntegratedServer/]: Saving and pausing game...
[15May2026 19:34:39.602] [Server thread/INFO] [net.minecraft.server.MinecraftServer/]: Saving chunks for level 'ServerLevel[Test3]'/minecraft:overworld
[15May2026 19:34:39.614] [Server thread/INFO] [net.minecraft.server.MinecraftServer/]: Saving chunks for level 'ServerLevel[Test3]'/minecraft:the_end
[15May2026 19:34:39.616] [Server thread/INFO] [net.minecraft.server.MinecraftServer/]: Saving chunks for level 'ServerLevel[Test3]'/minecraft:the_nether
[15May2026 19:34:46.021] [Render thread/INFO] [Configured/]: Started editing 'thuumcraft-common.toml'
[15May2026 19:35:10.328] [Render thread/INFO] [Configured/]: Sending config reloading event for thuumcraft-common.toml
[15May2026 19:35:10.329] [Render thread/INFO] [Configured/]: Stopped editing 'thuumcraft-common.toml'
[15May2026 19:36:23.612] [Server thread/WARN] [net.minecraft.server.level.ServerEntity/]: Fetching packet for removed entity ItemEntity['Arcane Essence'/3799, l='ServerLevel[Test3]', x=-697.77, y=75.00, z=357.36, removed=DISCARDED]
[15May2026 19:36:25.394] [Server thread/INFO] [net.minecraft.client.server.IntegratedServer/]: Saving and pausing game...
[15May2026 19:36:25.406] [Server thread/INFO] [net.minecraft.server.MinecraftServer/]: Saving chunks for level 'ServerLevel[Test3]'/minecraft:overworld
[15May2026 19:36:25.418] [Server thread/INFO] [net.minecraft.server.MinecraftServer/]: Saving chunks for level 'ServerLevel[Test3]'/minecraft:the_end
[15May2026 19:36:25.420] [Server thread/INFO] [net.minecraft.server.MinecraftServer/]: Saving chunks for level 'ServerLevel[Test3]'/minecraft:the_nether
[15May2026 19:37:52.746] [Server thread/INFO] [net.minecraft.client.server.IntegratedServer/]: Saving and pausing game...
[15May2026 19:37:52.757] [Server thread/INFO] [net.minecraft.server.MinecraftServer/]: Saving chunks for level 'ServerLevel[Test3]'/minecraft:overworld
[15May2026 19:37:52.768] [Server thread/INFO] [net.minecraft.server.MinecraftServer/]: Saving chunks for level 'ServerLevel[Test3]'/minecraft:the_end
[15May2026 19:37:52.769] [Server thread/INFO] [net.minecraft.server.MinecraftServer/]: Saving chunks for level 'ServerLevel[Test3]'/minecraft:the_nether
[15May2026 19:37:57.880] [Render thread/INFO] [Configured/]: Started editing 'thuumcraft-common.toml'
[15May2026 19:39:50.807] [Render thread/INFO] [Configured/]: Sending config reloading event for thuumcraft-common.toml
[15May2026 19:39:50.808] [Render thread/INFO] [Configured/]: Stopped editing 'thuumcraft-common.toml'
[15May2026 19:39:58.441] [Server thread/INFO] [net.minecraft.server.MinecraftServer/]: [Dev: Set own game mode to Survival Mode]
[15May2026 19:39:58.443] [Render thread/INFO] [net.minecraft.client.gui.components.ChatComponent/]: [System] [CHAT] Set own game mode to Survival Mode
[15May2026 19:40:27.298] [Server thread/INFO] [net.minecraft.client.server.IntegratedServer/]: Saving and pausing game...
[15May2026 19:40:27.307] [Server thread/INFO] [net.minecraft.server.MinecraftServer/]: Saving chunks for level 'ServerLevel[Test3]'/minecraft:overworld
[15May2026 19:40:27.318] [Server thread/INFO] [net.minecraft.server.MinecraftServer/]: Saving chunks for level 'ServerLevel[Test3]'/minecraft:the_end
[15May2026 19:40:27.320] [Server thread/INFO] [net.minecraft.server.MinecraftServer/]: Saving chunks for level 'ServerLevel[Test3]'/minecraft:the_nether
[15May2026 19:42:14.300] [Server thread/INFO] [net.minecraft.client.server.IntegratedServer/]: Saving and pausing game...
[15May2026 19:42:14.315] [Server thread/INFO] [net.minecraft.server.MinecraftServer/]: Saving chunks for level 'ServerLevel[Test3]'/minecraft:overworld
[15May2026 19:42:14.325] [Server thread/INFO] [net.minecraft.server.MinecraftServer/]: Saving chunks for level 'ServerLevel[Test3]'/minecraft:the_end
[15May2026 19:42:14.326] [Server thread/INFO] [net.minecraft.server.MinecraftServer/]: Saving chunks for level 'ServerLevel[Test3]'/minecraft:the_nether
[15May2026 19:46:01.202] [Server thread/INFO] [net.minecraft.client.server.IntegratedServer/]: Saving and pausing game...
[15May2026 19:46:01.216] [Server thread/INFO] [net.minecraft.server.MinecraftServer/]: Saving chunks for level 'ServerLevel[Test3]'/minecraft:overworld
[15May2026 19:46:01.239] [Server thread/INFO] [net.minecraft.server.MinecraftServer/]: Saving chunks for level 'ServerLevel[Test3]'/minecraft:the_end
[15May2026 19:46:01.241] [Server thread/INFO] [net.minecraft.server.MinecraftServer/]: Saving chunks for level 'ServerLevel[Test3]'/minecraft:the_nether
[15May2026 19:47:09.656] [Server thread/INFO] [net.minecraft.client.server.IntegratedServer/]: Saving and pausing game...
[15May2026 19:47:09.675] [Server thread/INFO] [net.minecraft.server.MinecraftServer/]: Saving chunks for level 'ServerLevel[Test3]'/minecraft:overworld
[15May2026 19:47:09.687] [Server thread/INFO] [net.minecraft.server.MinecraftServer/]: Saving chunks for level 'ServerLevel[Test3]'/minecraft:the_end
[15May2026 19:47:09.689] [Server thread/INFO] [net.minecraft.server.MinecraftServer/]: Saving chunks for level 'ServerLevel[Test3]'/minecraft:the_nether
[15May2026 19:48:08.507] [Server thread/INFO] [net.minecraft.client.server.IntegratedServer/]: Saving and pausing game...
[15May2026 19:48:08.516] [Server thread/INFO] [net.minecraft.server.MinecraftServer/]: Saving chunks for level 'ServerLevel[Test3]'/minecraft:overworld
[15May2026 19:48:08.527] [Server thread/INFO] [net.minecraft.server.MinecraftServer/]: Saving chunks for level 'ServerLevel[Test3]'/minecraft:the_end
[15May2026 19:48:08.529] [Server thread/INFO] [net.minecraft.server.MinecraftServer/]: Saving chunks for level 'ServerLevel[Test3]'/minecraft:the_nether
[15May2026 19:48:11.607] [Server thread/INFO] [net.minecraft.client.server.IntegratedServer/]: Saving and pausing game...
[15May2026 19:48:11.611] [Server thread/INFO] [net.minecraft.server.MinecraftServer/]: Saving chunks for level 'ServerLevel[Test3]'/minecraft:overworld
[15May2026 19:48:11.617] [Server thread/INFO] [net.minecraft.server.MinecraftServer/]: Saving chunks for level 'ServerLevel[Test3]'/minecraft:the_end
[15May2026 19:48:11.618] [Server thread/INFO] [net.minecraft.server.MinecraftServer/]: Saving chunks for level 'ServerLevel[Test3]'/minecraft:the_nether
[15May2026 19:48:16.815] [Render thread/INFO] [Configured/]: Started editing 'thuumcraft-common.toml'
[15May2026 19:49:19.755] [Render thread/INFO] [Configured/]: Sending config reloading event for thuumcraft-common.toml
[15May2026 19:49:19.761] [Render thread/INFO] [Configured/]: Stopped editing 'thuumcraft-common.toml'
[15May2026 19:50:10.279] [Server thread/INFO] [net.minecraft.server.MinecraftServer/]: [Dev: Summoned new Unemployed]
[15May2026 19:50:10.286] [Render thread/INFO] [net.minecraft.client.gui.components.ChatComponent/]: [System] [CHAT] Summoned new Unemployed
[15May2026 19:50:48.760] [Server thread/INFO] [net.minecraft.world.entity.npc.Villager/]: Villager Villager['Unemployed'/10515, l='ServerLevel[Test3]', x=-554.70, y=69.00, z=434.73] died, message: 'Unemployed was shot by Dev'
[15May2026 19:50:48.769] [Render thread/INFO] [net.minecraft.world.entity.npc.Villager/]: Villager Villager['Unemployed'/10515, l='ClientLevel', x=-554.70, y=69.00, z=434.73] died, message: 'Unemployed died'
[15May2026 19:50:51.500] [Server thread/INFO] [net.minecraft.client.server.IntegratedServer/]: Saving and pausing game...
[15May2026 19:50:51.512] [Server thread/INFO] [net.minecraft.server.MinecraftServer/]: Saving chunks for level 'ServerLevel[Test3]'/minecraft:overworld
[15May2026 19:50:51.522] [Server thread/INFO] [net.minecraft.server.MinecraftServer/]: Saving chunks for level 'ServerLevel[Test3]'/minecraft:the_end
[15May2026 19:50:51.523] [Server thread/INFO] [net.minecraft.server.MinecraftServer/]: Saving chunks for level 'ServerLevel[Test3]'/minecraft:the_nether
[15May2026 19:52:23.352] [Server thread/INFO] [net.minecraft.client.server.IntegratedServer/]: Saving and pausing game...
[15May2026 19:52:23.361] [Server thread/INFO] [net.minecraft.server.MinecraftServer/]: Saving chunks for level 'ServerLevel[Test3]'/minecraft:overworld
[15May2026 19:52:23.369] [Server thread/INFO] [net.minecraft.server.MinecraftServer/]: Saving chunks for level 'ServerLevel[Test3]'/minecraft:the_end
[15May2026 19:52:23.369] [Server thread/INFO] [net.minecraft.server.MinecraftServer/]: Saving chunks for level 'ServerLevel[Test3]'/minecraft:the_nether
[15May2026 19:52:27.686] [Render thread/INFO] [Configured/]: Started editing 'thuumcraft-common.toml'
[15May2026 19:52:54.449] [Render thread/INFO] [Configured/]: Stopped editing 'thuumcraft-common.toml'
[15May2026 19:52:54.503] [Server thread/INFO] [net.minecraft.client.server.IntegratedServer/]: Saving and pausing game...
[15May2026 19:52:54.516] [Server thread/INFO] [net.minecraft.server.MinecraftServer/]: Saving chunks for level 'ServerLevel[Test3]'/minecraft:overworld
[15May2026 19:52:54.528] [Server thread/INFO] [net.minecraft.server.MinecraftServer/]: Saving chunks for level 'ServerLevel[Test3]'/minecraft:the_end
[15May2026 19:52:54.529] [Server thread/INFO] [net.minecraft.server.MinecraftServer/]: Saving chunks for level 'ServerLevel[Test3]'/minecraft:the_nether
[15May2026 19:54:30.296] [Server thread/INFO] [net.minecraft.server.MinecraftServer/]: [Dev: Set own game mode to Creative Mode]
[15May2026 19:54:30.300] [Render thread/INFO] [net.minecraft.client.gui.components.ChatComponent/]: [System] [CHAT] Set own game mode to Creative Mode
[15May2026 19:54:36.865] [Server thread/INFO] [net.minecraft.server.MinecraftServer/]: [Dev: Set own game mode to Survival Mode]
[15May2026 19:54:36.873] [Render thread/INFO] [net.minecraft.client.gui.components.ChatComponent/]: [System] [CHAT] Set own game mode to Survival Mode
[15May2026 19:54:44.520] [Render thread/INFO] [net.minecraft.client.gui.components.ChatComponent/]: [System] [CHAT] Critical Strike 2x damage
[15May2026 19:57:04.477] [Render thread/INFO] [net.minecraft.advancements.AdvancementList/]: Loaded 198 advancements
[15May2026 19:57:04.981] [Render thread/INFO] [net.minecraft.advancements.AdvancementList/]: Loaded 199 advancements
[15May2026 19:58:12.861] [Server thread/INFO] [net.minecraft.server.MinecraftServer/]: [Dev: Gave 128 [Arrow] to Dev]
[15May2026 19:58:12.863] [Render thread/INFO] [net.minecraft.client.gui.components.ChatComponent/]: [System] [CHAT] Gave 128 [Arrow] to Dev
[15May2026 19:58:20.672] [Render thread/INFO] [net.minecraft.advancements.AdvancementList/]: Loaded 200 advancements
[15May2026 19:58:47.228] [Render thread/INFO] [net.minecraft.client.gui.components.ChatComponent/]: [System] [CHAT] Critical Strike 2x damage
[15May2026 19:59:08.732] [Render thread/INFO] [net.minecraft.client.gui.components.ChatComponent/]: [System] [CHAT] Critical Strike 2x damage
[15May2026 19:59:13.878] [Render thread/INFO] [net.minecraft.client.gui.components.ChatComponent/]: [System] [CHAT] Critical Strike 2x damage
[15May2026 19:59:47.533] [Render thread/INFO] [net.minecraft.client.gui.components.ChatComponent/]: [System] [CHAT] Critical Strike 2x damage
[15May2026 20:00:05.591] [Render thread/INFO] [net.minecraft.client.gui.components.ChatComponent/]: [System] [CHAT] Critical Strike 2x damage
[15May2026 20:00:15.386] [Render thread/INFO] [net.minecraft.client.gui.components.ChatComponent/]: [System] [CHAT] Critical Strike 2x damage
[15May2026 20:00:29.886] [Render thread/INFO] [net.minecraft.client.gui.components.ChatComponent/]: [System] [CHAT] Critical Strike 2x damage
[15May2026 20:00:56.729] [Server thread/INFO] [net.minecraft.server.MinecraftServer/]: [Dev: Gave 1 [Bow] to Dev]
[15May2026 20:00:56.737] [Render thread/INFO] [net.minecraft.client.gui.components.ChatComponent/]: [System] [CHAT] Gave 1 [Bow] to Dev
[15May2026 20:01:16.477] [Server thread/INFO] [net.minecraft.server.MinecraftServer/]: [Dev: Gamerule doInsomnia is now set to: false]
[15May2026 20:01:16.482] [Render thread/INFO] [net.minecraft.client.gui.components.ChatComponent/]: [System] [CHAT] Gamerule doInsomnia is now set to: false
[15May2026 20:01:46.890] [Render thread/INFO] [net.minecraft.client.gui.components.ChatComponent/]: [System] [CHAT] Critical Strike 2x damage
[15May2026 20:01:49.285] [Render thread/INFO] [net.minecraft.client.gui.components.ChatComponent/]: [System] [CHAT] Critical Strike 2x damage
[15May2026 20:01:53.369] [Server thread/INFO] [net.minecraft.client.server.IntegratedServer/]: Saving and pausing game...
[15May2026 20:01:53.375] [Server thread/INFO] [net.minecraft.server.MinecraftServer/]: Saving chunks for level 'ServerLevel[Test3]'/minecraft:overworld
[15May2026 20:01:53.381] [Server thread/INFO] [net.minecraft.server.MinecraftServer/]: Saving chunks for level 'ServerLevel[Test3]'/minecraft:the_end
[15May2026 20:01:53.382] [Server thread/INFO] [net.minecraft.server.MinecraftServer/]: Saving chunks for level 'ServerLevel[Test3]'/minecraft:the_nether
[15May2026 20:02:07.601] [Render thread/INFO] [net.minecraft.client.gui.components.ChatComponent/]: [System] [CHAT] Critical Strike 2x damage
[15May2026 20:02:27.388] [Render thread/INFO] [net.minecraft.client.gui.components.ChatComponent/]: [System] [CHAT] Critical Strike 2x damage
[15May2026 20:02:34.239] [Render thread/INFO] [net.minecraft.client.gui.components.ChatComponent/]: [System] [CHAT] Critical Strike 2x damage
[15May2026 20:02:37.039] [Render thread/INFO] [net.minecraft.client.gui.components.ChatComponent/]: [System] [CHAT] Critical Strike 2x damage
[15May2026 20:02:57.034] [Render thread/INFO] [net.minecraft.client.gui.components.ChatComponent/]: [System] [CHAT] Critical Strike 2x damage
[15May2026 20:03:14.643] [Render thread/INFO] [net.minecraft.client.gui.components.ChatComponent/]: [System] [CHAT] Critical Strike 2x damage
[15May2026 20:03:17.895] [Render thread/INFO] [net.minecraft.client.gui.components.ChatComponent/]: [System] [CHAT] Critical Strike 2x damage
[15May2026 20:03:21.189] [Render thread/INFO] [net.minecraft.client.gui.components.ChatComponent/]: [System] [CHAT] Critical Strike 2x damage
[15May2026 20:03:36.923] [Server thread/INFO] [net.minecraft.client.server.IntegratedServer/]: Saving and pausing game...
[15May2026 20:03:36.944] [Server thread/INFO] [net.minecraft.server.MinecraftServer/]: Saving chunks for level 'ServerLevel[Test3]'/minecraft:overworld
[15May2026 20:03:36.956] [Server thread/INFO] [net.minecraft.server.MinecraftServer/]: Saving chunks for level 'ServerLevel[Test3]'/minecraft:the_end
[15May2026 20:03:36.957] [Server thread/INFO] [net.minecraft.server.MinecraftServer/]: Saving chunks for level 'ServerLevel[Test3]'/minecraft:the_nether
