[05May2026 20:08:48.367] [main/INFO] [cpw.mods.modlauncher.Launcher/MODLAUNCHER]: ModLauncher running: args [--launchTarget, forgedatauserdev, --assetIndex, 5, --assetsDir, /Users/bowieconnors/.gradle/caches/forge_gradle/assets, --gameDir, ., --fml.forgeVersion, 47.4.10, --fml.mcVersion, 1.20.1, --fml.forgeGroup, net.minecraftforge, --fml.mcpVersion, 20230612.114412, --mod, thuumcraft, --all, --output, /Users/bowieconnors/Documents/GitHub/Thuumcraft/Thuumcraft/src/generated/resources, --existing, /Users/bowieconnors/Documents/GitHub/Thuumcraft/Thuumcraft/src/main/resources]
[05May2026 20:08:48.371] [main/INFO] [cpw.mods.modlauncher.Launcher/MODLAUNCHER]: ModLauncher 10.0.9+10.0.9+main.dcd20f30 starting: java version 17.0.17 by Eclipse Adoptium; OS Mac OS X arch aarch64 version 26.3.1
[05May2026 20:08:48.395] [main/DEBUG] [cpw.mods.modlauncher.LaunchServiceHandler/MODLAUNCHER]: Found launch services [fmlclientdev,forgeclient,minecraft,forgegametestserverdev,fmlserveruserdev,fmlclient,fmldatauserdev,forgeserverdev,forgeserveruserdev,forgeclientdev,forgeclientuserdev,forgeserver,forgedatadev,fmlserver,fmlclientuserdev,fmlserverdev,forgedatauserdev,testharness,forgegametestserveruserdev]
[05May2026 20:08:48.413] [main/DEBUG] [cpw.mods.modlauncher.NameMappingServiceHandler/MODLAUNCHER]: Found naming services : [srgtomcp]
[05May2026 20:08:48.427] [main/DEBUG] [cpw.mods.modlauncher.LaunchPluginHandler/MODLAUNCHER]: Found launch plugins: [mixin,eventbus,slf4jfixer,object_holder_definalize,runtime_enum_extender,capability_token_subclass,accesstransformer,runtimedistcleaner]
[05May2026 20:08:48.438] [main/DEBUG] [cpw.mods.modlauncher.TransformationServicesHandler/MODLAUNCHER]: Discovering transformation services
[05May2026 20:08:48.445] [main/DEBUG] [net.minecraftforge.fml.loading.FMLPaths/CORE]: Path GAMEDIR is /Users/bowieconnors/Documents/GitHub/Thuumcraft/Thuumcraft/run-data
[05May2026 20:08:48.445] [main/DEBUG] [net.minecraftforge.fml.loading.FMLPaths/CORE]: Path MODSDIR is /Users/bowieconnors/Documents/GitHub/Thuumcraft/Thuumcraft/run-data/mods
[05May2026 20:08:48.445] [main/DEBUG] [net.minecraftforge.fml.loading.FMLPaths/CORE]: Path CONFIGDIR is /Users/bowieconnors/Documents/GitHub/Thuumcraft/Thuumcraft/run-data/config
[05May2026 20:08:48.445] [main/DEBUG] [net.minecraftforge.fml.loading.FMLPaths/CORE]: Path FMLCONFIG is /Users/bowieconnors/Documents/GitHub/Thuumcraft/Thuumcraft/run-data/config/fml.toml
[05May2026 20:08:48.482] [main/DEBUG] [cpw.mods.modlauncher.TransformationServicesHandler/MODLAUNCHER]: Found additional transformation services from discovery services: 
[05May2026 20:08:48.492] [main/INFO] [net.minecraftforge.fml.loading.ImmediateWindowHandler/]: ImmediateWindowProvider not loading because launch target is forgedatauserdev
[05May2026 20:08:48.501] [main/DEBUG] [cpw.mods.modlauncher.TransformationServicesHandler/MODLAUNCHER]: Found transformer services : [mixin,fml]
[05May2026 20:08:48.501] [main/DEBUG] [cpw.mods.modlauncher.TransformationServicesHandler/MODLAUNCHER]: Transformation services loading
[05May2026 20:08:48.502] [main/DEBUG] [cpw.mods.modlauncher.TransformationServiceDecorator/MODLAUNCHER]: Loading service mixin
[05May2026 20:08:48.502] [main/DEBUG] [cpw.mods.modlauncher.TransformationServiceDecorator/MODLAUNCHER]: Loaded service mixin
[05May2026 20:08:48.503] [main/DEBUG] [cpw.mods.modlauncher.TransformationServiceDecorator/MODLAUNCHER]: Loading service fml
[05May2026 20:08:48.504] [main/DEBUG] [net.minecraftforge.fml.loading.LauncherVersion/CORE]: Found FMLLauncher version 1.0
[05May2026 20:08:48.504] [main/DEBUG] [net.minecraftforge.fml.loading.FMLLoader/CORE]: FML 1.0 loading
[05May2026 20:08:48.504] [main/DEBUG] [net.minecraftforge.fml.loading.FMLLoader/CORE]: FML found ModLauncher version : 10.0.9+10.0.9+main.dcd20f30
[05May2026 20:08:48.504] [main/DEBUG] [net.minecraftforge.fml.loading.FMLLoader/CORE]: Requesting CoreMods to not apply the fix for ASMAPI.findFirstInstructionBefore by default
[05May2026 20:08:48.505] [main/DEBUG] [net.minecraftforge.fml.loading.FMLLoader/CORE]: FML found AccessTransformer version : 8.0.4+66+master.c09db6d7
[05May2026 20:08:48.505] [main/DEBUG] [net.minecraftforge.fml.loading.FMLLoader/CORE]: FML found EventBus version : 6.0.5+6.0.5+master.eb8e549b
[05May2026 20:08:48.505] [main/DEBUG] [net.minecraftforge.fml.loading.FMLLoader/CORE]: Found Runtime Dist Cleaner
[05May2026 20:08:48.507] [main/DEBUG] [net.minecraftforge.coremod.CoreModEngine/]: CoreMods will preserve legacy behavior of ASMAPI.findFirstInstructionBefore for backwards-compatibility
[05May2026 20:08:48.507] [main/DEBUG] [net.minecraftforge.fml.loading.FMLLoader/CORE]: FML found CoreMod version : 5.2.4
[05May2026 20:08:48.508] [main/DEBUG] [net.minecraftforge.fml.loading.FMLLoader/CORE]: Found ForgeSPI package implementation version 7.0.1+7.0.1+master.d2b38bf6
[05May2026 20:08:48.508] [main/DEBUG] [net.minecraftforge.fml.loading.FMLLoader/CORE]: Found ForgeSPI package specification 5
[05May2026 20:08:48.508] [main/DEBUG] [cpw.mods.modlauncher.TransformationServiceDecorator/MODLAUNCHER]: Loaded service fml
[05May2026 20:08:48.509] [main/DEBUG] [cpw.mods.modlauncher.TransformationServicesHandler/MODLAUNCHER]: Configuring option handling for services
[05May2026 20:08:48.516] [main/DEBUG] [cpw.mods.modlauncher.TransformationServicesHandler/MODLAUNCHER]: Transformation services initializing
[05May2026 20:08:48.517] [main/DEBUG] [cpw.mods.modlauncher.TransformationServiceDecorator/MODLAUNCHER]: Initializing transformation service mixin
[05May2026 20:08:48.530] [main/DEBUG] [mixin/]: MixinService [ModLauncher] was successfully booted in cpw.mods.cl.ModuleClassLoader@23f7d05d
[05May2026 20:08:48.548] [main/INFO] [mixin/]: SpongePowered MIXIN Subsystem Version=0.8.5 Source=union:/Users/bowieconnors/.gradle/caches/modules-2/files-2.1/org.spongepowered/mixin/0.8.5/9d1c0c3a304ae6697ecd477218fa61b850bf57fc/mixin-0.8.5.jar%23121!/ Service=ModLauncher Env=CLIENT
[05May2026 20:08:48.553] [main/DEBUG] [mixin/]: Initialising Mixin Platform Manager
[05May2026 20:08:48.553] [main/DEBUG] [mixin/]: Adding mixin platform agents for container ModLauncher Root Container(ModLauncher:4f56a0a2)
[05May2026 20:08:48.555] [main/DEBUG] [mixin/]: Instancing new MixinPlatformAgentMinecraftForge for ModLauncher Root Container(ModLauncher:4f56a0a2)
[05May2026 20:08:48.556] [main/DEBUG] [mixin/]: MixinPlatformAgentMinecraftForge rejected container ModLauncher Root Container(ModLauncher:4f56a0a2)
[05May2026 20:08:48.556] [main/DEBUG] [mixin/]: Instancing new MixinPlatformAgentDefault for ModLauncher Root Container(ModLauncher:4f56a0a2)
[05May2026 20:08:48.556] [main/DEBUG] [mixin/]: MixinPlatformAgentDefault accepted container ModLauncher Root Container(ModLauncher:4f56a0a2)
[05May2026 20:08:48.560] [main/DEBUG] [cpw.mods.modlauncher.TransformationServiceDecorator/MODLAUNCHER]: Initialized transformation service mixin
[05May2026 20:08:48.560] [main/DEBUG] [cpw.mods.modlauncher.TransformationServiceDecorator/MODLAUNCHER]: Initializing transformation service fml
[05May2026 20:08:48.561] [main/DEBUG] [net.minecraftforge.fml.loading.FMLServiceProvider/CORE]: Setting up basic FML game directories
[05May2026 20:08:48.561] [main/DEBUG] [net.minecraftforge.fml.loading.FMLPaths/CORE]: Path GAMEDIR is /Users/bowieconnors/Documents/GitHub/Thuumcraft/Thuumcraft/run-data
[05May2026 20:08:48.561] [main/DEBUG] [net.minecraftforge.fml.loading.FMLPaths/CORE]: Path MODSDIR is /Users/bowieconnors/Documents/GitHub/Thuumcraft/Thuumcraft/run-data/mods
[05May2026 20:08:48.561] [main/DEBUG] [net.minecraftforge.fml.loading.FMLPaths/CORE]: Path CONFIGDIR is /Users/bowieconnors/Documents/GitHub/Thuumcraft/Thuumcraft/run-data/config
[05May2026 20:08:48.562] [main/DEBUG] [net.minecraftforge.fml.loading.FMLPaths/CORE]: Path FMLCONFIG is /Users/bowieconnors/Documents/GitHub/Thuumcraft/Thuumcraft/run-data/config/fml.toml
[05May2026 20:08:48.562] [main/DEBUG] [net.minecraftforge.fml.loading.FMLServiceProvider/CORE]: Loading configuration
[05May2026 20:08:48.564] [main/DEBUG] [net.minecraftforge.fml.loading.FMLServiceProvider/CORE]: Preparing ModFile
[05May2026 20:08:48.568] [main/DEBUG] [net.minecraftforge.fml.loading.FMLServiceProvider/CORE]: Preparing launch handler
[05May2026 20:08:48.568] [main/DEBUG] [net.minecraftforge.fml.loading.FMLLoader/CORE]: Using forgedatauserdev as launch service
[05May2026 20:08:48.580] [main/DEBUG] [net.minecraftforge.fml.loading.FMLLoader/CORE]: Received command line version data  : VersionInfo[forgeVersion=47.4.10, mcVersion=1.20.1, mcpVersion=20230612.114412, forgeGroup=net.minecraftforge]
[05May2026 20:08:48.583] [main/DEBUG] [cpw.mods.modlauncher.TransformationServiceDecorator/MODLAUNCHER]: Initialized transformation service fml
[05May2026 20:08:48.584] [main/DEBUG] [cpw.mods.modlauncher.NameMappingServiceHandler/MODLAUNCHER]: Current naming domain is 'mcp'
[05May2026 20:08:48.585] [main/DEBUG] [cpw.mods.modlauncher.NameMappingServiceHandler/MODLAUNCHER]: Identified name mapping providers {srg=srgtomcp:1234}
[05May2026 20:08:48.586] [main/DEBUG] [cpw.mods.modlauncher.TransformationServicesHandler/MODLAUNCHER]: Transformation services begin scanning
[05May2026 20:08:48.586] [main/DEBUG] [cpw.mods.modlauncher.TransformationServiceDecorator/MODLAUNCHER]: Beginning scan trigger - transformation service mixin
[05May2026 20:08:48.586] [main/DEBUG] [cpw.mods.modlauncher.TransformationServiceDecorator/MODLAUNCHER]: End scan trigger - transformation service mixin
[05May2026 20:08:48.587] [main/DEBUG] [cpw.mods.modlauncher.TransformationServiceDecorator/MODLAUNCHER]: Beginning scan trigger - transformation service fml
[05May2026 20:08:48.587] [main/DEBUG] [net.minecraftforge.fml.loading.FMLServiceProvider/CORE]: Initiating mod scan
[05May2026 20:08:48.599] [main/DEBUG] [net.minecraftforge.fml.loading.moddiscovery.ModListHandler/CORE]: Found mod coordinates from lists: []
[05May2026 20:08:48.603] [main/DEBUG] [net.minecraftforge.fml.loading.moddiscovery.ModDiscoverer/CORE]: Found Mod Locators : (mods folder:null),(maven libs:null),(exploded directory:null),(minecraft:null),(userdev classpath:null)
[05May2026 20:08:48.603] [main/DEBUG] [net.minecraftforge.fml.loading.moddiscovery.ModDiscoverer/CORE]: Found Dependency Locators : (JarInJar:null)
[05May2026 20:08:48.611] [main/DEBUG] [net.minecraftforge.fml.loading.targets.CommonLaunchHandler/CORE]: Got mod coordinates thuumcraft%%/Users/bowieconnors/Documents/GitHub/Thuumcraft/Thuumcraft/build/resources/main:thuumcraft%%/Users/bowieconnors/Documents/GitHub/Thuumcraft/Thuumcraft/build/classes/java/main from env
[05May2026 20:08:48.613] [main/DEBUG] [net.minecraftforge.fml.loading.targets.CommonLaunchHandler/CORE]: Found supplied mod coordinates [{thuumcraft=[/Users/bowieconnors/Documents/GitHub/Thuumcraft/Thuumcraft/build/resources/main, /Users/bowieconnors/Documents/GitHub/Thuumcraft/Thuumcraft/build/classes/java/main]}]
[05May2026 20:08:48.936] [main/DEBUG] [net.minecraftforge.fml.loading.moddiscovery.ModFileInfo/LOADING]: Found valid mod file forge-1.20.1-47.4.10_mapped_parchment_2023.09.03-1.20.1-recomp.jar with {minecraft} mods - versions {1.20.1}
[05May2026 20:08:48.939] [main/DEBUG] [net.minecraftforge.fml.loading.moddiscovery.ModFileParser/LOADING]: Considering mod file candidate /Users/bowieconnors/.gradle/caches/modules-2/files-2.1/net.minecraftforge/javafmllanguage/1.20.1-47.4.10/ccc533c7dd67e0983217197d7549c8b49e7ab453/javafmllanguage-1.20.1-47.4.10.jar
[05May2026 20:08:48.940] [main/WARN] [net.minecraftforge.fml.loading.moddiscovery.ModFileParser/LOADING]: Mod file /Users/bowieconnors/.gradle/caches/modules-2/files-2.1/net.minecraftforge/javafmllanguage/1.20.1-47.4.10/ccc533c7dd67e0983217197d7549c8b49e7ab453/javafmllanguage-1.20.1-47.4.10.jar is missing mods.toml file
[05May2026 20:08:48.941] [main/DEBUG] [net.minecraftforge.fml.loading.moddiscovery.ModFileParser/LOADING]: Considering mod file candidate /Users/bowieconnors/.gradle/caches/modules-2/files-2.1/net.minecraftforge/lowcodelanguage/1.20.1-47.4.10/e9a2879fe3612ea34b9728ec2633304a1e67d480/lowcodelanguage-1.20.1-47.4.10.jar
[05May2026 20:08:48.942] [main/WARN] [net.minecraftforge.fml.loading.moddiscovery.ModFileParser/LOADING]: Mod file /Users/bowieconnors/.gradle/caches/modules-2/files-2.1/net.minecraftforge/lowcodelanguage/1.20.1-47.4.10/e9a2879fe3612ea34b9728ec2633304a1e67d480/lowcodelanguage-1.20.1-47.4.10.jar is missing mods.toml file
[05May2026 20:08:48.943] [main/DEBUG] [net.minecraftforge.fml.loading.moddiscovery.ModFileParser/LOADING]: Considering mod file candidate /Users/bowieconnors/.gradle/caches/modules-2/files-2.1/net.minecraftforge/mclanguage/1.20.1-47.4.10/ec5cefbbc65c67302b8fac317010faab85fa14b9/mclanguage-1.20.1-47.4.10.jar
[05May2026 20:08:48.944] [main/WARN] [net.minecraftforge.fml.loading.moddiscovery.ModFileParser/LOADING]: Mod file /Users/bowieconnors/.gradle/caches/modules-2/files-2.1/net.minecraftforge/mclanguage/1.20.1-47.4.10/ec5cefbbc65c67302b8fac317010faab85fa14b9/mclanguage-1.20.1-47.4.10.jar is missing mods.toml file
[05May2026 20:08:48.946] [main/DEBUG] [net.minecraftforge.fml.loading.moddiscovery.ModFileParser/LOADING]: Considering mod file candidate /Users/bowieconnors/.gradle/caches/modules-2/files-2.1/net.minecraftforge/fmlcore/1.20.1-47.4.10/94dae566be650566ea9115a1414ab76bfcf5a804/fmlcore-1.20.1-47.4.10.jar
[05May2026 20:08:48.947] [main/WARN] [net.minecraftforge.fml.loading.moddiscovery.ModFileParser/LOADING]: Mod file /Users/bowieconnors/.gradle/caches/modules-2/files-2.1/net.minecraftforge/fmlcore/1.20.1-47.4.10/94dae566be650566ea9115a1414ab76bfcf5a804/fmlcore-1.20.1-47.4.10.jar is missing mods.toml file
[05May2026 20:08:48.952] [main/DEBUG] [net.minecraftforge.fml.loading.moddiscovery.ModFileParser/LOADING]: Considering mod file candidate /Users/bowieconnors/Documents/GitHub/Thuumcraft/Thuumcraft/build/resources/main
[05May2026 20:08:48.964] [main/DEBUG] [net.minecraftforge.fml.loading.moddiscovery.ModFileInfo/LOADING]: Found valid mod file main with {thuumcraft} mods - versions {1.0-1.20.1}
[05May2026 20:08:48.969] [main/DEBUG] [net.minecraftforge.fml.loading.moddiscovery.ModFileParser/LOADING]: Considering mod file candidate /
[05May2026 20:08:48.974] [main/DEBUG] [net.minecraftforge.fml.loading.moddiscovery.ModFileInfo/LOADING]: Found valid mod file  with {forge} mods - versions {47.4.10}
[05May2026 20:08:48.994] [main/DEBUG] [net.minecraftforge.fml.loading.moddiscovery.ModFileParser/LOADING]: Considering mod file candidate /Users/bowieconnors/.gradle/caches/forge_gradle/deobf_dependencies/curse/maven/fantasys-furniture-579564/4702176_mapped_parchment_2023.09.03-1.20.1/fantasys-furniture-579564-4702176_mapped_parchment_2023.09.03-1.20.1.jar
[05May2026 20:08:48.999] [main/DEBUG] [net.minecraftforge.fml.loading.moddiscovery.ModFileInfo/LOADING]: Found valid mod file fantasys-furniture-579564-4702176_mapped_parchment_2023.09.03-1.20.1.jar with {fantasyfurniture} mods - versions {9.0.0}
[05May2026 20:08:49.005] [main/DEBUG] [net.minecraftforge.fml.loading.moddiscovery.ModFileParser/LOADING]: Considering mod file candidate /Users/bowieconnors/.gradle/caches/forge_gradle/deobf_dependencies/curse/maven/macaws-roofs-352039/6494466_mapped_parchment_2023.09.03-1.20.1/macaws-roofs-352039-6494466_mapped_parchment_2023.09.03-1.20.1.jar
[05May2026 20:08:49.006] [main/DEBUG] [net.minecraftforge.fml.loading.moddiscovery.ModFileInfo/LOADING]: Found valid mod file macaws-roofs-352039-6494466_mapped_parchment_2023.09.03-1.20.1.jar with {mcwroofs} mods - versions {2.3.2}
[05May2026 20:08:49.010] [main/DEBUG] [net.minecraftforge.fml.loading.moddiscovery.ModFileParser/LOADING]: Considering mod file candidate /Users/bowieconnors/.gradle/caches/forge_gradle/deobf_dependencies/curse/maven/macaws-paths-and-pavings-629153/7029554_mapped_parchment_2023.09.03-1.20.1/macaws-paths-and-pavings-629153-7029554_mapped_parchment_2023.09.03-1.20.1.jar
[05May2026 20:08:49.011] [main/DEBUG] [net.minecraftforge.fml.loading.moddiscovery.ModFileInfo/LOADING]: Found valid mod file macaws-paths-and-pavings-629153-7029554_mapped_parchment_2023.09.03-1.20.1.jar with {mcwpaths} mods - versions {1.1.1}
[05May2026 20:08:49.014] [main/DEBUG] [net.minecraftforge.fml.loading.moddiscovery.ModFileParser/LOADING]: Considering mod file candidate /Users/bowieconnors/.gradle/caches/forge_gradle/deobf_dependencies/curse/maven/macaws-doors-378646/6146379_mapped_parchment_2023.09.03-1.20.1/macaws-doors-378646-6146379_mapped_parchment_2023.09.03-1.20.1.jar
[05May2026 20:08:49.016] [main/DEBUG] [net.minecraftforge.fml.loading.moddiscovery.ModFileInfo/LOADING]: Found valid mod file macaws-doors-378646-6146379_mapped_parchment_2023.09.03-1.20.1.jar with {mcwdoors} mods - versions {1.1.2}
[05May2026 20:08:49.019] [main/DEBUG] [net.minecraftforge.fml.loading.moddiscovery.ModFileParser/LOADING]: Considering mod file candidate /Users/bowieconnors/.gradle/caches/forge_gradle/deobf_dependencies/curse/maven/framedblocks-441647/7386520_mapped_parchment_2023.09.03-1.20.1/framedblocks-441647-7386520_mapped_parchment_2023.09.03-1.20.1.jar
[05May2026 20:08:49.021] [main/DEBUG] [net.minecraftforge.fml.loading.moddiscovery.ModFileInfo/LOADING]: Found valid mod file framedblocks-441647-7386520_mapped_parchment_2023.09.03-1.20.1.jar with {framedblocks} mods - versions {9.4.3}
[05May2026 20:08:49.023] [main/DEBUG] [net.minecraftforge.fml.loading.moddiscovery.ModFileParser/LOADING]: Considering mod file candidate /Users/bowieconnors/.gradle/caches/forge_gradle/deobf_dependencies/mezz/jei/jei-1.20.1-forge/15.20.0.129_mapped_parchment_2023.09.03-1.20.1/jei-1.20.1-forge-15.20.0.129_mapped_parchment_2023.09.03-1.20.1.jar
[05May2026 20:08:49.026] [main/DEBUG] [net.minecraftforge.fml.loading.moddiscovery.ModFileInfo/LOADING]: Found valid mod file jei-1.20.1-forge-15.20.0.129_mapped_parchment_2023.09.03-1.20.1.jar with {jei} mods - versions {15.20.0.129}
[05May2026 20:08:49.031] [main/DEBUG] [net.minecraftforge.fml.loading.moddiscovery.ModFileParser/LOADING]: Considering mod file candidate /Users/bowieconnors/.gradle/caches/forge_gradle/deobf_dependencies/curse/maven/fantasys-furniture-579564/4702176_mapped_parchment_2023.09.03-1.20.1/fantasys-furniture-579564-4702176_mapped_parchment_2023.09.03-1.20.1.jar
[05May2026 20:08:49.033] [main/DEBUG] [net.minecraftforge.fml.loading.moddiscovery.ModFileInfo/LOADING]: Found valid mod file fantasys-furniture-579564-4702176_mapped_parchment_2023.09.03-1.20.1.jar with {fantasyfurniture} mods - versions {9.0.0}
[05May2026 20:08:49.037] [main/DEBUG] [net.minecraftforge.fml.loading.moddiscovery.ModFileParser/LOADING]: Considering mod file candidate /Users/bowieconnors/.gradle/caches/forge_gradle/deobf_dependencies/curse/maven/macaws-roofs-352039/6494466_mapped_parchment_2023.09.03-1.20.1/macaws-roofs-352039-6494466_mapped_parchment_2023.09.03-1.20.1.jar
[05May2026 20:08:49.039] [main/DEBUG] [net.minecraftforge.fml.loading.moddiscovery.ModFileInfo/LOADING]: Found valid mod file macaws-roofs-352039-6494466_mapped_parchment_2023.09.03-1.20.1.jar with {mcwroofs} mods - versions {2.3.2}
[05May2026 20:08:49.043] [main/DEBUG] [net.minecraftforge.fml.loading.moddiscovery.ModFileParser/LOADING]: Considering mod file candidate /Users/bowieconnors/.gradle/caches/forge_gradle/deobf_dependencies/curse/maven/macaws-paths-and-pavings-629153/7029554_mapped_parchment_2023.09.03-1.20.1/macaws-paths-and-pavings-629153-7029554_mapped_parchment_2023.09.03-1.20.1.jar
[05May2026 20:08:49.044] [main/DEBUG] [net.minecraftforge.fml.loading.moddiscovery.ModFileInfo/LOADING]: Found valid mod file macaws-paths-and-pavings-629153-7029554_mapped_parchment_2023.09.03-1.20.1.jar with {mcwpaths} mods - versions {1.1.1}
[05May2026 20:08:49.048] [main/DEBUG] [net.minecraftforge.fml.loading.moddiscovery.ModFileParser/LOADING]: Considering mod file candidate /Users/bowieconnors/.gradle/caches/forge_gradle/deobf_dependencies/curse/maven/macaws-doors-378646/6146379_mapped_parchment_2023.09.03-1.20.1/macaws-doors-378646-6146379_mapped_parchment_2023.09.03-1.20.1.jar
[05May2026 20:08:49.050] [main/DEBUG] [net.minecraftforge.fml.loading.moddiscovery.ModFileInfo/LOADING]: Found valid mod file macaws-doors-378646-6146379_mapped_parchment_2023.09.03-1.20.1.jar with {mcwdoors} mods - versions {1.1.2}
[05May2026 20:08:49.054] [main/DEBUG] [net.minecraftforge.fml.loading.moddiscovery.ModFileParser/LOADING]: Considering mod file candidate /Users/bowieconnors/.gradle/caches/forge_gradle/deobf_dependencies/curse/maven/framedblocks-441647/7386520_mapped_parchment_2023.09.03-1.20.1/framedblocks-441647-7386520_mapped_parchment_2023.09.03-1.20.1.jar
[05May2026 20:08:49.055] [main/DEBUG] [net.minecraftforge.fml.loading.moddiscovery.ModFileInfo/LOADING]: Found valid mod file framedblocks-441647-7386520_mapped_parchment_2023.09.03-1.20.1.jar with {framedblocks} mods - versions {9.4.3}
[05May2026 20:08:49.057] [main/DEBUG] [net.minecraftforge.fml.loading.moddiscovery.ModFileParser/LOADING]: Considering mod file candidate /Users/bowieconnors/.gradle/caches/forge_gradle/deobf_dependencies/mezz/jei/jei-1.20.1-forge/15.20.0.129_mapped_parchment_2023.09.03-1.20.1/jei-1.20.1-forge-15.20.0.129_mapped_parchment_2023.09.03-1.20.1.jar
[05May2026 20:08:49.059] [main/DEBUG] [net.minecraftforge.fml.loading.moddiscovery.ModFileInfo/LOADING]: Found valid mod file jei-1.20.1-forge-15.20.0.129_mapped_parchment_2023.09.03-1.20.1.jar with {jei} mods - versions {15.20.0.129}
[05May2026 20:08:49.066] [main/DEBUG] [net.minecraftforge.fml.loading.UniqueModListBuilder/]: Found 2 mods for first modid framedblocks, selecting most recent based on version data
[05May2026 20:08:49.067] [main/DEBUG] [net.minecraftforge.fml.loading.UniqueModListBuilder/]: Selected file framedblocks-441647-7386520_mapped_parchment_2023.09.03-1.20.1.jar for modid framedblocks with version 9.4.3
[05May2026 20:08:49.067] [main/DEBUG] [net.minecraftforge.fml.loading.UniqueModListBuilder/]: Found 2 mods for first modid mcwroofs, selecting most recent based on version data
[05May2026 20:08:49.068] [main/DEBUG] [net.minecraftforge.fml.loading.UniqueModListBuilder/]: Selected file macaws-roofs-352039-6494466_mapped_parchment_2023.09.03-1.20.1.jar for modid mcwroofs with version 2.3.2
[05May2026 20:08:49.068] [main/DEBUG] [net.minecraftforge.fml.loading.UniqueModListBuilder/]: Found 2 mods for first modid mcwdoors, selecting most recent based on version data
[05May2026 20:08:49.068] [main/DEBUG] [net.minecraftforge.fml.loading.UniqueModListBuilder/]: Selected file macaws-doors-378646-6146379_mapped_parchment_2023.09.03-1.20.1.jar for modid mcwdoors with version 1.1.2
[05May2026 20:08:49.068] [main/DEBUG] [net.minecraftforge.fml.loading.UniqueModListBuilder/]: Found 2 mods for first modid fantasyfurniture, selecting most recent based on version data
[05May2026 20:08:49.068] [main/DEBUG] [net.minecraftforge.fml.loading.UniqueModListBuilder/]: Selected file fantasys-furniture-579564-4702176_mapped_parchment_2023.09.03-1.20.1.jar for modid fantasyfurniture with version 9.0.0
[05May2026 20:08:49.068] [main/DEBUG] [net.minecraftforge.fml.loading.UniqueModListBuilder/]: Found 2 mods for first modid mcwpaths, selecting most recent based on version data
[05May2026 20:08:49.068] [main/DEBUG] [net.minecraftforge.fml.loading.UniqueModListBuilder/]: Selected file macaws-paths-and-pavings-629153-7029554_mapped_parchment_2023.09.03-1.20.1.jar for modid mcwpaths with version 1.1.1
[05May2026 20:08:49.069] [main/DEBUG] [net.minecraftforge.fml.loading.UniqueModListBuilder/]: Found 2 mods for first modid jei, selecting most recent based on version data
[05May2026 20:08:49.069] [main/DEBUG] [net.minecraftforge.fml.loading.UniqueModListBuilder/]: Selected file jei-1.20.1-forge-15.20.0.129_mapped_parchment_2023.09.03-1.20.1.jar for modid jei with version 15.20.0.129
[05May2026 20:08:49.077] [main/DEBUG] [net.minecraftforge.fml.loading.moddiscovery.AbstractJarFileDependencyLocator/]: Failed to load resource META-INF/jarjar/metadata.json from forge-1.20.1-47.4.10_mapped_parchment_2023.09.03-1.20.1-recomp.jar, it does not contain dependency information.
[05May2026 20:08:49.078] [main/DEBUG] [net.minecraftforge.fml.loading.moddiscovery.AbstractJarFileDependencyLocator/]: Failed to load resource META-INF/jarjar/metadata.json from , it does not contain dependency information.
[05May2026 20:08:49.078] [main/DEBUG] [net.minecraftforge.fml.loading.moddiscovery.AbstractJarFileDependencyLocator/]: Failed to load resource META-INF/jarjar/metadata.json from main, it does not contain dependency information.
[05May2026 20:08:49.078] [main/DEBUG] [net.minecraftforge.fml.loading.moddiscovery.AbstractJarFileDependencyLocator/]: Failed to load resource META-INF/jarjar/metadata.json from macaws-roofs-352039-6494466_mapped_parchment_2023.09.03-1.20.1.jar, it does not contain dependency information.
[05May2026 20:08:49.078] [main/DEBUG] [net.minecraftforge.fml.loading.moddiscovery.AbstractJarFileDependencyLocator/]: Failed to load resource META-INF/jarjar/metadata.json from macaws-doors-378646-6146379_mapped_parchment_2023.09.03-1.20.1.jar, it does not contain dependency information.
[05May2026 20:08:49.079] [main/DEBUG] [net.minecraftforge.fml.loading.moddiscovery.AbstractJarFileDependencyLocator/]: Failed to load resource META-INF/jarjar/metadata.json from macaws-paths-and-pavings-629153-7029554_mapped_parchment_2023.09.03-1.20.1.jar, it does not contain dependency information.
[05May2026 20:08:49.079] [main/DEBUG] [net.minecraftforge.fml.loading.moddiscovery.AbstractJarFileDependencyLocator/]: Failed to load resource META-INF/jarjar/metadata.json from jei-1.20.1-forge-15.20.0.129_mapped_parchment_2023.09.03-1.20.1.jar, it does not contain dependency information.
[05May2026 20:08:49.079] [main/DEBUG] [net.minecraftforge.fml.loading.moddiscovery.AbstractJarFileDependencyLocator/]: Failed to load resource META-INF/jarjar/metadata.json from mclanguage-1.20.1-47.4.10.jar, it does not contain dependency information.
[05May2026 20:08:49.079] [main/DEBUG] [net.minecraftforge.fml.loading.moddiscovery.AbstractJarFileDependencyLocator/]: Failed to load resource META-INF/jarjar/metadata.json from javafmllanguage-1.20.1-47.4.10.jar, it does not contain dependency information.
[05May2026 20:08:49.079] [main/DEBUG] [net.minecraftforge.fml.loading.moddiscovery.AbstractJarFileDependencyLocator/]: Failed to load resource META-INF/jarjar/metadata.json from fmlcore-1.20.1-47.4.10.jar, it does not contain dependency information.
[05May2026 20:08:49.080] [main/DEBUG] [net.minecraftforge.fml.loading.moddiscovery.AbstractJarFileDependencyLocator/]: Failed to load resource META-INF/jarjar/metadata.json from lowcodelanguage-1.20.1-47.4.10.jar, it does not contain dependency information.
[05May2026 20:08:49.160] [main/DEBUG] [net.minecraftforge.fml.loading.moddiscovery.ModFileParser/LOADING]: Considering mod file candidate 
[05May2026 20:08:49.162] [main/DEBUG] [net.minecraftforge.fml.loading.moddiscovery.ModFileInfo/LOADING]: Found valid mod file mixinextras-forge-0.2.0-rc.4.jar with {mixinextras} mods - versions {0.2.0-rc.4}
[05May2026 20:08:49.170] [main/DEBUG] [net.minecraftforge.fml.loading.moddiscovery.ModFileParser/LOADING]: Considering mod file candidate 
[05May2026 20:08:49.172] [main/DEBUG] [net.minecraftforge.fml.loading.moddiscovery.ModFileInfo/LOADING]: Found valid mod file apexcore-1.20.1-10.0.0.jar with {apexcore} mods - versions {10.0.0}
[05May2026 20:08:49.173] [main/DEBUG] [net.minecraftforge.fml.loading.moddiscovery.AbstractJarFileDependencyLocator/]: Failed to load resource META-INF/jarjar/metadata.json from caffeine-3.2.1.jar, it does not contain dependency information.
[05May2026 20:08:49.191] [main/DEBUG] [net.minecraftforge.fml.loading.moddiscovery.ModFileParser/LOADING]: Considering mod file candidate 
[05May2026 20:08:49.192] [main/DEBUG] [net.minecraftforge.fml.loading.moddiscovery.ModFileInfo/LOADING]: Found valid mod file commonality-1.20.1-7.0.0.jar with {commonality} mods - versions {7.0.0}
[05May2026 20:08:49.193] [main/DEBUG] [net.minecraftforge.fml.loading.moddiscovery.AbstractJarFileDependencyLocator/]: Failed to load resource META-INF/jarjar/metadata.json from MixinExtras-0.2.0-rc.4.jar, it does not contain dependency information.
[05May2026 20:08:49.193] [main/DEBUG] [net.minecraftforge.fml.loading.moddiscovery.AbstractJarFileDependencyLocator/]: Failed to load resource META-INF/jarjar/metadata.json from Registrate-MC1.20-1.3.3.jar, it does not contain dependency information.
[05May2026 20:08:49.225] [main/DEBUG] [net.minecraftforge.fml.loading.moddiscovery.ModFileParser/LOADING]: Considering mod file candidate 
[05May2026 20:08:49.226] [main/DEBUG] [net.minecraftforge.fml.loading.moddiscovery.ModFileInfo/LOADING]: Found valid mod file apexcore-1.20.1-10.0.0.jar with {apexcore} mods - versions {10.0.0}
[05May2026 20:08:49.255] [main/DEBUG] [net.minecraftforge.fml.loading.moddiscovery.ModFileParser/LOADING]: Considering mod file candidate 
[05May2026 20:08:49.255] [main/DEBUG] [net.minecraftforge.fml.loading.moddiscovery.ModFileInfo/LOADING]: Found valid mod file commonality-1.20.1-7.0.0.jar with {commonality} mods - versions {7.0.0}
[05May2026 20:08:49.258] [main/DEBUG] [net.minecraftforge.fml.loading.moddiscovery.ModFileParser/LOADING]: Considering mod file candidate 
[05May2026 20:08:49.259] [main/DEBUG] [net.minecraftforge.fml.loading.moddiscovery.ModFileInfo/LOADING]: Found valid mod file mixinextras-forge-0.2.0-rc.4.jar with {mixinextras} mods - versions {0.2.0-rc.4}
[05May2026 20:08:49.261] [main/INFO] [net.minecraftforge.fml.loading.moddiscovery.JarInJarDependencyLocator/]: Found 6 dependencies adding them to mods collection
[05May2026 20:08:49.263] [main/DEBUG] [net.minecraftforge.fml.loading.moddiscovery.ModFileInfo/LOADING]: Found valid mod file forge-1.20.1-47.4.10_mapped_parchment_2023.09.03-1.20.1-recomp.jar with {minecraft} mods - versions {1.20.1}
[05May2026 20:08:49.266] [main/DEBUG] [net.minecraftforge.fml.loading.moddiscovery.ModFile/LOADING]: Loading mod file /Users/bowieconnors/.gradle/caches/forge_gradle/minecraft_user_repo/net/minecraftforge/forge/1.20.1-47.4.10_mapped_parchment_2023.09.03-1.20.1/forge-1.20.1-47.4.10_mapped_parchment_2023.09.03-1.20.1-recomp.jar with languages [LanguageSpec[languageName=minecraft, acceptedVersions=1]]
[05May2026 20:08:49.268] [main/DEBUG] [net.minecraftforge.fml.loading.moddiscovery.ModFileParser/LOADING]: Considering mod file candidate /Users/bowieconnors/.gradle/caches/forge_gradle/deobf_dependencies/curse/maven/framedblocks-441647/7386520_mapped_parchment_2023.09.03-1.20.1/framedblocks-441647-7386520_mapped_parchment_2023.09.03-1.20.1.jar
[05May2026 20:08:49.269] [main/DEBUG] [net.minecraftforge.fml.loading.moddiscovery.ModFileInfo/LOADING]: Found valid mod file framedblocks-441647-7386520_mapped_parchment_2023.09.03-1.20.1.jar with {framedblocks} mods - versions {9.4.3}
[05May2026 20:08:49.269] [main/DEBUG] [net.minecraftforge.fml.loading.moddiscovery.ModFile/LOADING]: Loading mod file /Users/bowieconnors/.gradle/caches/forge_gradle/deobf_dependencies/curse/maven/framedblocks-441647/7386520_mapped_parchment_2023.09.03-1.20.1/framedblocks-441647-7386520_mapped_parchment_2023.09.03-1.20.1.jar with languages [LanguageSpec[languageName=javafml, acceptedVersions=[47,)]]
[05May2026 20:08:49.269] [main/DEBUG] [net.minecraftforge.fml.loading.moddiscovery.ModFileParser/LOADING]: Considering mod file candidate 
[05May2026 20:08:49.270] [main/DEBUG] [net.minecraftforge.fml.loading.moddiscovery.ModFileInfo/LOADING]: Found valid mod file commonality-1.20.1-7.0.0.jar with {commonality} mods - versions {7.0.0}
[05May2026 20:08:49.270] [main/DEBUG] [net.minecraftforge.fml.loading.moddiscovery.ModFile/LOADING]: Loading mod file  with languages [LanguageSpec[languageName=javafml, acceptedVersions=[46,48)]]
[05May2026 20:08:49.270] [main/DEBUG] [net.minecraftforge.fml.loading.moddiscovery.ModFileParser/LOADING]: Considering mod file candidate /Users/bowieconnors/.gradle/caches/forge_gradle/deobf_dependencies/curse/maven/macaws-roofs-352039/6494466_mapped_parchment_2023.09.03-1.20.1/macaws-roofs-352039-6494466_mapped_parchment_2023.09.03-1.20.1.jar
[05May2026 20:08:49.270] [main/DEBUG] [net.minecraftforge.fml.loading.moddiscovery.ModFileInfo/LOADING]: Found valid mod file macaws-roofs-352039-6494466_mapped_parchment_2023.09.03-1.20.1.jar with {mcwroofs} mods - versions {2.3.2}
[05May2026 20:08:49.271] [main/DEBUG] [net.minecraftforge.fml.loading.moddiscovery.ModFile/LOADING]: Loading mod file /Users/bowieconnors/.gradle/caches/forge_gradle/deobf_dependencies/curse/maven/macaws-roofs-352039/6494466_mapped_parchment_2023.09.03-1.20.1/macaws-roofs-352039-6494466_mapped_parchment_2023.09.03-1.20.1.jar with languages [LanguageSpec[languageName=javafml, acceptedVersions=[28,)]]
[05May2026 20:08:49.271] [main/DEBUG] [net.minecraftforge.fml.loading.moddiscovery.ModFileParser/LOADING]: Considering mod file candidate /Users/bowieconnors/.gradle/caches/forge_gradle/deobf_dependencies/curse/maven/macaws-doors-378646/6146379_mapped_parchment_2023.09.03-1.20.1/macaws-doors-378646-6146379_mapped_parchment_2023.09.03-1.20.1.jar
[05May2026 20:08:49.271] [main/DEBUG] [net.minecraftforge.fml.loading.moddiscovery.ModFileInfo/LOADING]: Found valid mod file macaws-doors-378646-6146379_mapped_parchment_2023.09.03-1.20.1.jar with {mcwdoors} mods - versions {1.1.2}
[05May2026 20:08:49.272] [main/DEBUG] [net.minecraftforge.fml.loading.moddiscovery.ModFile/LOADING]: Loading mod file /Users/bowieconnors/.gradle/caches/forge_gradle/deobf_dependencies/curse/maven/macaws-doors-378646/6146379_mapped_parchment_2023.09.03-1.20.1/macaws-doors-378646-6146379_mapped_parchment_2023.09.03-1.20.1.jar with languages [LanguageSpec[languageName=javafml, acceptedVersions=[28,)]]
[05May2026 20:08:49.272] [main/DEBUG] [net.minecraftforge.fml.loading.moddiscovery.ModFileParser/LOADING]: Considering mod file candidate 
[05May2026 20:08:49.272] [main/DEBUG] [net.minecraftforge.fml.loading.moddiscovery.ModFileInfo/LOADING]: Found valid mod file apexcore-1.20.1-10.0.0.jar with {apexcore} mods - versions {10.0.0}
[05May2026 20:08:49.272] [main/DEBUG] [net.minecraftforge.fml.loading.moddiscovery.ModFile/LOADING]: Loading mod file  with languages [LanguageSpec[languageName=javafml, acceptedVersions=[46,48)]]
[05May2026 20:08:49.272] [main/DEBUG] [net.minecraftforge.fml.loading.moddiscovery.ModFileParser/LOADING]: Considering mod file candidate /Users/bowieconnors/.gradle/caches/forge_gradle/deobf_dependencies/mezz/jei/jei-1.20.1-forge/15.20.0.129_mapped_parchment_2023.09.03-1.20.1/jei-1.20.1-forge-15.20.0.129_mapped_parchment_2023.09.03-1.20.1.jar
[05May2026 20:08:49.273] [main/DEBUG] [net.minecraftforge.fml.loading.moddiscovery.ModFileInfo/LOADING]: Found valid mod file jei-1.20.1-forge-15.20.0.129_mapped_parchment_2023.09.03-1.20.1.jar with {jei} mods - versions {15.20.0.129}
[05May2026 20:08:49.273] [main/DEBUG] [net.minecraftforge.fml.loading.moddiscovery.ModFile/LOADING]: Loading mod file /Users/bowieconnors/.gradle/caches/forge_gradle/deobf_dependencies/mezz/jei/jei-1.20.1-forge/15.20.0.129_mapped_parchment_2023.09.03-1.20.1/jei-1.20.1-forge-15.20.0.129_mapped_parchment_2023.09.03-1.20.1.jar with languages [LanguageSpec[languageName=javafml, acceptedVersions=[47,)]]
[05May2026 20:08:49.273] [main/DEBUG] [net.minecraftforge.fml.loading.moddiscovery.ModFileParser/LOADING]: Considering mod file candidate /
[05May2026 20:08:49.274] [main/DEBUG] [net.minecraftforge.fml.loading.moddiscovery.ModFileInfo/LOADING]: Found valid mod file  with {forge} mods - versions {47.4.10}
[05May2026 20:08:49.274] [main/DEBUG] [net.minecraftforge.fml.loading.moddiscovery.ModFile/LOADING]: Loading mod file / with languages [LanguageSpec[languageName=javafml, acceptedVersions=[24,]]]
[05May2026 20:08:49.277] [main/DEBUG] [net.minecraftforge.fml.loading.moddiscovery.ModFileParser/LOADING]: Found coremod field_to_method with Javascript path coremods/field_to_method.js
[05May2026 20:08:49.278] [main/DEBUG] [net.minecraftforge.fml.loading.moddiscovery.ModFileParser/LOADING]: Found coremod field_to_instanceof with Javascript path coremods/field_to_instanceof.js
[05May2026 20:08:49.278] [main/DEBUG] [net.minecraftforge.fml.loading.moddiscovery.ModFileParser/LOADING]: Found coremod add_bouncer_method with Javascript path coremods/add_bouncer_method.js
[05May2026 20:08:49.278] [main/DEBUG] [net.minecraftforge.fml.loading.moddiscovery.ModFileParser/LOADING]: Found coremod method_redirector with Javascript path coremods/method_redirector.js
[05May2026 20:08:49.278] [main/DEBUG] [net.minecraftforge.fml.loading.moddiscovery.ModFile/LOADING]: Found coremod coremods/field_to_method.js
[05May2026 20:08:49.278] [main/DEBUG] [net.minecraftforge.fml.loading.moddiscovery.ModFile/LOADING]: Found coremod coremods/field_to_instanceof.js
[05May2026 20:08:49.278] [main/DEBUG] [net.minecraftforge.fml.loading.moddiscovery.ModFile/LOADING]: Found coremod coremods/add_bouncer_method.js
[05May2026 20:08:49.278] [main/DEBUG] [net.minecraftforge.fml.loading.moddiscovery.ModFile/LOADING]: Found coremod coremods/method_redirector.js
[05May2026 20:08:49.278] [main/DEBUG] [net.minecraftforge.fml.loading.moddiscovery.ModFileParser/LOADING]: Considering mod file candidate /Users/bowieconnors/Documents/GitHub/Thuumcraft/Thuumcraft/build/resources/main
[05May2026 20:08:49.279] [main/DEBUG] [net.minecraftforge.fml.loading.moddiscovery.ModFileInfo/LOADING]: Found valid mod file main with {thuumcraft} mods - versions {1.0-1.20.1}
[05May2026 20:08:49.279] [main/DEBUG] [net.minecraftforge.fml.loading.moddiscovery.ModFile/LOADING]: Loading mod file /Users/bowieconnors/Documents/GitHub/Thuumcraft/Thuumcraft/build/resources/main with languages [LanguageSpec[languageName=javafml, acceptedVersions=[47,)]]
[05May2026 20:08:49.280] [main/DEBUG] [net.minecraftforge.fml.loading.moddiscovery.ModFileParser/LOADING]: Considering mod file candidate /Users/bowieconnors/.gradle/caches/forge_gradle/deobf_dependencies/curse/maven/fantasys-furniture-579564/4702176_mapped_parchment_2023.09.03-1.20.1/fantasys-furniture-579564-4702176_mapped_parchment_2023.09.03-1.20.1.jar
[05May2026 20:08:49.280] [main/DEBUG] [net.minecraftforge.fml.loading.moddiscovery.ModFileInfo/LOADING]: Found valid mod file fantasys-furniture-579564-4702176_mapped_parchment_2023.09.03-1.20.1.jar with {fantasyfurniture} mods - versions {9.0.0}
[05May2026 20:08:49.281] [main/DEBUG] [net.minecraftforge.fml.loading.moddiscovery.ModFile/LOADING]: Loading mod file /Users/bowieconnors/.gradle/caches/forge_gradle/deobf_dependencies/curse/maven/fantasys-furniture-579564/4702176_mapped_parchment_2023.09.03-1.20.1/fantasys-furniture-579564-4702176_mapped_parchment_2023.09.03-1.20.1.jar with languages [LanguageSpec[languageName=javafml, acceptedVersions=[46,48)]]
[05May2026 20:08:49.281] [main/DEBUG] [net.minecraftforge.fml.loading.moddiscovery.ModFileParser/LOADING]: Considering mod file candidate /Users/bowieconnors/.gradle/caches/forge_gradle/deobf_dependencies/curse/maven/macaws-paths-and-pavings-629153/7029554_mapped_parchment_2023.09.03-1.20.1/macaws-paths-and-pavings-629153-7029554_mapped_parchment_2023.09.03-1.20.1.jar
[05May2026 20:08:49.281] [main/DEBUG] [net.minecraftforge.fml.loading.moddiscovery.ModFileInfo/LOADING]: Found valid mod file macaws-paths-and-pavings-629153-7029554_mapped_parchment_2023.09.03-1.20.1.jar with {mcwpaths} mods - versions {1.1.1}
[05May2026 20:08:49.281] [main/DEBUG] [net.minecraftforge.fml.loading.moddiscovery.ModFile/LOADING]: Loading mod file /Users/bowieconnors/.gradle/caches/forge_gradle/deobf_dependencies/curse/maven/macaws-paths-and-pavings-629153/7029554_mapped_parchment_2023.09.03-1.20.1/macaws-paths-and-pavings-629153-7029554_mapped_parchment_2023.09.03-1.20.1.jar with languages [LanguageSpec[languageName=javafml, acceptedVersions=[28,)]]
[05May2026 20:08:49.281] [main/DEBUG] [net.minecraftforge.fml.loading.moddiscovery.ModFileParser/LOADING]: Considering mod file candidate 
[05May2026 20:08:49.282] [main/DEBUG] [net.minecraftforge.fml.loading.moddiscovery.ModFileInfo/LOADING]: Found valid mod file mixinextras-forge-0.2.0-rc.4.jar with {mixinextras} mods - versions {0.2.0-rc.4}
[05May2026 20:08:49.282] [main/DEBUG] [net.minecraftforge.fml.loading.moddiscovery.ModFile/LOADING]: Loading mod file  with languages [LanguageSpec[languageName=javafml, acceptedVersions=*]]
[05May2026 20:08:49.282] [main/DEBUG] [net.minecraftforge.fml.loading.moddiscovery.ModFile/LOADING]: Loading mod file  with languages []
[05May2026 20:08:49.283] [main/DEBUG] [net.minecraftforge.fml.loading.moddiscovery.ModFile/LOADING]: Loading mod file  with languages []
[05May2026 20:08:49.283] [main/DEBUG] [net.minecraftforge.fml.loading.moddiscovery.ModFile/LOADING]: Loading mod file  with languages []
[05May2026 20:08:49.283] [main/DEBUG] [net.minecraftforge.fml.loading.moddiscovery.ModFileParser/LOADING]: Considering mod file candidate 
[05May2026 20:08:49.283] [main/DEBUG] [net.minecraftforge.fml.loading.moddiscovery.ModFileInfo/LOADING]: Found valid mod file mixinextras-forge-0.2.0-rc.4.jar with {mixinextras} mods - versions {0.2.0-rc.4}
[05May2026 20:08:49.283] [main/DEBUG] [net.minecraftforge.fml.loading.moddiscovery.ModFile/LOADING]: Loading mod file  with languages [LanguageSpec[languageName=javafml, acceptedVersions=*]]
[05May2026 20:08:49.283] [main/DEBUG] [net.minecraftforge.fml.loading.moddiscovery.ModFile/LOADING]: Loading mod file  with languages []
[05May2026 20:08:49.283] [main/DEBUG] [net.minecraftforge.fml.loading.moddiscovery.ModFile/LOADING]: Loading mod file  with languages []
[05May2026 20:08:49.284] [main/DEBUG] [net.minecraftforge.fml.loading.moddiscovery.ModFile/LOADING]: Loading mod file  with languages []
[05May2026 20:08:49.285] [main/DEBUG] [cpw.mods.modlauncher.TransformationServiceDecorator/MODLAUNCHER]: End scan trigger - transformation service fml
[05May2026 20:08:49.298] [main/DEBUG] [net.minecraftforge.fml.loading.LanguageLoadingProvider/CORE]: Found 3 language providers
[05May2026 20:08:49.299] [main/DEBUG] [net.minecraftforge.fml.loading.LanguageLoadingProvider/CORE]: Found language provider minecraft, version 1.0
[05May2026 20:08:49.300] [main/DEBUG] [net.minecraftforge.fml.loading.LanguageLoadingProvider/CORE]: Found language provider lowcodefml, version 47
[05May2026 20:08:49.300] [main/DEBUG] [net.minecraftforge.fml.loading.LanguageLoadingProvider/CORE]: Found language provider javafml, version 47
[05May2026 20:08:49.303] [main/DEBUG] [net.minecraftforge.fml.loading.UniqueModListBuilder/]: Found 2 mods for first modid mixinextras, selecting most recent based on version data
[05May2026 20:08:49.303] [main/DEBUG] [net.minecraftforge.fml.loading.UniqueModListBuilder/]: Selected file mixinextras-forge-0.2.0-rc.4.jar for modid mixinextras with version 0.2.0-rc.4
[05May2026 20:08:49.303] [main/DEBUG] [net.minecraftforge.fml.loading.UniqueModListBuilder/]: Found 2 mods for first modid com.github.benmanes.caffeine, selecting most recent based on version data
[05May2026 20:08:49.303] [main/DEBUG] [net.minecraftforge.fml.loading.UniqueModListBuilder/]: Selected file caffeine-3.2.1.jar for modid com.github.benmanes.caffeine with version 3.2.1
[05May2026 20:08:49.303] [main/DEBUG] [net.minecraftforge.fml.loading.UniqueModListBuilder/]: Found 2 mods for first modid MixinExtras.rc._4, selecting most recent based on version data
[05May2026 20:08:49.303] [main/DEBUG] [net.minecraftforge.fml.loading.UniqueModListBuilder/]: Selected file MixinExtras-0.2.0-rc.4.jar for modid MixinExtras.rc._4 with version 0.0NONE
[05May2026 20:08:49.303] [main/DEBUG] [net.minecraftforge.fml.loading.UniqueModListBuilder/]: Found 2 mods for first modid Registrate.MC1._20, selecting most recent based on version data
[05May2026 20:08:49.304] [main/DEBUG] [net.minecraftforge.fml.loading.UniqueModListBuilder/]: Selected file Registrate-MC1.20-1.3.3.jar for modid Registrate.MC1._20 with version 0.0NONE
[05May2026 20:08:49.305] [main/DEBUG] [net.minecraftforge.fml.loading.ModSorter/]: Configured system mods: [minecraft, forge]
[05May2026 20:08:49.306] [main/DEBUG] [net.minecraftforge.fml.loading.ModSorter/]: Found system mod: minecraft
[05May2026 20:08:49.306] [main/DEBUG] [net.minecraftforge.fml.loading.ModSorter/]: Found system mod: forge
[05May2026 20:08:49.309] [main/DEBUG] [net.minecraftforge.fml.loading.ModSorter/LOADING]: Found 31 mod requirements (20 mandatory, 11 optional)
[05May2026 20:08:49.310] [main/DEBUG] [net.minecraftforge.fml.loading.ModSorter/LOADING]: Found 0 mod requirements missing (0 mandatory, 0 optional)
[05May2026 20:08:49.759] [main/DEBUG] [net.minecraftforge.fml.loading.MCPNamingService/CORE]: Loaded 34318 method mappings from methods.csv
[05May2026 20:08:49.791] [main/DEBUG] [net.minecraftforge.fml.loading.MCPNamingService/CORE]: Loaded 31014 field mappings from fields.csv
[05May2026 20:08:49.875] [main/DEBUG] [cpw.mods.modlauncher.TransformationServicesHandler/MODLAUNCHER]: Transformation services loading transformers
[05May2026 20:08:49.877] [main/DEBUG] [cpw.mods.modlauncher.TransformationServiceDecorator/MODLAUNCHER]: Initializing transformers for transformation service mixin
[05May2026 20:08:49.880] [main/DEBUG] [cpw.mods.modlauncher.TransformationServiceDecorator/MODLAUNCHER]: Initialized transformers for transformation service mixin
[05May2026 20:08:49.880] [main/DEBUG] [cpw.mods.modlauncher.TransformationServiceDecorator/MODLAUNCHER]: Initializing transformers for transformation service fml
[05May2026 20:08:49.880] [main/DEBUG] [net.minecraftforge.fml.loading.FMLServiceProvider/CORE]: Loading coremod transformers
[05May2026 20:08:49.881] [main/DEBUG] [net.minecraftforge.coremod.CoreModEngine/COREMOD]: Loading CoreMod from coremods/field_to_method.js
[05May2026 20:08:50.046] [main/DEBUG] [net.minecraftforge.coremod.CoreModEngine/COREMOD]: CoreMod loaded successfully
[05May2026 20:08:50.047] [main/DEBUG] [net.minecraftforge.coremod.CoreModEngine/COREMOD]: Loading CoreMod from coremods/field_to_instanceof.js
[05May2026 20:08:50.145] [main/DEBUG] [net.minecraftforge.coremod.CoreModEngine/COREMOD]: CoreMod loaded successfully
[05May2026 20:08:50.146] [main/DEBUG] [net.minecraftforge.coremod.CoreModEngine/COREMOD]: Loading CoreMod from coremods/add_bouncer_method.js
[05May2026 20:08:50.185] [main/DEBUG] [net.minecraftforge.coremod.CoreModEngine/COREMOD]: CoreMod loaded successfully
[05May2026 20:08:50.186] [main/DEBUG] [net.minecraftforge.coremod.CoreModEngine/COREMOD]: Loading CoreMod from coremods/method_redirector.js
[05May2026 20:08:50.255] [main/DEBUG] [net.minecraftforge.coremod.CoreModEngine/COREMOD]: CoreMod loaded successfully
[05May2026 20:08:50.268] [main/DEBUG] [cpw.mods.modlauncher.TransformStore/MODLAUNCHER]: Adding transformer net.minecraftforge.coremod.transformer.CoreModClassTransformer@29b40b3 to Target : CLASS {Lnet/minecraft/world/level/biome/Biome;} {} {V}
[05May2026 20:08:50.269] [main/DEBUG] [cpw.mods.modlauncher.TransformStore/MODLAUNCHER]: Adding transformer net.minecraftforge.coremod.transformer.CoreModClassTransformer@2b0dc227 to Target : CLASS {Lnet/minecraft/world/level/levelgen/structure/Structure;} {} {V}
[05May2026 20:08:50.269] [main/DEBUG] [cpw.mods.modlauncher.TransformStore/MODLAUNCHER]: Adding transformer net.minecraftforge.coremod.transformer.CoreModClassTransformer@37ad042b to Target : CLASS {Lnet/minecraft/world/effect/MobEffectInstance;} {} {V}
[05May2026 20:08:50.269] [main/DEBUG] [cpw.mods.modlauncher.TransformStore/MODLAUNCHER]: Adding transformer net.minecraftforge.coremod.transformer.CoreModClassTransformer@43bdaa1b to Target : CLASS {Lnet/minecraft/world/level/block/LiquidBlock;} {} {V}
[05May2026 20:08:50.269] [main/DEBUG] [cpw.mods.modlauncher.TransformStore/MODLAUNCHER]: Adding transformer net.minecraftforge.coremod.transformer.CoreModClassTransformer@30b975ad to Target : CLASS {Lnet/minecraft/world/item/BucketItem;} {} {V}
[05May2026 20:08:50.269] [main/DEBUG] [cpw.mods.modlauncher.TransformStore/MODLAUNCHER]: Adding transformer net.minecraftforge.coremod.transformer.CoreModClassTransformer@75e09567 to Target : CLASS {Lnet/minecraft/world/level/block/StairBlock;} {} {V}
[05May2026 20:08:50.269] [main/DEBUG] [cpw.mods.modlauncher.TransformStore/MODLAUNCHER]: Adding transformer net.minecraftforge.coremod.transformer.CoreModClassTransformer@2a334bac to Target : CLASS {Lnet/minecraft/world/level/block/FlowerPotBlock;} {} {V}
[05May2026 20:08:50.269] [main/DEBUG] [cpw.mods.modlauncher.TransformStore/MODLAUNCHER]: Adding transformer net.minecraftforge.coremod.transformer.CoreModClassTransformer@470d183 to Target : CLASS {Lnet/minecraft/world/item/ItemStack;} {} {V}
[05May2026 20:08:50.269] [main/DEBUG] [cpw.mods.modlauncher.TransformStore/MODLAUNCHER]: Adding transformer net.minecraftforge.coremod.transformer.CoreModClassTransformer@7f9fc8bd to Target : CLASS {Lnet/minecraft/network/play/client/CClientSettingsPacket;} {} {V}
[05May2026 20:08:50.270] [main/DEBUG] [cpw.mods.modlauncher.TransformStore/MODLAUNCHER]: Adding transformer net.minecraftforge.coremod.transformer.CoreModClassTransformer@ea52184 to Target : CLASS {Lnet/minecraft/world/entity/animal/horse/SkeletonTrapGoal;} {} {V}
[05May2026 20:08:50.270] [main/DEBUG] [cpw.mods.modlauncher.TransformStore/MODLAUNCHER]: Adding transformer net.minecraftforge.coremod.transformer.CoreModClassTransformer@ea52184 to Target : CLASS {Lnet/minecraft/world/level/levelgen/PhantomSpawner;} {} {V}
[05May2026 20:08:50.270] [main/DEBUG] [cpw.mods.modlauncher.TransformStore/MODLAUNCHER]: Adding transformer net.minecraftforge.coremod.transformer.CoreModClassTransformer@ea52184 to Target : CLASS {Lnet/minecraft/world/level/levelgen/structure/structures/OceanMonumentPieces$OceanMonumentPiece;} {} {V}
[05May2026 20:08:50.270] [main/DEBUG] [cpw.mods.modlauncher.TransformStore/MODLAUNCHER]: Adding transformer net.minecraftforge.coremod.transformer.CoreModClassTransformer@ea52184 to Target : CLASS {Lnet/minecraft/world/level/levelgen/structure/structures/SwampHutPiece;} {} {V}
[05May2026 20:08:50.270] [main/DEBUG] [cpw.mods.modlauncher.TransformStore/MODLAUNCHER]: Adding transformer net.minecraftforge.coremod.transformer.CoreModClassTransformer@ea52184 to Target : CLASS {Lnet/minecraft/world/entity/animal/frog/Tadpole;} {} {V}
[05May2026 20:08:50.270] [main/DEBUG] [cpw.mods.modlauncher.TransformStore/MODLAUNCHER]: Adding transformer net.minecraftforge.coremod.transformer.CoreModClassTransformer@ea52184 to Target : CLASS {Lnet/minecraft/world/entity/monster/ZombieVillager;} {} {V}
[05May2026 20:08:50.270] [main/DEBUG] [cpw.mods.modlauncher.TransformStore/MODLAUNCHER]: Adding transformer net.minecraftforge.coremod.transformer.CoreModClassTransformer@ea52184 to Target : CLASS {Lnet/minecraft/server/commands/RaidCommand;} {} {V}
[05May2026 20:08:50.270] [main/DEBUG] [cpw.mods.modlauncher.TransformStore/MODLAUNCHER]: Adding transformer net.minecraftforge.coremod.transformer.CoreModClassTransformer@ea52184 to Target : CLASS {Lnet/minecraft/world/level/levelgen/structure/structures/WoodlandMansionPieces$WoodlandMansionPiece;} {} {V}
[05May2026 20:08:50.270] [main/DEBUG] [cpw.mods.modlauncher.TransformStore/MODLAUNCHER]: Adding transformer net.minecraftforge.coremod.transformer.CoreModClassTransformer@ea52184 to Target : CLASS {Lnet/minecraft/world/entity/monster/Evoker$EvokerSummonSpellGoal;} {} {V}
[05May2026 20:08:50.270] [main/DEBUG] [cpw.mods.modlauncher.TransformStore/MODLAUNCHER]: Adding transformer net.minecraftforge.coremod.transformer.CoreModClassTransformer@ea52184 to Target : CLASS {Lnet/minecraft/world/entity/ai/village/VillageSiege;} {} {V}
[05May2026 20:08:50.270] [main/DEBUG] [cpw.mods.modlauncher.TransformStore/MODLAUNCHER]: Adding transformer net.minecraftforge.coremod.transformer.CoreModClassTransformer@ea52184 to Target : CLASS {Lnet/minecraft/world/level/levelgen/structure/structures/OceanRuinPieces$OceanRuinPiece;} {} {V}
[05May2026 20:08:50.270] [main/DEBUG] [cpw.mods.modlauncher.TransformStore/MODLAUNCHER]: Adding transformer net.minecraftforge.coremod.transformer.CoreModClassTransformer@ea52184 to Target : CLASS {Lnet/minecraft/world/entity/npc/Villager;} {} {V}
[05May2026 20:08:50.270] [main/DEBUG] [cpw.mods.modlauncher.TransformStore/MODLAUNCHER]: Adding transformer net.minecraftforge.coremod.transformer.CoreModClassTransformer@ea52184 to Target : CLASS {Lnet/minecraft/world/entity/raid/Raid;} {} {V}
[05May2026 20:08:50.271] [main/DEBUG] [cpw.mods.modlauncher.TransformStore/MODLAUNCHER]: Adding transformer net.minecraftforge.coremod.transformer.CoreModClassTransformer@ea52184 to Target : CLASS {Lnet/minecraft/world/entity/monster/Spider;} {} {V}
[05May2026 20:08:50.271] [main/DEBUG] [cpw.mods.modlauncher.TransformStore/MODLAUNCHER]: Adding transformer net.minecraftforge.coremod.transformer.CoreModClassTransformer@ea52184 to Target : CLASS {Lnet/minecraft/world/entity/monster/Zombie;} {} {V}
[05May2026 20:08:50.271] [main/DEBUG] [cpw.mods.modlauncher.TransformStore/MODLAUNCHER]: Adding transformer net.minecraftforge.coremod.transformer.CoreModClassTransformer@ea52184 to Target : CLASS {Lnet/minecraft/world/entity/EntityType;} {} {V}
[05May2026 20:08:50.271] [main/DEBUG] [cpw.mods.modlauncher.TransformStore/MODLAUNCHER]: Adding transformer net.minecraftforge.coremod.transformer.CoreModClassTransformer@ea52184 to Target : CLASS {Lnet/minecraft/world/level/levelgen/PatrolSpawner;} {} {V}
[05May2026 20:08:50.271] [main/DEBUG] [cpw.mods.modlauncher.TransformStore/MODLAUNCHER]: Adding transformer net.minecraftforge.coremod.transformer.CoreModClassTransformer@ea52184 to Target : CLASS {Lnet/minecraft/world/level/levelgen/structure/templatesystem/StructureTemplate;} {} {V}
[05May2026 20:08:50.271] [main/DEBUG] [cpw.mods.modlauncher.TransformStore/MODLAUNCHER]: Adding transformer net.minecraftforge.coremod.transformer.CoreModClassTransformer@ea52184 to Target : CLASS {Lnet/minecraft/world/entity/monster/Strider;} {} {V}
[05May2026 20:08:50.284] [main/DEBUG] [cpw.mods.modlauncher.TransformStore/MODLAUNCHER]: Adding transformer net.minecraftforge.coremod.transformer.CoreModClassTransformer@ea52184 to Target : CLASS {Lnet/minecraft/world/entity/npc/CatSpawner;} {} {V}
[05May2026 20:08:50.285] [main/DEBUG] [cpw.mods.modlauncher.TransformStore/MODLAUNCHER]: Adding transformer net.minecraftforge.coremod.transformer.CoreModClassTransformer@ea52184 to Target : CLASS {Lnet/minecraft/world/level/NaturalSpawner;} {} {V}
[05May2026 20:08:50.285] [main/DEBUG] [cpw.mods.modlauncher.TransformStore/MODLAUNCHER]: Adding transformer net.minecraftforge.coremod.transformer.CoreModClassTransformer@ea52184 to Target : CLASS {Lnet/minecraft/server/commands/SummonCommand;} {} {V}
[05May2026 20:08:50.285] [main/DEBUG] [cpw.mods.modlauncher.TransformationServiceDecorator/MODLAUNCHER]: Initialized transformers for transformation service fml
[05May2026 20:08:50.870] [main/DEBUG] [mixin/]: Processing prepare() for PlatformAgent[MixinPlatformAgentDefault:ModLauncher Root Container(ModLauncher:4f56a0a2)]
[05May2026 20:08:50.870] [main/DEBUG] [mixin/]: Processing launch tasks for PlatformAgent[MixinPlatformAgentDefault:ModLauncher Root Container(ModLauncher:4f56a0a2)]
[05May2026 20:08:50.870] [main/DEBUG] [mixin/]: Adding mixin platform agents for container SecureJarResource(framedblocks)
[05May2026 20:08:50.870] [main/DEBUG] [mixin/]: Instancing new MixinPlatformAgentMinecraftForge for SecureJarResource(framedblocks)
[05May2026 20:08:50.870] [main/DEBUG] [mixin/]: MixinPlatformAgentMinecraftForge rejected container SecureJarResource(framedblocks)
[05May2026 20:08:50.870] [main/DEBUG] [mixin/]: Instancing new MixinPlatformAgentDefault for SecureJarResource(framedblocks)
[05May2026 20:08:50.870] [main/DEBUG] [mixin/]: MixinPlatformAgentDefault accepted container SecureJarResource(framedblocks)
[05May2026 20:08:50.870] [main/DEBUG] [mixin/]: Processing prepare() for PlatformAgent[MixinPlatformAgentDefault:SecureJarResource(framedblocks)]
[05May2026 20:08:50.871] [main/DEBUG] [mixin/]: Registering mixin config: framedblocks.mixin.json
[05May2026 20:08:50.887] [main/DEBUG] [mixin/]: Compatibility level JAVA_17 specified by framedblocks.mixin.json is higher than the maximum level supported by this version of mixin (JAVA_13).
[05May2026 20:08:50.892] [main/INFO] [mixin/]: Compatibility level set to JAVA_17
[05May2026 20:08:50.892] [main/DEBUG] [mixin/]: Adding mixin platform agents for container SecureJarResource(minecraft)
[05May2026 20:08:50.892] [main/DEBUG] [mixin/]: Instancing new MixinPlatformAgentMinecraftForge for SecureJarResource(minecraft)
[05May2026 20:08:50.892] [main/DEBUG] [mixin/]: MixinPlatformAgentMinecraftForge rejected container SecureJarResource(minecraft)
[05May2026 20:08:50.893] [main/DEBUG] [mixin/]: Instancing new MixinPlatformAgentDefault for SecureJarResource(minecraft)
[05May2026 20:08:50.893] [main/DEBUG] [mixin/]: MixinPlatformAgentDefault accepted container SecureJarResource(minecraft)
[05May2026 20:08:50.893] [main/DEBUG] [mixin/]: Processing prepare() for PlatformAgent[MixinPlatformAgentDefault:SecureJarResource(minecraft)]
[05May2026 20:08:50.893] [main/DEBUG] [mixin/]: Adding mixin platform agents for container SecureJarResource(mixinextras)
[05May2026 20:08:50.893] [main/DEBUG] [mixin/]: Instancing new MixinPlatformAgentMinecraftForge for SecureJarResource(mixinextras)
[05May2026 20:08:50.893] [main/DEBUG] [mixin/]: MixinPlatformAgentMinecraftForge rejected container SecureJarResource(mixinextras)
[05May2026 20:08:50.893] [main/DEBUG] [mixin/]: Instancing new MixinPlatformAgentDefault for SecureJarResource(mixinextras)
[05May2026 20:08:50.893] [main/DEBUG] [mixin/]: MixinPlatformAgentDefault accepted container SecureJarResource(mixinextras)
[05May2026 20:08:50.893] [main/DEBUG] [mixin/]: Processing prepare() for PlatformAgent[MixinPlatformAgentDefault:SecureJarResource(mixinextras)]
[05May2026 20:08:50.893] [main/DEBUG] [mixin/]: Registering mixin config: mixinextras.init.mixins.json
[05May2026 20:08:50.895] [main/DEBUG] [mixin/]: Adding mixin platform agents for container SecureJarResource(mcwroofs)
[05May2026 20:08:50.895] [main/DEBUG] [mixin/]: Instancing new MixinPlatformAgentMinecraftForge for SecureJarResource(mcwroofs)
[05May2026 20:08:50.895] [main/DEBUG] [mixin/]: MixinPlatformAgentMinecraftForge rejected container SecureJarResource(mcwroofs)
[05May2026 20:08:50.895] [main/DEBUG] [mixin/]: Instancing new MixinPlatformAgentDefault for SecureJarResource(mcwroofs)
[05May2026 20:08:50.895] [main/DEBUG] [mixin/]: MixinPlatformAgentDefault accepted container SecureJarResource(mcwroofs)
[05May2026 20:08:50.895] [main/DEBUG] [mixin/]: Processing prepare() for PlatformAgent[MixinPlatformAgentDefault:SecureJarResource(mcwroofs)]
[05May2026 20:08:50.895] [main/DEBUG] [mixin/]: Adding mixin platform agents for container SecureJarResource(mcwdoors)
[05May2026 20:08:50.895] [main/DEBUG] [mixin/]: Instancing new MixinPlatformAgentMinecraftForge for SecureJarResource(mcwdoors)
[05May2026 20:08:50.895] [main/DEBUG] [mixin/]: MixinPlatformAgentMinecraftForge rejected container SecureJarResource(mcwdoors)
[05May2026 20:08:50.895] [main/DEBUG] [mixin/]: Instancing new MixinPlatformAgentDefault for SecureJarResource(mcwdoors)
[05May2026 20:08:50.895] [main/DEBUG] [mixin/]: MixinPlatformAgentDefault accepted container SecureJarResource(mcwdoors)
[05May2026 20:08:50.895] [main/DEBUG] [mixin/]: Processing prepare() for PlatformAgent[MixinPlatformAgentDefault:SecureJarResource(mcwdoors)]
[05May2026 20:08:50.895] [main/DEBUG] [mixin/]: Adding mixin platform agents for container SecureJarResource(jei)
[05May2026 20:08:50.895] [main/DEBUG] [mixin/]: Instancing new MixinPlatformAgentMinecraftForge for SecureJarResource(jei)
[05May2026 20:08:50.896] [main/DEBUG] [mixin/]: MixinPlatformAgentMinecraftForge rejected container SecureJarResource(jei)
[05May2026 20:08:50.896] [main/DEBUG] [mixin/]: Instancing new MixinPlatformAgentDefault for SecureJarResource(jei)
[05May2026 20:08:50.896] [main/DEBUG] [mixin/]: MixinPlatformAgentDefault accepted container SecureJarResource(jei)
[05May2026 20:08:50.896] [main/DEBUG] [mixin/]: Processing prepare() for PlatformAgent[MixinPlatformAgentDefault:SecureJarResource(jei)]
[05May2026 20:08:50.896] [main/DEBUG] [mixin/]: Adding mixin platform agents for container SecureJarResource(forge)
[05May2026 20:08:50.896] [main/DEBUG] [mixin/]: Instancing new MixinPlatformAgentMinecraftForge for SecureJarResource(forge)
[05May2026 20:08:50.896] [main/DEBUG] [mixin/]: MixinPlatformAgentMinecraftForge rejected container SecureJarResource(forge)
[05May2026 20:08:50.896] [main/DEBUG] [mixin/]: Instancing new MixinPlatformAgentDefault for SecureJarResource(forge)
[05May2026 20:08:50.896] [main/DEBUG] [mixin/]: MixinPlatformAgentDefault accepted container SecureJarResource(forge)
[05May2026 20:08:50.896] [main/DEBUG] [mixin/]: Processing prepare() for PlatformAgent[MixinPlatformAgentDefault:SecureJarResource(forge)]
[05May2026 20:08:50.897] [main/DEBUG] [mixin/]: Adding mixin platform agents for container SecureJarResource(commonality)
[05May2026 20:08:50.897] [main/DEBUG] [mixin/]: Instancing new MixinPlatformAgentMinecraftForge for SecureJarResource(commonality)
[05May2026 20:08:50.897] [main/DEBUG] [mixin/]: MixinPlatformAgentMinecraftForge rejected container SecureJarResource(commonality)
[05May2026 20:08:50.898] [main/DEBUG] [mixin/]: Instancing new MixinPlatformAgentDefault for SecureJarResource(commonality)
[05May2026 20:08:50.898] [main/DEBUG] [mixin/]: MixinPlatformAgentDefault accepted container SecureJarResource(commonality)
[05May2026 20:08:50.898] [main/DEBUG] [mixin/]: Processing prepare() for PlatformAgent[MixinPlatformAgentDefault:SecureJarResource(commonality)]
[05May2026 20:08:50.898] [main/DEBUG] [mixin/]: Adding mixin platform agents for container SecureJarResource(apexcore)
[05May2026 20:08:50.898] [main/DEBUG] [mixin/]: Instancing new MixinPlatformAgentMinecraftForge for SecureJarResource(apexcore)
[05May2026 20:08:50.898] [main/DEBUG] [mixin/]: MixinPlatformAgentMinecraftForge rejected container SecureJarResource(apexcore)
[05May2026 20:08:50.898] [main/DEBUG] [mixin/]: Instancing new MixinPlatformAgentDefault for SecureJarResource(apexcore)
[05May2026 20:08:50.898] [main/DEBUG] [mixin/]: MixinPlatformAgentDefault accepted container SecureJarResource(apexcore)
[05May2026 20:08:50.899] [main/DEBUG] [mixin/]: Processing prepare() for PlatformAgent[MixinPlatformAgentDefault:SecureJarResource(apexcore)]
[05May2026 20:08:50.899] [main/DEBUG] [mixin/]: Registering mixin config: apexcore.mixins.json
[05May2026 20:08:50.900] [main/DEBUG] [mixin/]: Adding mixin platform agents for container SecureJarResource(fantasyfurniture)
[05May2026 20:08:50.901] [main/DEBUG] [mixin/]: Instancing new MixinPlatformAgentMinecraftForge for SecureJarResource(fantasyfurniture)
[05May2026 20:08:50.901] [main/DEBUG] [mixin/]: MixinPlatformAgentMinecraftForge rejected container SecureJarResource(fantasyfurniture)
[05May2026 20:08:50.901] [main/DEBUG] [mixin/]: Instancing new MixinPlatformAgentDefault for SecureJarResource(fantasyfurniture)
[05May2026 20:08:50.901] [main/DEBUG] [mixin/]: MixinPlatformAgentDefault accepted container SecureJarResource(fantasyfurniture)
[05May2026 20:08:50.901] [main/DEBUG] [mixin/]: Processing prepare() for PlatformAgent[MixinPlatformAgentDefault:SecureJarResource(fantasyfurniture)]
[05May2026 20:08:50.901] [main/DEBUG] [mixin/]: Registering mixin config: fantasyfurniture.mixins.json
[05May2026 20:08:50.902] [main/DEBUG] [mixin/]: Adding mixin platform agents for container SecureJarResource(mcwpaths)
[05May2026 20:08:50.903] [main/DEBUG] [mixin/]: Instancing new MixinPlatformAgentMinecraftForge for SecureJarResource(mcwpaths)
[05May2026 20:08:50.903] [main/DEBUG] [mixin/]: MixinPlatformAgentMinecraftForge rejected container SecureJarResource(mcwpaths)
[05May2026 20:08:50.903] [main/DEBUG] [mixin/]: Instancing new MixinPlatformAgentDefault for SecureJarResource(mcwpaths)
[05May2026 20:08:50.903] [main/DEBUG] [mixin/]: MixinPlatformAgentDefault accepted container SecureJarResource(mcwpaths)
[05May2026 20:08:50.903] [main/DEBUG] [mixin/]: Processing prepare() for PlatformAgent[MixinPlatformAgentDefault:SecureJarResource(mcwpaths)]
[05May2026 20:08:50.903] [main/DEBUG] [mixin/]: Adding mixin platform agents for container SecureJarResource(thuumcraft)
[05May2026 20:08:50.903] [main/DEBUG] [mixin/]: Instancing new MixinPlatformAgentMinecraftForge for SecureJarResource(thuumcraft)
[05May2026 20:08:50.903] [main/DEBUG] [mixin/]: MixinPlatformAgentMinecraftForge rejected container SecureJarResource(thuumcraft)
[05May2026 20:08:50.903] [main/DEBUG] [mixin/]: Instancing new MixinPlatformAgentDefault for SecureJarResource(thuumcraft)
[05May2026 20:08:50.903] [main/DEBUG] [mixin/]: MixinPlatformAgentDefault accepted container SecureJarResource(thuumcraft)
[05May2026 20:08:50.903] [main/DEBUG] [mixin/]: Processing prepare() for PlatformAgent[MixinPlatformAgentDefault:SecureJarResource(thuumcraft)]
[05May2026 20:08:50.903] [main/DEBUG] [mixin/]: Adding mixin platform agents for container SecureJarResource(com.github.benmanes.caffeine)
[05May2026 20:08:50.903] [main/DEBUG] [mixin/]: Instancing new MixinPlatformAgentMinecraftForge for SecureJarResource(com.github.benmanes.caffeine)
[05May2026 20:08:50.903] [main/DEBUG] [mixin/]: MixinPlatformAgentMinecraftForge rejected container SecureJarResource(com.github.benmanes.caffeine)
[05May2026 20:08:50.903] [main/DEBUG] [mixin/]: Instancing new MixinPlatformAgentDefault for SecureJarResource(com.github.benmanes.caffeine)
[05May2026 20:08:50.903] [main/DEBUG] [mixin/]: MixinPlatformAgentDefault accepted container SecureJarResource(com.github.benmanes.caffeine)
[05May2026 20:08:50.903] [main/DEBUG] [mixin/]: Processing prepare() for PlatformAgent[MixinPlatformAgentDefault:SecureJarResource(com.github.benmanes.caffeine)]
[05May2026 20:08:50.904] [main/DEBUG] [mixin/]: Adding mixin platform agents for container SecureJarResource(MixinExtras.rc._4)
[05May2026 20:08:50.904] [main/DEBUG] [mixin/]: Instancing new MixinPlatformAgentMinecraftForge for SecureJarResource(MixinExtras.rc._4)
[05May2026 20:08:50.904] [main/DEBUG] [mixin/]: MixinPlatformAgentMinecraftForge rejected container SecureJarResource(MixinExtras.rc._4)
[05May2026 20:08:50.904] [main/DEBUG] [mixin/]: Instancing new MixinPlatformAgentDefault for SecureJarResource(MixinExtras.rc._4)
[05May2026 20:08:50.904] [main/DEBUG] [mixin/]: MixinPlatformAgentDefault accepted container SecureJarResource(MixinExtras.rc._4)
[05May2026 20:08:50.904] [main/DEBUG] [mixin/]: Processing prepare() for PlatformAgent[MixinPlatformAgentDefault:SecureJarResource(MixinExtras.rc._4)]
[05May2026 20:08:50.904] [main/DEBUG] [mixin/]: Adding mixin platform agents for container SecureJarResource(Registrate.MC1._20)
[05May2026 20:08:50.904] [main/DEBUG] [mixin/]: Instancing new MixinPlatformAgentMinecraftForge for SecureJarResource(Registrate.MC1._20)
[05May2026 20:08:50.904] [main/DEBUG] [mixin/]: MixinPlatformAgentMinecraftForge rejected container SecureJarResource(Registrate.MC1._20)
[05May2026 20:08:50.904] [main/DEBUG] [mixin/]: Instancing new MixinPlatformAgentDefault for SecureJarResource(Registrate.MC1._20)
[05May2026 20:08:50.905] [main/DEBUG] [mixin/]: MixinPlatformAgentDefault accepted container SecureJarResource(Registrate.MC1._20)
[05May2026 20:08:50.905] [main/DEBUG] [mixin/]: Processing prepare() for PlatformAgent[MixinPlatformAgentDefault:SecureJarResource(Registrate.MC1._20)]
[05May2026 20:08:50.905] [main/DEBUG] [mixin/]: inject() running with 16 agents
[05May2026 20:08:50.905] [main/DEBUG] [mixin/]: Processing inject() for PlatformAgent[MixinPlatformAgentDefault:ModLauncher Root Container(ModLauncher:4f56a0a2)]
[05May2026 20:08:50.905] [main/DEBUG] [mixin/]: Processing inject() for PlatformAgent[MixinPlatformAgentDefault:SecureJarResource(framedblocks)]
[05May2026 20:08:50.905] [main/DEBUG] [mixin/]: Processing inject() for PlatformAgent[MixinPlatformAgentDefault:SecureJarResource(minecraft)]
[05May2026 20:08:50.905] [main/DEBUG] [mixin/]: Processing inject() for PlatformAgent[MixinPlatformAgentDefault:SecureJarResource(mixinextras)]
[05May2026 20:08:50.905] [main/DEBUG] [mixin/]: Processing inject() for PlatformAgent[MixinPlatformAgentDefault:SecureJarResource(mcwroofs)]
[05May2026 20:08:50.905] [main/DEBUG] [mixin/]: Processing inject() for PlatformAgent[MixinPlatformAgentDefault:SecureJarResource(mcwdoors)]
[05May2026 20:08:50.905] [main/DEBUG] [mixin/]: Processing inject() for PlatformAgent[MixinPlatformAgentDefault:SecureJarResource(jei)]
[05May2026 20:08:50.905] [main/DEBUG] [mixin/]: Processing inject() for PlatformAgent[MixinPlatformAgentDefault:SecureJarResource(forge)]
[05May2026 20:08:50.905] [main/DEBUG] [mixin/]: Processing inject() for PlatformAgent[MixinPlatformAgentDefault:SecureJarResource(commonality)]
[05May2026 20:08:50.905] [main/DEBUG] [mixin/]: Processing inject() for PlatformAgent[MixinPlatformAgentDefault:SecureJarResource(apexcore)]
[05May2026 20:08:50.905] [main/DEBUG] [mixin/]: Processing inject() for PlatformAgent[MixinPlatformAgentDefault:SecureJarResource(fantasyfurniture)]
[05May2026 20:08:50.905] [main/DEBUG] [mixin/]: Processing inject() for PlatformAgent[MixinPlatformAgentDefault:SecureJarResource(mcwpaths)]
[05May2026 20:08:50.906] [main/DEBUG] [mixin/]: Processing inject() for PlatformAgent[MixinPlatformAgentDefault:SecureJarResource(thuumcraft)]
[05May2026 20:08:50.906] [main/DEBUG] [mixin/]: Processing inject() for PlatformAgent[MixinPlatformAgentDefault:SecureJarResource(com.github.benmanes.caffeine)]
[05May2026 20:08:50.906] [main/DEBUG] [mixin/]: Processing inject() for PlatformAgent[MixinPlatformAgentDefault:SecureJarResource(MixinExtras.rc._4)]
[05May2026 20:08:50.906] [main/DEBUG] [mixin/]: Processing inject() for PlatformAgent[MixinPlatformAgentDefault:SecureJarResource(Registrate.MC1._20)]
[05May2026 20:08:50.906] [main/INFO] [cpw.mods.modlauncher.LaunchServiceHandler/MODLAUNCHER]: Launching target 'forgedatauserdev' with arguments [--gameDir, ., --assetsDir, /Users/bowieconnors/.gradle/caches/forge_gradle/assets, --assetIndex, 5, --mod, thuumcraft, --all, --output, /Users/bowieconnors/Documents/GitHub/Thuumcraft/Thuumcraft/src/generated/resources, --existing, /Users/bowieconnors/Documents/GitHub/Thuumcraft/Thuumcraft/src/main/resources]
[05May2026 20:08:50.940] [main/DEBUG] [mixin/]: Error cleaning class output directory: .mixin.out
[05May2026 20:08:50.948] [main/DEBUG] [mixin/]: Preparing mixins for MixinEnvironment[DEFAULT]
[05May2026 20:08:50.949] [main/DEBUG] [mixin/]: Selecting config framedblocks.mixin.json
[05May2026 20:08:51.261] [main/INFO] [mixin/]: Remapping refMap framedblocks.refmap.json using /Users/bowieconnors/Documents/GitHub/Thuumcraft/Thuumcraft/build/createSrgToMcp/output.srg
[05May2026 20:08:51.262] [main/DEBUG] [mixin/]: Selecting config mixinextras.init.mixins.json
[05May2026 20:08:51.285] [main/DEBUG] [MixinExtras|Service/]: com.llamalad7.mixinextras.service.MixinExtrasServiceImpl(version=0.2.0-rc.4) is taking over from null
[05May2026 20:08:51.336] [main/DEBUG] [mixin/]: Registering new injector for @Inject with org.spongepowered.asm.mixin.injection.struct.CallbackInjectionInfo
[05May2026 20:08:51.338] [main/DEBUG] [mixin/]: Registering new injector for @ModifyArg with org.spongepowered.asm.mixin.injection.struct.ModifyArgInjectionInfo
[05May2026 20:08:51.339] [main/DEBUG] [mixin/]: Registering new injector for @ModifyArgs with org.spongepowered.asm.mixin.injection.struct.ModifyArgsInjectionInfo
[05May2026 20:08:51.340] [main/DEBUG] [mixin/]: Registering new injector for @Redirect with org.spongepowered.asm.mixin.injection.struct.RedirectInjectionInfo
[05May2026 20:08:51.341] [main/DEBUG] [mixin/]: Registering new injector for @ModifyVariable with org.spongepowered.asm.mixin.injection.struct.ModifyVariableInjectionInfo
[05May2026 20:08:51.343] [main/DEBUG] [mixin/]: Registering new injector for @ModifyConstant with org.spongepowered.asm.mixin.injection.struct.ModifyConstantInjectionInfo
[05May2026 20:08:51.380] [main/DEBUG] [mixin/]: Selecting config apexcore.mixins.json
[05May2026 20:08:51.388] [main/WARN] [mixin/]: Reference map 'apexcore.refmap.json' for apexcore.mixins.json could not be read. If this is a development environment you can ignore this message
[05May2026 20:08:51.388] [main/DEBUG] [mixin/]: Selecting config fantasyfurniture.mixins.json
[05May2026 20:08:51.390] [main/INFO] [mixin/]: Remapping refMap fantasyfurniture.refmap.json using /Users/bowieconnors/Documents/GitHub/Thuumcraft/Thuumcraft/build/createSrgToMcp/output.srg
[05May2026 20:08:51.391] [main/DEBUG] [mixin/]: Preparing framedblocks.mixin.json (5)
[05May2026 20:08:51.468] [main/DEBUG] [mixin/]: Preparing mixinextras.init.mixins.json (0)
[05May2026 20:08:51.469] [main/DEBUG] [mixin/]: Preparing apexcore.mixins.json (0)
[05May2026 20:08:51.469] [main/DEBUG] [mixin/]: Preparing fantasyfurniture.mixins.json (1)
[05May2026 20:08:51.488] [main/DEBUG] [mixin/]: Prepared 6 mixins in 0.538 sec (89.7ms avg) (0ms load, 0ms transform, 0ms plugin)
[05May2026 20:08:51.630] [main/DEBUG] [io.netty.util.internal.logging.InternalLoggerFactory/]: Using SLF4J as the default logging framework
[05May2026 20:08:51.631] [main/DEBUG] [io.netty.util.ResourceLeakDetector/]: -Dio.netty.leakDetection.level: simple
[05May2026 20:08:51.631] [main/DEBUG] [io.netty.util.ResourceLeakDetector/]: -Dio.netty.leakDetection.targetRecords: 4
[05May2026 20:08:51.775] [main/INFO] [net.minecraftforge.data.loading.DatagenModLoader/]: Initializing Data Gatherer for mods [thuumcraft]
[05May2026 20:08:51.873] [main/INFO] [MixinExtras|Service/]: Initializing MixinExtras via com.llamalad7.mixinextras.service.MixinExtrasServiceImpl(version=0.2.0-rc.4).
[05May2026 20:08:51.878] [main/DEBUG] [mixin/]: Mixing MixinBlockStateBase from framedblocks.mixin.json into net.minecraft.world.level.block.state.BlockBehaviour$BlockStateBase
[05May2026 20:08:52.031] [main/DEBUG] [net.minecraftforge.coremod.transformer.CoreModBaseTransformer/COREMOD]: Transforming net/minecraft/world/entity/EntityType
[05May2026 20:08:52.451] [main/DEBUG] [net.minecraftforge.coremod.transformer.CoreModBaseTransformer/COREMOD]: Transforming net/minecraft/world/level/block/LiquidBlock
[05May2026 20:08:52.491] [main/DEBUG] [net.minecraftforge.coremod.transformer.CoreModBaseTransformer/COREMOD]: Transforming net/minecraft/world/level/block/StairBlock
[05May2026 20:08:52.555] [main/DEBUG] [net.minecraftforge.coremod.transformer.CoreModBaseTransformer/COREMOD]: Transforming net/minecraft/world/level/block/FlowerPotBlock
[05May2026 20:08:53.222] [main/DEBUG] [net.minecraftforge.coremod.transformer.CoreModBaseTransformer/COREMOD]: Transforming net/minecraft/world/item/ItemStack
[05May2026 20:08:53.738] [main/DEBUG] [net.minecraftforge.coremod.transformer.CoreModBaseTransformer/COREMOD]: Transforming net/minecraft/world/entity/animal/frog/Tadpole
[05May2026 20:08:53.802] [main/DEBUG] [net.minecraftforge.coremod.transformer.CoreModBaseTransformer/COREMOD]: Transforming net/minecraft/world/item/BucketItem
[05May2026 20:08:54.683] [main/DEBUG] [net.minecraftforge.coremod.transformer.CoreModBaseTransformer/COREMOD]: Transforming net/minecraft/world/entity/monster/Spider
[05May2026 20:08:54.743] [main/DEBUG] [net.minecraftforge.coremod.transformer.CoreModBaseTransformer/COREMOD]: Transforming net/minecraft/world/entity/monster/Zombie
[05May2026 20:08:54.798] [main/DEBUG] [net.minecraftforge.coremod.transformer.CoreModBaseTransformer/COREMOD]: Transforming net/minecraft/world/entity/monster/ZombieVillager
[05May2026 20:08:54.863] [main/DEBUG] [net.minecraftforge.coremod.transformer.CoreModBaseTransformer/COREMOD]: Transforming net/minecraft/world/entity/monster/Evoker$EvokerSummonSpellGoal
[05May2026 20:08:55.010] [main/DEBUG] [net.minecraftforge.coremod.transformer.CoreModBaseTransformer/COREMOD]: Transforming net/minecraft/world/entity/animal/horse/SkeletonTrapGoal
[05May2026 20:08:55.034] [main/DEBUG] [net.minecraftforge.coremod.transformer.CoreModBaseTransformer/COREMOD]: Transforming net/minecraft/world/entity/monster/Strider
[05May2026 20:08:55.138] [main/DEBUG] [net.minecraftforge.coremod.transformer.CoreModBaseTransformer/COREMOD]: Transforming net/minecraft/world/entity/npc/Villager
[05May2026 20:08:55.232] [main/DEBUG] [net.minecraftforge.coremod.transformer.CoreModBaseTransformer/COREMOD]: Transforming net/minecraft/world/effect/MobEffectInstance
[05May2026 20:08:55.739] [main/DEBUG] [net.minecraftforge.coremod.transformer.CoreModBaseTransformer/COREMOD]: Transforming net/minecraft/world/level/levelgen/structure/Structure
[05May2026 20:08:55.774] [main/DEBUG] [net.minecraftforge.coremod.transformer.CoreModBaseTransformer/COREMOD]: Transforming net/minecraft/world/level/levelgen/structure/structures/OceanRuinPieces$OceanRuinPiece
[05May2026 20:08:55.786] [main/DEBUG] [net.minecraftforge.coremod.transformer.CoreModBaseTransformer/COREMOD]: Transforming net/minecraft/world/level/levelgen/structure/structures/SwampHutPiece
[05May2026 20:08:55.795] [main/DEBUG] [net.minecraftforge.coremod.transformer.CoreModBaseTransformer/COREMOD]: Transforming net/minecraft/world/level/levelgen/structure/structures/OceanMonumentPieces$OceanMonumentPiece
[05May2026 20:08:55.812] [main/DEBUG] [net.minecraftforge.coremod.transformer.CoreModBaseTransformer/COREMOD]: Transforming net/minecraft/world/level/levelgen/structure/structures/WoodlandMansionPieces$WoodlandMansionPiece
[05May2026 20:08:55.897] [main/DEBUG] [net.minecraftforge.coremod.transformer.CoreModBaseTransformer/COREMOD]: Transforming net/minecraft/world/level/biome/Biome
[05May2026 20:08:56.052] [main/DEBUG] [net.minecraftforge.registries.GameData/REGISTRIES]: Creating vanilla freeze snapshot
[05May2026 20:08:56.055] [main/DEBUG] [net.minecraftforge.registries.ForgeRegistry/REGISTRIES]: Registry minecraft:block Sync: VANILLA -> ACTIVE
[05May2026 20:08:56.067] [main/DEBUG] [net.minecraftforge.registries.ForgeRegistry/REGISTRIES]: Registry minecraft:fluid Sync: VANILLA -> ACTIVE
[05May2026 20:08:56.067] [main/DEBUG] [net.minecraftforge.registries.ForgeRegistry/REGISTRIES]: Registry minecraft:item Sync: VANILLA -> ACTIVE
[05May2026 20:08:56.081] [main/DEBUG] [net.minecraftforge.registries.ForgeRegistry/REGISTRIES]: Registry minecraft:mob_effect Sync: VANILLA -> ACTIVE
[05May2026 20:08:56.081] [main/DEBUG] [net.minecraftforge.registries.ForgeRegistry/REGISTRIES]: Registry minecraft:sound_event Sync: VANILLA -> ACTIVE
[05May2026 20:08:56.088] [main/DEBUG] [net.minecraftforge.registries.ForgeRegistry/REGISTRIES]: Registry minecraft:potion Sync: VANILLA -> ACTIVE
[05May2026 20:08:56.089] [main/DEBUG] [net.minecraftforge.registries.ForgeRegistry/REGISTRIES]: Registry minecraft:enchantment Sync: VANILLA -> ACTIVE
[05May2026 20:08:56.089] [main/DEBUG] [net.minecraftforge.registries.ForgeRegistry/REGISTRIES]: Registry minecraft:entity_type Sync: VANILLA -> ACTIVE
[05May2026 20:08:56.091] [main/DEBUG] [net.minecraftforge.registries.ForgeRegistry/REGISTRIES]: Registry minecraft:block_entity_type Sync: VANILLA -> ACTIVE
[05May2026 20:08:56.091] [main/DEBUG] [net.minecraftforge.registries.ForgeRegistry/REGISTRIES]: Registry minecraft:particle_type Sync: VANILLA -> ACTIVE
[05May2026 20:08:56.092] [main/DEBUG] [net.minecraftforge.registries.ForgeRegistry/REGISTRIES]: Registry minecraft:menu Sync: VANILLA -> ACTIVE
[05May2026 20:08:56.092] [main/DEBUG] [net.minecraftforge.registries.ForgeRegistry/REGISTRIES]: Registry minecraft:painting_variant Sync: VANILLA -> ACTIVE
[05May2026 20:08:56.093] [main/DEBUG] [net.minecraftforge.registries.ForgeRegistry/REGISTRIES]: Registry minecraft:recipe_type Sync: VANILLA -> ACTIVE
[05May2026 20:08:56.093] [main/DEBUG] [net.minecraftforge.registries.ForgeRegistry/REGISTRIES]: Registry minecraft:recipe_serializer Sync: VANILLA -> ACTIVE
[05May2026 20:08:56.093] [main/DEBUG] [net.minecraftforge.registries.ForgeRegistry/REGISTRIES]: Registry minecraft:attribute Sync: VANILLA -> ACTIVE
[05May2026 20:08:56.093] [main/DEBUG] [net.minecraftforge.registries.ForgeRegistry/REGISTRIES]: Registry minecraft:stat_type Sync: VANILLA -> ACTIVE
[05May2026 20:08:56.093] [main/DEBUG] [net.minecraftforge.registries.ForgeRegistry/REGISTRIES]: Registry minecraft:command_argument_type Sync: VANILLA -> ACTIVE
[05May2026 20:08:56.094] [main/DEBUG] [net.minecraftforge.registries.ForgeRegistry/REGISTRIES]: Registry minecraft:villager_profession Sync: VANILLA -> ACTIVE
[05May2026 20:08:56.094] [main/DEBUG] [net.minecraftforge.registries.ForgeRegistry/REGISTRIES]: Registry minecraft:point_of_interest_type Sync: VANILLA -> ACTIVE
[05May2026 20:08:56.096] [main/DEBUG] [net.minecraftforge.registries.ForgeRegistry/REGISTRIES]: Registry minecraft:memory_module_type Sync: VANILLA -> ACTIVE
[05May2026 20:08:56.097] [main/DEBUG] [net.minecraftforge.registries.ForgeRegistry/REGISTRIES]: Registry minecraft:sensor_type Sync: VANILLA -> ACTIVE
[05May2026 20:08:56.097] [main/DEBUG] [net.minecraftforge.registries.ForgeRegistry/REGISTRIES]: Registry minecraft:schedule Sync: VANILLA -> ACTIVE
[05May2026 20:08:56.097] [main/DEBUG] [net.minecraftforge.registries.ForgeRegistry/REGISTRIES]: Registry minecraft:activity Sync: VANILLA -> ACTIVE
[05May2026 20:08:56.097] [main/DEBUG] [net.minecraftforge.registries.ForgeRegistry/REGISTRIES]: Registry minecraft:worldgen/carver Sync: VANILLA -> ACTIVE
[05May2026 20:08:56.097] [main/DEBUG] [net.minecraftforge.registries.ForgeRegistry/REGISTRIES]: Registry minecraft:worldgen/feature Sync: VANILLA -> ACTIVE
[05May2026 20:08:56.097] [main/DEBUG] [net.minecraftforge.registries.ForgeRegistry/REGISTRIES]: Registry minecraft:chunk_status Sync: VANILLA -> ACTIVE
[05May2026 20:08:56.097] [main/DEBUG] [net.minecraftforge.registries.ForgeRegistry/REGISTRIES]: Registry minecraft:worldgen/block_state_provider_type Sync: VANILLA -> ACTIVE
[05May2026 20:08:56.098] [main/DEBUG] [net.minecraftforge.registries.ForgeRegistry/REGISTRIES]: Registry minecraft:worldgen/foliage_placer_type Sync: VANILLA -> ACTIVE
[05May2026 20:08:56.098] [main/DEBUG] [net.minecraftforge.registries.ForgeRegistry/REGISTRIES]: Registry minecraft:worldgen/tree_decorator_type Sync: VANILLA -> ACTIVE
[05May2026 20:08:56.098] [main/DEBUG] [net.minecraftforge.registries.ForgeRegistry/REGISTRIES]: Registry minecraft:worldgen/biome Sync: VANILLA -> ACTIVE
[05May2026 20:08:56.103] [main/DEBUG] [net.minecraftforge.registries.GameData/REGISTRIES]: Vanilla freeze snapshot created
[05May2026 20:08:56.118] [main/DEBUG] [io.netty.util.internal.PlatformDependent0/]: -Dio.netty.noUnsafe: false
[05May2026 20:08:56.118] [main/DEBUG] [io.netty.util.internal.PlatformDependent0/]: Java version: 17
[05May2026 20:08:56.119] [main/DEBUG] [io.netty.util.internal.PlatformDependent0/]: sun.misc.Unsafe.theUnsafe: available
[05May2026 20:08:56.119] [main/DEBUG] [io.netty.util.internal.PlatformDependent0/]: sun.misc.Unsafe.copyMemory: available
[05May2026 20:08:56.119] [main/DEBUG] [io.netty.util.internal.PlatformDependent0/]: sun.misc.Unsafe.storeFence: available
[05May2026 20:08:56.119] [main/DEBUG] [io.netty.util.internal.PlatformDependent0/]: java.nio.Buffer.address: available
[05May2026 20:08:56.120] [main/DEBUG] [io.netty.util.internal.PlatformDependent0/]: direct buffer constructor: unavailable
java.lang.UnsupportedOperationException: Reflective setAccessible(true) disabled
	at io.netty.util.internal.ReflectionUtil.trySetAccessible(ReflectionUtil.java:31) ~[netty-common-4.1.82.Final.jar:4.1.82.Final]
	at io.netty.util.internal.PlatformDependent0$5.run(PlatformDependent0.java:288) ~[netty-common-4.1.82.Final.jar:4.1.82.Final]
	at java.security.AccessController.doPrivileged(AccessController.java:318) ~[?:?]
	at io.netty.util.internal.PlatformDependent0.<clinit>(PlatformDependent0.java:282) ~[netty-common-4.1.82.Final.jar:4.1.82.Final]
	at io.netty.util.internal.PlatformDependent.isAndroid(PlatformDependent.java:333) ~[netty-common-4.1.82.Final.jar:4.1.82.Final]
	at io.netty.util.internal.PlatformDependent.<clinit>(PlatformDependent.java:88) ~[netty-common-4.1.82.Final.jar:4.1.82.Final]
	at io.netty.util.ConstantPool.<init>(ConstantPool.java:34) ~[netty-common-4.1.82.Final.jar:4.1.82.Final]
	at io.netty.util.AttributeKey$1.<init>(AttributeKey.java:27) ~[netty-common-4.1.82.Final.jar:4.1.82.Final]
	at io.netty.util.AttributeKey.<clinit>(AttributeKey.java:27) ~[netty-common-4.1.82.Final.jar:4.1.82.Final]
	at net.minecraftforge.network.NetworkConstants.<clinit>(NetworkConstants.java:34) ~[forge-1.20.1-47.4.10_mapped_parchment_2023.09.03-1.20.1-recomp.jar:?]
	at net.minecraftforge.network.NetworkHooks.init(NetworkHooks.java:52) ~[forge-1.20.1-47.4.10_mapped_parchment_2023.09.03-1.20.1-recomp.jar:?]
	at net.minecraft.server.Bootstrap.bootStrap(Bootstrap.java:66) ~[forge-1.20.1-47.4.10_mapped_parchment_2023.09.03-1.20.1-recomp.jar:?]
	at net.minecraftforge.data.loading.DatagenModLoader.begin(DatagenModLoader.java:42) ~[forge-1.20.1-47.4.10_mapped_parchment_2023.09.03-1.20.1-recomp.jar:?]
	at net.minecraft.data.Main.main(Main.java:90) ~[forge-1.20.1-47.4.10_mapped_parchment_2023.09.03-1.20.1-recomp.jar:?]
	at jdk.internal.reflect.NativeMethodAccessorImpl.invoke0(Native Method) ~[?:?]
	at jdk.internal.reflect.NativeMethodAccessorImpl.invoke(NativeMethodAccessorImpl.java:77) ~[?:?]
	at jdk.internal.reflect.DelegatingMethodAccessorImpl.invoke(DelegatingMethodAccessorImpl.java:43) ~[?:?]
	at java.lang.reflect.Method.invoke(Method.java:569) ~[?:?]
	at net.minecraftforge.fml.loading.targets.CommonLaunchHandler.runTarget(CommonLaunchHandler.java:111) ~[fmlloader-1.20.1-47.4.10.jar:?]
	at net.minecraftforge.fml.loading.targets.CommonLaunchHandler.dataService(CommonLaunchHandler.java:107) ~[fmlloader-1.20.1-47.4.10.jar:?]
	at net.minecraftforge.fml.loading.targets.ForgeDataUserdevLaunchHandler.devService(ForgeDataUserdevLaunchHandler.java:22) ~[fmlloader-1.20.1-47.4.10.jar:?]
	at net.minecraftforge.fml.loading.targets.CommonDevLaunchHandler.lambda$makeService$7(CommonDevLaunchHandler.java:135) ~[fmlloader-1.20.1-47.4.10.jar:?]
	at cpw.mods.modlauncher.LaunchServiceHandlerDecorator.launch(LaunchServiceHandlerDecorator.java:30) ~[modlauncher-10.0.9.jar:?]
	at cpw.mods.modlauncher.LaunchServiceHandler.launch(LaunchServiceHandler.java:53) ~[modlauncher-10.0.9.jar:?]
	at cpw.mods.modlauncher.LaunchServiceHandler.launch(LaunchServiceHandler.java:71) ~[modlauncher-10.0.9.jar:?]
	at cpw.mods.modlauncher.Launcher.run(Launcher.java:108) ~[modlauncher-10.0.9.jar:?]
	at cpw.mods.modlauncher.Launcher.main(Launcher.java:78) ~[modlauncher-10.0.9.jar:?]
	at cpw.mods.modlauncher.BootstrapLaunchConsumer.accept(BootstrapLaunchConsumer.java:26) ~[modlauncher-10.0.9.jar:?]
	at cpw.mods.modlauncher.BootstrapLaunchConsumer.accept(BootstrapLaunchConsumer.java:23) ~[modlauncher-10.0.9.jar:?]
	at cpw.mods.bootstraplauncher.BootstrapLauncher.main(BootstrapLauncher.java:141) ~[bootstraplauncher-1.1.2.jar:?]
[05May2026 20:08:56.151] [main/DEBUG] [io.netty.util.internal.PlatformDependent0/]: java.nio.Bits.unaligned: available, true
[05May2026 20:08:56.151] [main/DEBUG] [io.netty.util.internal.PlatformDependent0/]: jdk.internal.misc.Unsafe.allocateUninitializedArray(int): unavailable
java.lang.IllegalAccessException: class io.netty.util.internal.PlatformDependent0$7 (in module io.netty.common) cannot access class jdk.internal.misc.Unsafe (in module java.base) because module java.base does not export jdk.internal.misc to module io.netty.common
	at jdk.internal.reflect.Reflection.newIllegalAccessException(Reflection.java:392) ~[?:?]
	at java.lang.reflect.AccessibleObject.checkAccess(AccessibleObject.java:674) ~[?:?]
	at java.lang.reflect.Method.invoke(Method.java:561) ~[?:?]
	at io.netty.util.internal.PlatformDependent0$7.run(PlatformDependent0.java:410) ~[netty-common-4.1.82.Final.jar:4.1.82.Final]
	at java.security.AccessController.doPrivileged(AccessController.java:318) ~[?:?]
	at io.netty.util.internal.PlatformDependent0.<clinit>(PlatformDependent0.java:401) ~[netty-common-4.1.82.Final.jar:4.1.82.Final]
	at io.netty.util.internal.PlatformDependent.isAndroid(PlatformDependent.java:333) ~[netty-common-4.1.82.Final.jar:4.1.82.Final]
	at io.netty.util.internal.PlatformDependent.<clinit>(PlatformDependent.java:88) ~[netty-common-4.1.82.Final.jar:4.1.82.Final]
	at io.netty.util.ConstantPool.<init>(ConstantPool.java:34) ~[netty-common-4.1.82.Final.jar:4.1.82.Final]
	at io.netty.util.AttributeKey$1.<init>(AttributeKey.java:27) ~[netty-common-4.1.82.Final.jar:4.1.82.Final]
	at io.netty.util.AttributeKey.<clinit>(AttributeKey.java:27) ~[netty-common-4.1.82.Final.jar:4.1.82.Final]
	at net.minecraftforge.network.NetworkConstants.<clinit>(NetworkConstants.java:34) ~[forge-1.20.1-47.4.10_mapped_parchment_2023.09.03-1.20.1-recomp.jar:?]
	at net.minecraftforge.network.NetworkHooks.init(NetworkHooks.java:52) ~[forge-1.20.1-47.4.10_mapped_parchment_2023.09.03-1.20.1-recomp.jar:?]
	at net.minecraft.server.Bootstrap.bootStrap(Bootstrap.java:66) ~[forge-1.20.1-47.4.10_mapped_parchment_2023.09.03-1.20.1-recomp.jar:?]
	at net.minecraftforge.data.loading.DatagenModLoader.begin(DatagenModLoader.java:42) ~[forge-1.20.1-47.4.10_mapped_parchment_2023.09.03-1.20.1-recomp.jar:?]
	at net.minecraft.data.Main.main(Main.java:90) ~[forge-1.20.1-47.4.10_mapped_parchment_2023.09.03-1.20.1-recomp.jar:?]
	at jdk.internal.reflect.NativeMethodAccessorImpl.invoke0(Native Method) ~[?:?]
	at jdk.internal.reflect.NativeMethodAccessorImpl.invoke(NativeMethodAccessorImpl.java:77) ~[?:?]
	at jdk.internal.reflect.DelegatingMethodAccessorImpl.invoke(DelegatingMethodAccessorImpl.java:43) ~[?:?]
	at java.lang.reflect.Method.invoke(Method.java:569) ~[?:?]
	at net.minecraftforge.fml.loading.targets.CommonLaunchHandler.runTarget(CommonLaunchHandler.java:111) ~[fmlloader-1.20.1-47.4.10.jar:?]
	at net.minecraftforge.fml.loading.targets.CommonLaunchHandler.dataService(CommonLaunchHandler.java:107) ~[fmlloader-1.20.1-47.4.10.jar:?]
	at net.minecraftforge.fml.loading.targets.ForgeDataUserdevLaunchHandler.devService(ForgeDataUserdevLaunchHandler.java:22) ~[fmlloader-1.20.1-47.4.10.jar:?]
	at net.minecraftforge.fml.loading.targets.CommonDevLaunchHandler.lambda$makeService$7(CommonDevLaunchHandler.java:135) ~[fmlloader-1.20.1-47.4.10.jar:?]
	at cpw.mods.modlauncher.LaunchServiceHandlerDecorator.launch(LaunchServiceHandlerDecorator.java:30) ~[modlauncher-10.0.9.jar:?]
	at cpw.mods.modlauncher.LaunchServiceHandler.launch(LaunchServiceHandler.java:53) ~[modlauncher-10.0.9.jar:?]
	at cpw.mods.modlauncher.LaunchServiceHandler.launch(LaunchServiceHandler.java:71) ~[modlauncher-10.0.9.jar:?]
	at cpw.mods.modlauncher.Launcher.run(Launcher.java:108) ~[modlauncher-10.0.9.jar:?]
	at cpw.mods.modlauncher.Launcher.main(Launcher.java:78) ~[modlauncher-10.0.9.jar:?]
	at cpw.mods.modlauncher.BootstrapLaunchConsumer.accept(BootstrapLaunchConsumer.java:26) ~[modlauncher-10.0.9.jar:?]
	at cpw.mods.modlauncher.BootstrapLaunchConsumer.accept(BootstrapLaunchConsumer.java:23) ~[modlauncher-10.0.9.jar:?]
	at cpw.mods.bootstraplauncher.BootstrapLauncher.main(BootstrapLauncher.java:141) ~[bootstraplauncher-1.1.2.jar:?]
[05May2026 20:08:56.153] [main/DEBUG] [io.netty.util.internal.PlatformDependent0/]: java.nio.DirectByteBuffer.<init>(long, int): unavailable
[05May2026 20:08:56.153] [main/DEBUG] [io.netty.util.internal.PlatformDependent/]: sun.misc.Unsafe: available
[05May2026 20:08:56.154] [main/DEBUG] [io.netty.util.internal.PlatformDependent/]: maxDirectMemory: 4294967296 bytes (maybe)
[05May2026 20:08:56.154] [main/DEBUG] [io.netty.util.internal.PlatformDependent/]: -Dio.netty.tmpdir: /var/folders/yb/q5rljk2d6zq7cvp6w66whrs80000gp/T (java.io.tmpdir)
[05May2026 20:08:56.154] [main/DEBUG] [io.netty.util.internal.PlatformDependent/]: -Dio.netty.bitMode: 64 (sun.arch.data.model)
[05May2026 20:08:56.155] [main/DEBUG] [io.netty.util.internal.PlatformDependent/]: Platform: MacOS
[05May2026 20:08:56.156] [main/DEBUG] [io.netty.util.internal.PlatformDependent/]: -Dio.netty.maxDirectMemory: -1 bytes
[05May2026 20:08:56.156] [main/DEBUG] [io.netty.util.internal.PlatformDependent/]: -Dio.netty.uninitializedArrayAllocationThreshold: -1
[05May2026 20:08:56.156] [main/DEBUG] [io.netty.util.internal.CleanerJava9/]: java.nio.ByteBuffer.cleaner(): available
[05May2026 20:08:56.157] [main/DEBUG] [io.netty.util.internal.PlatformDependent/]: -Dio.netty.noPreferDirect: false
[05May2026 20:08:56.208] [main/DEBUG] [net.minecraftforge.network.NetworkHooks/]: Loading Network data for FML net version: FML3
[05May2026 20:08:56.225] [main/DEBUG] [net.minecraftforge.fml.ModWorkManager/LOADING]: Using 8 threads for parallel mod-loading
[05May2026 20:08:56.231] [main/DEBUG] [net.minecraftforge.fml.javafmlmod.FMLJavaModLanguageProvider/LOADING]: Loading FMLModContainer from classloader cpw.mods.modlauncher.TransformingClassLoader@7c011174 - got cpw.mods.cl.ModuleClassLoader@30cecdca
[05May2026 20:08:56.234] [main/DEBUG] [net.minecraftforge.fml.javafmlmod.FMLModContainer/LOADING]: Creating FMLModContainer instance for xfacthd.framedblocks.FramedBlocks
[05May2026 20:08:56.238] [main/DEBUG] [net.minecraftforge.fml.javafmlmod.FMLJavaModLanguageProvider/LOADING]: Loading FMLModContainer from classloader cpw.mods.modlauncher.TransformingClassLoader@7c011174 - got cpw.mods.cl.ModuleClassLoader@30cecdca
[05May2026 20:08:56.238] [main/DEBUG] [net.minecraftforge.fml.javafmlmod.FMLModContainer/LOADING]: Creating FMLModContainer instance for com.llamalad7.mixinextras.platform.forge.MixinExtrasMod
[05May2026 20:08:56.239] [main/DEBUG] [net.minecraftforge.fml.javafmlmod.FMLJavaModLanguageProvider/LOADING]: Loading FMLModContainer from classloader cpw.mods.modlauncher.TransformingClassLoader@7c011174 - got cpw.mods.cl.ModuleClassLoader@30cecdca
[05May2026 20:08:56.239] [main/DEBUG] [net.minecraftforge.fml.javafmlmod.FMLModContainer/LOADING]: Creating FMLModContainer instance for com.mcwroofs.kikoz.MacawsRoofs
[05May2026 20:08:56.240] [main/DEBUG] [net.minecraftforge.fml.javafmlmod.FMLJavaModLanguageProvider/LOADING]: Loading FMLModContainer from classloader cpw.mods.modlauncher.TransformingClassLoader@7c011174 - got cpw.mods.cl.ModuleClassLoader@30cecdca
[05May2026 20:08:56.240] [main/DEBUG] [net.minecraftforge.fml.javafmlmod.FMLModContainer/LOADING]: Creating FMLModContainer instance for com.mcwdoors.kikoz.MacawsDoors
[05May2026 20:08:56.240] [main/DEBUG] [net.minecraftforge.fml.javafmlmod.FMLJavaModLanguageProvider/LOADING]: Loading FMLModContainer from classloader cpw.mods.modlauncher.TransformingClassLoader@7c011174 - got cpw.mods.cl.ModuleClassLoader@30cecdca
[05May2026 20:08:56.240] [main/DEBUG] [net.minecraftforge.fml.javafmlmod.FMLModContainer/LOADING]: Creating FMLModContainer instance for mezz.jei.forge.JustEnoughItems
[05May2026 20:08:56.241] [main/DEBUG] [net.minecraftforge.fml.javafmlmod.FMLJavaModLanguageProvider/LOADING]: Loading FMLModContainer from classloader cpw.mods.modlauncher.TransformingClassLoader@7c011174 - got cpw.mods.cl.ModuleClassLoader@30cecdca
[05May2026 20:08:56.241] [main/DEBUG] [net.minecraftforge.fml.javafmlmod.FMLModContainer/LOADING]: Creating FMLModContainer instance for net.minecraftforge.common.ForgeMod
[05May2026 20:08:56.244] [main/DEBUG] [net.minecraftforge.fml.javafmlmod.FMLJavaModLanguageProvider/LOADING]: Loading FMLModContainer from classloader cpw.mods.modlauncher.TransformingClassLoader@7c011174 - got cpw.mods.cl.ModuleClassLoader@30cecdca
[05May2026 20:08:56.244] [main/DEBUG] [net.minecraftforge.fml.javafmlmod.FMLModContainer/LOADING]: Creating FMLModContainer instance for xyz.apex.forge.commonality.Mods$CommonalityMod
[05May2026 20:08:56.245] [main/DEBUG] [net.minecraftforge.fml.javafmlmod.FMLJavaModLanguageProvider/LOADING]: Loading FMLModContainer from classloader cpw.mods.modlauncher.TransformingClassLoader@7c011174 - got cpw.mods.cl.ModuleClassLoader@30cecdca
[05May2026 20:08:56.245] [main/DEBUG] [net.minecraftforge.fml.javafmlmod.FMLModContainer/LOADING]: Creating FMLModContainer instance for xyz.apex.forge.apexcore.core.ApexCore
[05May2026 20:08:56.245] [main/DEBUG] [net.minecraftforge.fml.javafmlmod.FMLJavaModLanguageProvider/LOADING]: Loading FMLModContainer from classloader cpw.mods.modlauncher.TransformingClassLoader@7c011174 - got cpw.mods.cl.ModuleClassLoader@30cecdca
[05May2026 20:08:56.245] [main/DEBUG] [net.minecraftforge.fml.javafmlmod.FMLModContainer/LOADING]: Creating FMLModContainer instance for xyz.apex.forge.fantasyfurniture.core.ModInitializer
[05May2026 20:08:56.245] [main/DEBUG] [net.minecraftforge.fml.javafmlmod.FMLJavaModLanguageProvider/LOADING]: Loading FMLModContainer from classloader cpw.mods.modlauncher.TransformingClassLoader@7c011174 - got cpw.mods.cl.ModuleClassLoader@30cecdca
[05May2026 20:08:56.246] [main/DEBUG] [net.minecraftforge.fml.javafmlmod.FMLModContainer/LOADING]: Creating FMLModContainer instance for com.mcwpaths.kikoz.MacawsPaths
[05May2026 20:08:56.246] [main/DEBUG] [net.minecraftforge.fml.javafmlmod.FMLJavaModLanguageProvider/LOADING]: Loading FMLModContainer from classloader cpw.mods.modlauncher.TransformingClassLoader@7c011174 - got cpw.mods.cl.ModuleClassLoader@30cecdca
[05May2026 20:08:56.246] [main/DEBUG] [net.minecraftforge.fml.javafmlmod.FMLModContainer/LOADING]: Creating FMLModContainer instance for net.apotheoticstudios.thuumcraft.Thuumcraft
[05May2026 20:08:56.262] [modloading-worker-0/DEBUG] [net.minecraftforge.versions.forge.ForgeVersion/CORE]: Forge Version package package net.minecraftforge.versions.forge, Forge, version 47.4 from cpw.mods.modlauncher.TransformingClassLoader@7c011174
[05May2026 20:08:56.262] [modloading-worker-0/DEBUG] [net.minecraftforge.versions.forge.ForgeVersion/CORE]: Found Forge version 47.4.10
[05May2026 20:08:56.262] [modloading-worker-0/DEBUG] [net.minecraftforge.versions.forge.ForgeVersion/CORE]: Found Forge spec 47.4
[05May2026 20:08:56.262] [modloading-worker-0/DEBUG] [net.minecraftforge.versions.forge.ForgeVersion/CORE]: Found Forge group net.minecraftforge
[05May2026 20:08:56.259] [modloading-worker-0/DEBUG] [net.minecraftforge.fml.javafmlmod.AutomaticEventSubscriber/LOADING]: Attempting to inject @EventBusSubscriber classes into the eventbus for mixinextras
[05May2026 20:08:56.264] [modloading-worker-0/INFO] [xyz.apex.forge.commonality.Mods.CommonalityMod/]: Running Minecraft '1.20.1', & Forge '47.4.10' on Java '17.0.17, Eclipse Adoptium'
[05May2026 20:08:56.269] [modloading-worker-0/WARN] [TrustManager/]: Currently running in a Development Environment, All mods will be forcefully trusted!
[05May2026 20:08:56.269] [modloading-worker-0/INFO] [TrustedSourceList/]: Currently running in Development Environment, Disabling trusted source list!
[05May2026 20:08:56.270] [modloading-worker-0/ERROR] [xyz.apex.forge.commonality.Mods$CommonalityMod/]: Failed to register DataGeneration for Commonality!
[05May2026 20:08:56.270] [modloading-worker-0/ERROR] [xyz.apex.forge.commonality.Mods$CommonalityMod/]: java.lang.ClassNotFoundException: xyz.apex.forge.commonality.Commonality
[05May2026 20:08:56.271] [modloading-worker-0/DEBUG] [net.minecraftforge.fml.javafmlmod.AutomaticEventSubscriber/LOADING]: Attempting to inject @EventBusSubscriber classes into the eventbus for commonality
[05May2026 20:08:56.288] [modloading-worker-0/DEBUG] [net.minecraftforge.versions.mcp.MCPVersion/CORE]: MCP Version package package net.minecraftforge.versions.mcp, Minecraft, version 1.20.1 from cpw.mods.modlauncher.TransformingClassLoader@7c011174
[05May2026 20:08:56.288] [modloading-worker-0/DEBUG] [net.minecraftforge.versions.mcp.MCPVersion/CORE]: Found MC version information 1.20.1
[05May2026 20:08:56.288] [modloading-worker-0/DEBUG] [net.minecraftforge.versions.mcp.MCPVersion/CORE]: Found MCP version information 20230612.114412
[05May2026 20:08:56.288] [modloading-worker-0/INFO] [net.minecraftforge.common.ForgeMod/FORGEMOD]: Forge mod loading, version 47.4.10, for MC 1.20.1 with MCP 20230612.114412
[05May2026 20:08:56.289] [modloading-worker-0/INFO] [net.minecraftforge.common.MinecraftForge/FORGE]: MinecraftForge v47.4.10 Initialized
[05May2026 20:08:56.309] [modloading-worker-0/DEBUG] [com.tterrag.registrate.AbstractRegistrate/REGISTRATE.REGISTER]: Captured registration for entry fantasyfurniture of type minecraft:creative_mode_tab
[05May2026 20:08:56.312] [modloading-worker-0/DEBUG] [net.minecraftforge.fml.config.ConfigTracker/CONFIG]: Config file jei-server.toml for jei tracking
[05May2026 20:08:56.381] [modloading-worker-0/DEBUG] [mezz.jei.common.platform.Services/]: Loaded mezz.jei.forge.platform.PlatformHelper@52c78b5 for service interface mezz.jei.common.platform.IPlatformHelper
[05May2026 20:08:56.380] [modloading-worker-0/DEBUG] [net.minecraftforge.fml.javafmlmod.AutomaticEventSubscriber/LOADING]: Attempting to inject @EventBusSubscriber classes into the eventbus for mcwpaths
[05May2026 20:08:56.398] [modloading-worker-0/DEBUG] [com.tterrag.registrate.AbstractRegistrate/REGISTRATE.REGISTER]: Captured registration for entry seat of type minecraft:entity_type
[05May2026 20:08:56.399] [modloading-worker-0/DEBUG] [net.minecraftforge.fml.javafmlmod.AutomaticEventSubscriber/LOADING]: Attempting to inject @EventBusSubscriber classes into the eventbus for apexcore
[05May2026 20:08:56.403] [modloading-worker-0/DEBUG] [net.minecraftforge.fml.javafmlmod.AutomaticEventSubscriber/LOADING]: Auto-subscribing xyz.apex.forge.apexcore.core.client.BlockVisualizer to FORGE
[05May2026 20:08:56.418] [modloading-worker-0/DEBUG] [net.minecraftforge.fml.config.ConfigTracker/CONFIG]: Config file forge-client.toml for forge tracking
[05May2026 20:08:56.419] [modloading-worker-0/DEBUG] [net.minecraftforge.fml.config.ConfigTracker/CONFIG]: Config file forge-server.toml for forge tracking
[05May2026 20:08:56.419] [modloading-worker-0/DEBUG] [net.minecraftforge.fml.ModLoadingContext/]: Attempted to register an empty config for type COMMON on mod forge
[05May2026 20:08:56.426] [modloading-worker-0/DEBUG] [net.minecraftforge.fml.javafmlmod.AutomaticEventSubscriber/LOADING]: Attempting to inject @EventBusSubscriber classes into the eventbus for mcwdoors
[05May2026 20:08:56.426] [modloading-worker-0/DEBUG] [net.minecraftforge.fml.javafmlmod.AutomaticEventSubscriber/LOADING]: Auto-subscribing com.mcwdoors.kikoz.MacawsDoors to MOD
[05May2026 20:08:56.428] [modloading-worker-0/DEBUG] [net.minecraftforge.fml.config.ConfigTracker/CONFIG]: Config file thuumcraft-common.toml for thuumcraft tracking
[05May2026 20:08:56.430] [modloading-worker-0/DEBUG] [net.minecraftforge.fml.javafmlmod.AutomaticEventSubscriber/LOADING]: Auto-subscribing com.mcwpaths.kikoz.MacawsPaths to MOD
[05May2026 20:08:56.450] [modloading-worker-0/DEBUG] [net.minecraftforge.fml.javafmlmod.AutomaticEventSubscriber/LOADING]: Attempting to inject @EventBusSubscriber classes into the eventbus for thuumcraft
[05May2026 20:08:56.451] [modloading-worker-0/DEBUG] [net.minecraftforge.fml.javafmlmod.AutomaticEventSubscriber/LOADING]: Auto-subscribing net.apotheoticstudios.thuumcraft.loot.AddRandomBookLoot to FORGE
[05May2026 20:08:56.451] [modloading-worker-0/DEBUG] [com.tterrag.registrate.AbstractRegistrate/REGISTRATE.REGISTER]: Captured registration for entry decorations/berry_basket_empty of type minecraft:block
[05May2026 20:08:56.452] [modloading-worker-0/DEBUG] [com.tterrag.registrate.AbstractRegistrate/REGISTRATE.REGISTER]: Captured registration for entry decorations/berry_basket_sweetberry of type minecraft:block
[05May2026 20:08:56.453] [modloading-worker-0/DEBUG] [com.tterrag.registrate.AbstractRegistrate/REGISTRATE.REGISTER]: Captured registration for entry decorations/berry_basket_blueberry of type minecraft:block
[05May2026 20:08:56.453] [modloading-worker-0/DEBUG] [com.tterrag.registrate.AbstractRegistrate/REGISTRATE.REGISTER]: Captured registration for entry decorations/berry_basket_strawberry of type minecraft:block
[05May2026 20:08:56.462] [modloading-worker-0/DEBUG] [mixin/]: Mixing client.MixinLevelRenderer from framedblocks.mixin.json into net.minecraft.client.renderer.LevelRenderer
[05May2026 20:08:56.648] [modloading-worker-0/DEBUG] [com.tterrag.registrate.AbstractRegistrate/REGISTRATE.REGISTER]: Captured registration for entry decorations/bolts_of_cloth of type minecraft:block
[05May2026 20:08:56.651] [modloading-worker-0/DEBUG] [net.minecraftforge.fml.javafmlmod.AutomaticEventSubscriber/LOADING]: Attempting to inject @EventBusSubscriber classes into the eventbus for forge
[05May2026 20:08:56.653] [modloading-worker-0/DEBUG] [net.minecraftforge.fml.javafmlmod.AutomaticEventSubscriber/LOADING]: Auto-subscribing net.minecraftforge.common.ForgeSpawnEggItem$CommonHandler to MOD
[05May2026 20:08:56.653] [modloading-worker-0/DEBUG] [net.minecraftforge.fml.javafmlmod.AutomaticEventSubscriber/LOADING]: Auto-subscribing net.minecraftforge.common.ForgeSpawnEggItem$ColorRegisterHandler to MOD
[05May2026 20:08:56.656] [modloading-worker-0/DEBUG] [com.tterrag.registrate.AbstractRegistrate/REGISTRATE.REGISTER]: Captured registration for entry decorations/book_stack of type minecraft:block
[05May2026 20:08:56.660] [modloading-worker-0/DEBUG] [com.tterrag.registrate.AbstractRegistrate/REGISTRATE.REGISTER]: Captured registration for entry decorations/bowl_empty of type minecraft:block
[05May2026 20:08:56.660] [modloading-worker-0/DEBUG] [com.tterrag.registrate.AbstractRegistrate/REGISTRATE.REGISTER]: Captured registration for entry decorations/bowl_beetroot_soup of type minecraft:block
[05May2026 20:08:56.660] [modloading-worker-0/DEBUG] [com.tterrag.registrate.AbstractRegistrate/REGISTRATE.REGISTER]: Captured registration for entry decorations/bowl_mushroom_stew of type minecraft:block
[05May2026 20:08:56.661] [modloading-worker-0/DEBUG] [net.minecraftforge.fml.javafmlmod.AutomaticEventSubscriber/LOADING]: Auto-subscribing net.minecraftforge.client.model.data.ModelDataManager to FORGE
[05May2026 20:08:56.664] [modloading-worker-0/DEBUG] [mixin/]: Mixing client.MixinModelDataManager from framedblocks.mixin.json into net.minecraftforge.client.model.data.ModelDataManager
[05May2026 20:08:56.665] [modloading-worker-0/DEBUG] [com.tterrag.registrate.AbstractRegistrate/REGISTRATE.REGISTER]: Captured registration for entry decorations/tankards_empty of type minecraft:block
[05May2026 20:08:56.665] [modloading-worker-0/DEBUG] [com.tterrag.registrate.AbstractRegistrate/REGISTRATE.REGISTER]: Captured registration for entry decorations/tankards_honeymead of type minecraft:block
[05May2026 20:08:56.665] [modloading-worker-0/DEBUG] [com.tterrag.registrate.AbstractRegistrate/REGISTRATE.REGISTER]: Captured registration for entry decorations/tankards_milk of type minecraft:block
[05May2026 20:08:56.666] [modloading-worker-0/DEBUG] [com.tterrag.registrate.AbstractRegistrate/REGISTRATE.REGISTER]: Captured registration for entry decorations/tankards_sweetberry of type minecraft:block
[05May2026 20:08:56.679] [modloading-worker-0/DEBUG] [net.minecraftforge.fml.javafmlmod.AutomaticEventSubscriber/LOADING]: Auto-subscribing net.apotheoticstudios.thuumcraft.Thuumcraft$ClientModEvents to MOD
[05May2026 20:08:56.680] [modloading-worker-0/DEBUG] [net.minecraftforge.fml.javafmlmod.AutomaticEventSubscriber/LOADING]: Auto-subscribing net.apotheoticstudios.thuumcraft.event.ModEventBusClientEvents to MOD
[05May2026 20:08:56.681] [modloading-worker-0/DEBUG] [net.minecraftforge.fml.javafmlmod.AutomaticEventSubscriber/LOADING]: Auto-subscribing net.apotheoticstudios.thuumcraft.event.ModEventBusEvents to MOD
[05May2026 20:08:56.682] [modloading-worker-0/DEBUG] [net.minecraftforge.fml.javafmlmod.AutomaticEventSubscriber/LOADING]: Auto-subscribing net.minecraftforge.client.ForgeHooksClient$ClientEvents to MOD
[05May2026 20:08:56.687] [modloading-worker-0/DEBUG] [net.minecraftforge.fml.javafmlmod.AutomaticEventSubscriber/LOADING]: Auto-subscribing net.apotheoticstudios.thuumcraft.event.ModEvents to FORGE
[05May2026 20:08:56.689] [modloading-worker-0/DEBUG] [net.minecraftforge.fml.javafmlmod.AutomaticEventSubscriber/LOADING]: Auto-subscribing net.apotheoticstudios.thuumcraft.datagen.DataGenerators to MOD
[05May2026 20:08:56.693] [modloading-worker-0/DEBUG] [com.tterrag.registrate.AbstractRegistrate/REGISTRATE.REGISTER]: Captured registration for entry decorations/mushrooms_red of type minecraft:block
[05May2026 20:08:56.695] [modloading-worker-0/DEBUG] [com.tterrag.registrate.AbstractRegistrate/REGISTRATE.REGISTER]: Captured registration for entry decorations/coin_stack_gold of type minecraft:block
[05May2026 20:08:56.695] [modloading-worker-0/DEBUG] [com.tterrag.registrate.AbstractRegistrate/REGISTRATE.REGISTER]: Captured registration for entry decorations/coin_stack_iron of type minecraft:block
[05May2026 20:08:56.697] [modloading-worker-0/DEBUG] [com.tterrag.registrate.AbstractRegistrate/REGISTRATE.REGISTER]: Captured registration for entry decorations/muffins_blueberry of type minecraft:block
[05May2026 20:08:56.698] [modloading-worker-0/DEBUG] [com.tterrag.registrate.AbstractRegistrate/REGISTRATE.REGISTER]: Captured registration for entry decorations/muffins_chocolate of type minecraft:block
[05May2026 20:08:56.698] [modloading-worker-0/DEBUG] [com.tterrag.registrate.AbstractRegistrate/REGISTRATE.REGISTER]: Captured registration for entry decorations/muffins_sweetberry of type minecraft:block
[05May2026 20:08:56.701] [modloading-worker-0/DEBUG] [com.tterrag.registrate.AbstractRegistrate/REGISTRATE.REGISTER]: Captured registration for entry decorations/paper_stack of type minecraft:block
[05May2026 20:08:56.702] [modloading-worker-0/DEBUG] [net.minecraftforge.fml.javafmlmod.AutomaticEventSubscriber/LOADING]: Auto-subscribing net.minecraftforge.client.ClientForgeMod to MOD
[05May2026 20:08:56.708] [modloading-worker-0/DEBUG] [com.tterrag.registrate.AbstractRegistrate/REGISTRATE.REGISTER]: Captured registration for entry decorations/cookie_jar of type minecraft:block
[05May2026 20:08:56.713] [modloading-worker-0/DEBUG] [com.tterrag.registrate.AbstractRegistrate/REGISTRATE.REGISTER]: Captured registration for entry decorations/brewing_cauldron of type minecraft:block
[05May2026 20:08:56.720] [modloading-worker-0/DEBUG] [com.tterrag.registrate.AbstractRegistrate/REGISTRATE.REGISTER]: Captured registration for entry decorations/floating_tomes of type minecraft:block
[05May2026 20:08:56.722] [modloading-worker-0/DEBUG] [com.tterrag.registrate.AbstractRegistrate/REGISTRATE.REGISTER]: Captured registration for entry decorations/gravestone of type minecraft:block
[05May2026 20:08:56.726] [modloading-worker-0/DEBUG] [com.tterrag.registrate.AbstractRegistrate/REGISTRATE.REGISTER]: Captured registration for entry decorations/hanging_herbs of type minecraft:block
[05May2026 20:08:56.728] [modloading-worker-0/DEBUG] [com.tterrag.registrate.AbstractRegistrate/REGISTRATE.REGISTER]: Captured registration for entry decorations/spider_web_small of type minecraft:block
[05May2026 20:08:56.732] [modloading-worker-0/DEBUG] [com.tterrag.registrate.AbstractRegistrate/REGISTRATE.REGISTER]: Captured registration for entry decorations/spider_web_wide of type minecraft:block
[05May2026 20:08:56.736] [modloading-worker-0/DEBUG] [com.tterrag.registrate.AbstractRegistrate/REGISTRATE.REGISTER]: Captured registration for entry decorations/stackable_pumpkins of type minecraft:block
[05May2026 20:08:56.737] [modloading-worker-0/DEBUG] [com.tterrag.registrate.AbstractRegistrate/REGISTRATE.REGISTER]: Captured registration for entry decorations/bronze_chain of type minecraft:block
[05May2026 20:08:56.738] [modloading-worker-0/DEBUG] [com.tterrag.registrate.AbstractRegistrate/REGISTRATE.REGISTER]: Captured registration for entry decorations/mushrooms_brown of type minecraft:block
[05May2026 20:08:56.740] [modloading-worker-0/DEBUG] [com.tterrag.registrate.AbstractRegistrate/REGISTRATE.REGISTER]: Captured registration for entry decorations/potion_bottles of type minecraft:block
[05May2026 20:08:56.742] [modloading-worker-0/DEBUG] [com.tterrag.registrate.AbstractRegistrate/REGISTRATE.REGISTER]: Captured registration for entry decorations/potion_bottles_dyeable of type minecraft:block
[05May2026 20:08:56.746] [modloading-worker-0/DEBUG] [com.tterrag.registrate.AbstractRegistrate/REGISTRATE.REGISTER]: Captured registration for entry decorations/fairy_lights_1 of type minecraft:block
[05May2026 20:08:56.746] [modloading-worker-0/DEBUG] [com.tterrag.registrate.AbstractRegistrate/REGISTRATE.REGISTER]: Captured registration for entry decorations/fairy_lights_2 of type minecraft:block
[05May2026 20:08:56.748] [modloading-worker-0/DEBUG] [com.tterrag.registrate.AbstractRegistrate/REGISTRATE.REGISTER]: Captured registration for entry decorations/presents_stack_1 of type minecraft:block
[05May2026 20:08:56.750] [modloading-worker-0/DEBUG] [com.tterrag.registrate.AbstractRegistrate/REGISTRATE.REGISTER]: Captured registration for entry decorations/presents_stack_2 of type minecraft:block
[05May2026 20:08:56.752] [modloading-worker-0/DEBUG] [com.tterrag.registrate.AbstractRegistrate/REGISTRATE.REGISTER]: Captured registration for entry decorations/snowballs of type minecraft:block
[05May2026 20:08:56.755] [modloading-worker-0/DEBUG] [com.tterrag.registrate.AbstractRegistrate/REGISTRATE.REGISTER]: Captured registration for entry decorations/stocking of type minecraft:block
[05May2026 20:08:56.756] [modloading-worker-0/DEBUG] [com.tterrag.registrate.AbstractRegistrate/REGISTRATE.REGISTER]: Captured registration for entry decorations/nordic_boiled_creme_treats of type minecraft:block
[05May2026 20:08:56.757] [modloading-worker-0/DEBUG] [com.tterrag.registrate.AbstractRegistrate/REGISTRATE.REGISTER]: Captured registration for entry decorations/nordic_sweetrolls of type minecraft:block
[05May2026 20:08:56.759] [modloading-worker-0/DEBUG] [com.tterrag.registrate.AbstractRegistrate/REGISTRATE.REGISTER]: Captured registration for entry decorations/nordic_mead_bottles of type minecraft:block
[05May2026 20:08:56.760] [modloading-worker-0/DEBUG] [com.tterrag.registrate.AbstractRegistrate/REGISTRATE.REGISTER]: Captured registration for entry decorations/nordic_soul_gems_light of type minecraft:block
[05May2026 20:08:56.761] [modloading-worker-0/DEBUG] [com.tterrag.registrate.AbstractRegistrate/REGISTRATE.REGISTER]: Captured registration for entry decorations/nordic_soul_gems_dark of type minecraft:block
[05May2026 20:08:56.762] [modloading-worker-0/DEBUG] [com.tterrag.registrate.AbstractRegistrate/REGISTRATE.REGISTER]: Captured registration for entry decorations/venthyr_food_0 of type minecraft:block
[05May2026 20:08:56.763] [modloading-worker-0/DEBUG] [com.tterrag.registrate.AbstractRegistrate/REGISTRATE.REGISTER]: Captured registration for entry decorations/venthyr_food_1 of type minecraft:block
[05May2026 20:08:56.764] [modloading-worker-0/DEBUG] [com.tterrag.registrate.AbstractRegistrate/REGISTRATE.REGISTER]: Captured registration for entry decorations/venthyr_tea_set of type minecraft:block
[05May2026 20:08:56.764] [modloading-worker-0/DEBUG] [net.minecraftforge.fml.javafmlmod.AutomaticEventSubscriber/LOADING]: Attempting to inject @EventBusSubscriber classes into the eventbus for mcwroofs
[05May2026 20:08:56.764] [modloading-worker-0/DEBUG] [net.minecraftforge.fml.javafmlmod.AutomaticEventSubscriber/LOADING]: Auto-subscribing com.mcwroofs.kikoz.MacawsRoofs to MOD
[05May2026 20:08:56.765] [modloading-worker-0/DEBUG] [com.tterrag.registrate.AbstractRegistrate/REGISTRATE.REGISTER]: Captured registration for entry decorations/venthyr_tea_cups of type minecraft:block
[05May2026 20:08:56.767] [modloading-worker-0/DEBUG] [com.tterrag.registrate.AbstractRegistrate/REGISTRATE.REGISTER]: Captured registration for entry decorations/venthyr_platter of type minecraft:block
[05May2026 20:08:56.768] [modloading-worker-0/DEBUG] [com.tterrag.registrate.AbstractRegistrate/REGISTRATE.REGISTER]: Captured registration for entry decorations/venthyr_widow_bloom of type minecraft:block
[05May2026 20:08:56.769] [modloading-worker-0/DEBUG] [com.tterrag.registrate.AbstractRegistrate/REGISTRATE.REGISTER]: Captured registration for entry decorations/venthyr_tomes of type minecraft:block
[05May2026 20:08:56.771] [modloading-worker-0/DEBUG] [com.tterrag.registrate.AbstractRegistrate/REGISTRATE.REGISTER]: Captured registration for entry decorations/venthyr_chalices of type minecraft:block
[05May2026 20:08:56.774] [modloading-worker-0/DEBUG] [com.tterrag.registrate.AbstractRegistrate/REGISTRATE.REGISTER]: Captured registration for entry decorations/venthyr_candles of type minecraft:block
[05May2026 20:08:56.776] [modloading-worker-0/DEBUG] [com.tterrag.registrate.AbstractRegistrate/REGISTRATE.REGISTER]: Captured registration for entry decorations/venthyr_banner of type minecraft:block
[05May2026 20:08:56.779] [modloading-worker-0/DEBUG] [com.tterrag.registrate.AbstractRegistrate/REGISTRATE.REGISTER]: Captured registration for entry decorations/dunmer_pottery_0 of type minecraft:block
[05May2026 20:08:56.780] [modloading-worker-0/DEBUG] [com.tterrag.registrate.AbstractRegistrate/REGISTRATE.REGISTER]: Captured registration for entry decorations/dunmer_pottery_1 of type minecraft:block
[05May2026 20:08:56.780] [modloading-worker-0/DEBUG] [com.tterrag.registrate.AbstractRegistrate/REGISTRATE.REGISTER]: Captured registration for entry decorations/bone_candles of type minecraft:block
[05May2026 20:08:56.780] [modloading-worker-0/DEBUG] [com.tterrag.registrate.AbstractRegistrate/REGISTRATE.REGISTER]: Captured registration for entry decorations/bone_skeleton_chalices of type minecraft:block
[05May2026 20:08:56.781] [modloading-worker-0/DEBUG] [com.tterrag.registrate.AbstractRegistrate/REGISTRATE.REGISTER]: Captured registration for entry decorations/bone_skeleton_pile of type minecraft:block
[05May2026 20:08:56.784] [modloading-worker-0/DEBUG] [com.tterrag.registrate.AbstractRegistrate/REGISTRATE.REGISTER]: Captured registration for entry decorations/bone_skeleton_skull_blossoms of type minecraft:block
[05May2026 20:08:56.784] [modloading-worker-0/DEBUG] [com.tterrag.registrate.AbstractRegistrate/REGISTRATE.REGISTER]: Captured registration for entry decorations/bone_wither_chalices of type minecraft:block
[05May2026 20:08:56.784] [modloading-worker-0/DEBUG] [com.tterrag.registrate.AbstractRegistrate/REGISTRATE.REGISTER]: Captured registration for entry decorations/bone_wither_pile of type minecraft:block
[05May2026 20:08:56.784] [modloading-worker-0/DEBUG] [com.tterrag.registrate.AbstractRegistrate/REGISTRATE.REGISTER]: Captured registration for entry decorations/bone_wither_skull_blossoms of type minecraft:block
[05May2026 20:08:56.787] [modloading-worker-0/DEBUG] [com.tterrag.registrate.AbstractRegistrate/REGISTRATE.REGISTER]: Captured registration for entry decorations/royal_crown of type minecraft:block
[05May2026 20:08:56.787] [modloading-worker-0/DEBUG] [mezz.jei.common.config.file.ConfigSerializer/]: Loading config file: /Users/bowieconnors/Documents/GitHub/Thuumcraft/Thuumcraft/run-data/config/jei/jei-debug.ini
[05May2026 20:08:56.789] [modloading-worker-0/DEBUG] [com.tterrag.registrate.AbstractRegistrate/REGISTRATE.REGISTER]: Captured registration for entry decorations/royal_candelabra of type minecraft:block
[05May2026 20:08:56.790] [modloading-worker-0/DEBUG] [mezz.jei.common.config.file.ConfigSerializer/]: Saving config file: /Users/bowieconnors/Documents/GitHub/Thuumcraft/Thuumcraft/run-data/config/jei/jei-debug.ini
[05May2026 20:08:56.792] [modloading-worker-0/DEBUG] [com.tterrag.registrate.AbstractRegistrate/REGISTRATE.REGISTER]: Captured registration for entry decorations/royal_chalices of type minecraft:block
[05May2026 20:08:56.792] [modloading-worker-0/DEBUG] [com.tterrag.registrate.AbstractRegistrate/REGISTRATE.REGISTER]: Captured registration for entry decorations/royal_cushioned_crown of type minecraft:block
[05May2026 20:08:56.793] [modloading-worker-0/DEBUG] [com.tterrag.registrate.AbstractRegistrate/REGISTRATE.REGISTER]: Captured registration for entry decorations/royal_food_0 of type minecraft:block
[05May2026 20:08:56.793] [modloading-worker-0/DEBUG] [com.tterrag.registrate.AbstractRegistrate/REGISTRATE.REGISTER]: Captured registration for entry decorations/royal_food_1 of type minecraft:block
[05May2026 20:08:56.793] [modloading-worker-0/DEBUG] [com.tterrag.registrate.AbstractRegistrate/REGISTRATE.REGISTER]: Captured registration for entry decorations/royal_platter of type minecraft:block
[05May2026 20:08:56.797] [modloading-worker-0/DEBUG] [mezz.jei.common.config.file.ConfigSerializer/]: Loading config file: /Users/bowieconnors/Documents/GitHub/Thuumcraft/Thuumcraft/run-data/config/jei/jei-mod-id-format.ini
[05May2026 20:08:56.798] [modloading-worker-0/DEBUG] [com.tterrag.registrate.AbstractRegistrate/REGISTRATE.REGISTER]: Captured registration for entry decorations/royal_floor_cushion of type minecraft:block
[05May2026 20:08:56.799] [modloading-worker-0/DEBUG] [mezz.jei.common.config.file.ConfigSerializer/]: Saving config file: /Users/bowieconnors/Documents/GitHub/Thuumcraft/Thuumcraft/run-data/config/jei/jei-mod-id-format.ini
[05May2026 20:08:56.801] [modloading-worker-0/DEBUG] [com.tterrag.registrate.AbstractRegistrate/REGISTRATE.REGISTER]: Captured registration for entry decorations/royal_wall_mirror_small of type minecraft:block
[05May2026 20:08:56.803] [modloading-worker-0/DEBUG] [com.tterrag.registrate.AbstractRegistrate/REGISTRATE.REGISTER]: Captured registration for entry decorations/royal_wall_mirror_large of type minecraft:block
[05May2026 20:08:56.803] [modloading-worker-0/DEBUG] [mezz.jei.common.config.file.ConfigSerializer/]: Loading config file: /Users/bowieconnors/Documents/GitHub/Thuumcraft/Thuumcraft/run-data/config/jei/jei-colors.ini
[05May2026 20:08:56.804] [modloading-worker-0/DEBUG] [com.tterrag.registrate.AbstractRegistrate/REGISTRATE.REGISTER]: Captured registration for entry decorations/necrolord_candelabra of type minecraft:block
[05May2026 20:08:56.805] [modloading-worker-0/DEBUG] [com.tterrag.registrate.AbstractRegistrate/REGISTRATE.REGISTER]: Captured registration for entry nordic/wool of type minecraft:block
[05May2026 20:08:56.806] [modloading-worker-0/DEBUG] [mezz.jei.common.config.file.ConfigSerializer/]: Saving config file: /Users/bowieconnors/Documents/GitHub/Thuumcraft/Thuumcraft/run-data/config/jei/jei-colors.ini
[05May2026 20:08:56.807] [modloading-worker-0/DEBUG] [com.tterrag.registrate.AbstractRegistrate/REGISTRATE.REGISTER]: Captured registration for entry nordic/carpet of type minecraft:block
[05May2026 20:08:56.811] [modloading-worker-0/DEBUG] [com.tterrag.registrate.AbstractRegistrate/REGISTRATE.REGISTER]: Captured registration for entry nordic/wall_light of type minecraft:block
[05May2026 20:08:56.815] [modloading-worker-0/DEBUG] [com.tterrag.registrate.AbstractRegistrate/REGISTRATE.REGISTER]: Captured registration for entry nordic/floor_light of type minecraft:block
[05May2026 20:08:56.817] [modloading-worker-0/DEBUG] [com.tterrag.registrate.AbstractRegistrate/REGISTRATE.REGISTER]: Captured registration for entry nordic/table_small of type minecraft:block
[05May2026 20:08:56.818] [modloading-worker-0/DEBUG] [mezz.jei.common.config.file.ConfigSerializer/]: Loading config file: /Users/bowieconnors/Documents/GitHub/Thuumcraft/Thuumcraft/run-data/config/jei/jei-client.ini
[05May2026 20:08:56.819] [modloading-worker-0/DEBUG] [com.tterrag.registrate.AbstractRegistrate/REGISTRATE.REGISTER]: Captured registration for entry nordic/table_wide of type minecraft:block
[05May2026 20:08:56.820] [modloading-worker-0/DEBUG] [mezz.jei.common.config.file.ConfigSerializer/]: Saving config file: /Users/bowieconnors/Documents/GitHub/Thuumcraft/Thuumcraft/run-data/config/jei/jei-client.ini
[05May2026 20:08:56.821] [modloading-worker-0/DEBUG] [com.tterrag.registrate.AbstractRegistrate/REGISTRATE.REGISTER]: Captured registration for entry nordic/table_large of type minecraft:block
[05May2026 20:08:56.823] [modloading-worker-0/DEBUG] [com.tterrag.registrate.AbstractRegistrate/REGISTRATE.REGISTER]: Captured registration for entry nordic/stool of type minecraft:block
[05May2026 20:08:56.826] [modloading-worker-0/DEBUG] [com.tterrag.registrate.AbstractRegistrate/REGISTRATE.REGISTER]: Captured registration for entry nordic/cushion of type minecraft:block
[05May2026 20:08:56.827] [modloading-worker-0/DEBUG] [com.tterrag.registrate.AbstractRegistrate/REGISTRATE.REGISTER]: Captured registration for entry nordic/painting_small of type minecraft:block
[05May2026 20:08:56.828] [modloading-worker-0/DEBUG] [com.tterrag.registrate.AbstractRegistrate/REGISTRATE.REGISTER]: Captured registration for entry nordic/painting_wide of type minecraft:block
[05May2026 20:08:56.828] [modloading-worker-0/INFO] [mezz.jei.library.load.PluginCaller/]: Sending ConfigManager...
[05May2026 20:08:56.831] [modloading-worker-0/DEBUG] [com.tterrag.registrate.AbstractRegistrate/REGISTRATE.REGISTER]: Captured registration for entry nordic/drawer of type minecraft:block
[05May2026 20:08:56.832] [modloading-worker-0/DEBUG] [mezz.jei.library.load.PluginCallerTimerRunnable/]: Sending ConfigManager: jei:minecraft...
[05May2026 20:08:56.833] [modloading-worker-0/DEBUG] [mezz.jei.library.load.PluginCallerTimerRunnable/]: Sending ConfigManager: framedblocks:jei_plugin...
[05May2026 20:08:56.833] [modloading-worker-0/DEBUG] [mezz.jei.library.load.PluginCallerTimerRunnable/]: Sending ConfigManager: jei:debug...
[05May2026 20:08:56.833] [modloading-worker-0/DEBUG] [mezz.jei.library.load.PluginCallerTimerRunnable/]: Sending ConfigManager: jei:gui...
[05May2026 20:08:56.833] [modloading-worker-0/DEBUG] [mezz.jei.library.load.PluginCallerTimerRunnable/]: Sending ConfigManager: jei:forge_gui...
[05May2026 20:08:56.833] [modloading-worker-0/DEBUG] [mezz.jei.library.load.PluginCallerTimerRunnable/]: Sending ConfigManager: jei:internal...
[05May2026 20:08:56.834] [modloading-worker-0/DEBUG] [com.tterrag.registrate.AbstractRegistrate/REGISTRATE.REGISTER]: Captured registration for entry nordic/shelf of type minecraft:block
[05May2026 20:08:56.836] [modloading-worker-0/DEBUG] [com.tterrag.registrate.AbstractRegistrate/REGISTRATE.REGISTER]: Captured registration for entry nordic/sofa of type minecraft:block
[05May2026 20:08:56.838] [modloading-worker-0/INFO] [mezz.jei.library.load.PluginCaller/]: Sending ConfigManager took 4.620 ms
[05May2026 20:08:56.841] [modloading-worker-0/DEBUG] [com.tterrag.registrate.AbstractRegistrate/REGISTRATE.REGISTER]: Captured registration for entry nordic/desk_left of type minecraft:block
[05May2026 20:08:56.842] [modloading-worker-0/DEBUG] [com.tterrag.registrate.AbstractRegistrate/REGISTRATE.REGISTER]: Captured registration for entry nordic/desk_right of type minecraft:block
[05May2026 20:08:56.844] [modloading-worker-0/DEBUG] [com.tterrag.registrate.AbstractRegistrate/REGISTRATE.REGISTER]: Captured registration for entry nordic/chair of type minecraft:block
[05May2026 20:08:56.846] [modloading-worker-0/DEBUG] [com.tterrag.registrate.AbstractRegistrate/REGISTRATE.REGISTER]: Captured registration for entry nordic/bench of type minecraft:block
[05May2026 20:08:56.847] [modloading-worker-0/DEBUG] [net.minecraftforge.fml.javafmlmod.AutomaticEventSubscriber/LOADING]: Attempting to inject @EventBusSubscriber classes into the eventbus for jei
[05May2026 20:08:56.848] [modloading-worker-0/DEBUG] [com.tterrag.registrate.AbstractRegistrate/REGISTRATE.REGISTER]: Captured registration for entry nordic/bookshelf of type minecraft:block
[05May2026 20:08:56.850] [modloading-worker-0/DEBUG] [com.tterrag.registrate.AbstractRegistrate/REGISTRATE.REGISTER]: Captured registration for entry nordic/chest of type minecraft:block
[05May2026 20:08:56.852] [modloading-worker-0/DEBUG] [com.tterrag.registrate.AbstractRegistrate/REGISTRATE.REGISTER]: Captured registration for entry nordic/dresser of type minecraft:block
[05May2026 20:08:56.854] [modloading-worker-0/DEBUG] [com.tterrag.registrate.AbstractRegistrate/REGISTRATE.REGISTER]: Captured registration for entry nordic/wardrobe_bottom of type minecraft:block
[05May2026 20:08:56.857] [modloading-worker-0/DEBUG] [com.tterrag.registrate.AbstractRegistrate/REGISTRATE.REGISTER]: Captured registration for entry nordic/wardrobe_top of type minecraft:block
[05May2026 20:08:56.861] [modloading-worker-0/DEBUG] [com.tterrag.registrate.AbstractRegistrate/REGISTRATE.REGISTER]: Captured registration for entry nordic/bed_single of type minecraft:block
[05May2026 20:08:56.862] [modloading-worker-0/DEBUG] [com.tterrag.registrate.AbstractRegistrate/REGISTRATE.REGISTER]: Captured registration for entry nordic/bed_double of type minecraft:block
[05May2026 20:08:56.865] [modloading-worker-0/DEBUG] [com.tterrag.registrate.AbstractRegistrate/REGISTRATE.REGISTER]: Captured registration for entry nordic/chandelier of type minecraft:block
[05May2026 20:08:56.866] [modloading-worker-0/DEBUG] [com.tterrag.registrate.AbstractRegistrate/REGISTRATE.REGISTER]: Captured registration for entry nordic/door_single of type minecraft:block
[05May2026 20:08:56.866] [modloading-worker-0/DEBUG] [com.tterrag.registrate.AbstractRegistrate/REGISTRATE.REGISTER]: Captured registration for entry nordic/door_double of type minecraft:block
[05May2026 20:08:56.867] [modloading-worker-0/DEBUG] [com.tterrag.registrate.AbstractRegistrate/REGISTRATE.REGISTER]: Captured registration for entry nordic/lockbox of type minecraft:block
[05May2026 20:08:56.869] [modloading-worker-0/DEBUG] [com.tterrag.registrate.AbstractRegistrate/REGISTRATE.REGISTER]: Captured registration for entry nordic/counter of type minecraft:block
[05May2026 20:08:56.872] [modloading-worker-0/DEBUG] [com.tterrag.registrate.AbstractRegistrate/REGISTRATE.REGISTER]: Captured registration for entry nordic/oven of type minecraft:block
[05May2026 20:08:56.872] [modloading-worker-0/DEBUG] [com.tterrag.registrate.AbstractRegistrate/REGISTRATE.REGISTER]: Captured registration for entry dunmer/wool of type minecraft:block
[05May2026 20:08:56.873] [modloading-worker-0/DEBUG] [com.tterrag.registrate.AbstractRegistrate/REGISTRATE.REGISTER]: Captured registration for entry dunmer/carpet of type minecraft:block
[05May2026 20:08:56.873] [modloading-worker-0/DEBUG] [com.tterrag.registrate.AbstractRegistrate/REGISTRATE.REGISTER]: Captured registration for entry dunmer/wall_light of type minecraft:block
[05May2026 20:08:56.874] [modloading-worker-0/DEBUG] [com.tterrag.registrate.AbstractRegistrate/REGISTRATE.REGISTER]: Captured registration for entry dunmer/floor_light of type minecraft:block
[05May2026 20:08:56.875] [modloading-worker-0/DEBUG] [com.tterrag.registrate.AbstractRegistrate/REGISTRATE.REGISTER]: Captured registration for entry dunmer/table_small of type minecraft:block
[05May2026 20:08:56.875] [modloading-worker-0/DEBUG] [com.tterrag.registrate.AbstractRegistrate/REGISTRATE.REGISTER]: Captured registration for entry dunmer/table_wide of type minecraft:block
[05May2026 20:08:56.876] [modloading-worker-0/DEBUG] [com.tterrag.registrate.AbstractRegistrate/REGISTRATE.REGISTER]: Captured registration for entry dunmer/table_large of type minecraft:block
[05May2026 20:08:56.877] [modloading-worker-0/DEBUG] [com.tterrag.registrate.AbstractRegistrate/REGISTRATE.REGISTER]: Captured registration for entry dunmer/stool of type minecraft:block
[05May2026 20:08:56.878] [modloading-worker-0/DEBUG] [com.tterrag.registrate.AbstractRegistrate/REGISTRATE.REGISTER]: Captured registration for entry dunmer/cushion of type minecraft:block
[05May2026 20:08:56.878] [modloading-worker-0/DEBUG] [com.tterrag.registrate.AbstractRegistrate/REGISTRATE.REGISTER]: Captured registration for entry dunmer/painting_small of type minecraft:block
[05May2026 20:08:56.878] [modloading-worker-0/DEBUG] [com.tterrag.registrate.AbstractRegistrate/REGISTRATE.REGISTER]: Captured registration for entry dunmer/painting_wide of type minecraft:block
[05May2026 20:08:56.879] [modloading-worker-0/DEBUG] [com.tterrag.registrate.AbstractRegistrate/REGISTRATE.REGISTER]: Captured registration for entry dunmer/drawer of type minecraft:block
[05May2026 20:08:56.879] [modloading-worker-0/DEBUG] [com.tterrag.registrate.AbstractRegistrate/REGISTRATE.REGISTER]: Captured registration for entry dunmer/shelf of type minecraft:block
[05May2026 20:08:56.879] [modloading-worker-0/DEBUG] [com.tterrag.registrate.AbstractRegistrate/REGISTRATE.REGISTER]: Captured registration for entry dunmer/sofa of type minecraft:block
[05May2026 20:08:56.880] [modloading-worker-0/DEBUG] [com.tterrag.registrate.AbstractRegistrate/REGISTRATE.REGISTER]: Captured registration for entry dunmer/desk_left of type minecraft:block
[05May2026 20:08:56.880] [modloading-worker-0/DEBUG] [com.tterrag.registrate.AbstractRegistrate/REGISTRATE.REGISTER]: Captured registration for entry dunmer/desk_right of type minecraft:block
[05May2026 20:08:56.880] [modloading-worker-0/DEBUG] [com.tterrag.registrate.AbstractRegistrate/REGISTRATE.REGISTER]: Captured registration for entry dunmer/chair of type minecraft:block
[05May2026 20:08:56.881] [modloading-worker-0/DEBUG] [com.tterrag.registrate.AbstractRegistrate/REGISTRATE.REGISTER]: Captured registration for entry dunmer/bench of type minecraft:block
[05May2026 20:08:56.881] [modloading-worker-0/DEBUG] [com.tterrag.registrate.AbstractRegistrate/REGISTRATE.REGISTER]: Captured registration for entry dunmer/bookshelf of type minecraft:block
[05May2026 20:08:56.881] [modloading-worker-0/DEBUG] [com.tterrag.registrate.AbstractRegistrate/REGISTRATE.REGISTER]: Captured registration for entry dunmer/chest of type minecraft:block
[05May2026 20:08:56.881] [modloading-worker-0/DEBUG] [com.tterrag.registrate.AbstractRegistrate/REGISTRATE.REGISTER]: Captured registration for entry dunmer/dresser of type minecraft:block
[05May2026 20:08:56.881] [modloading-worker-0/DEBUG] [com.tterrag.registrate.AbstractRegistrate/REGISTRATE.REGISTER]: Captured registration for entry dunmer/wardrobe_bottom of type minecraft:block
[05May2026 20:08:56.882] [modloading-worker-0/DEBUG] [com.tterrag.registrate.AbstractRegistrate/REGISTRATE.REGISTER]: Captured registration for entry dunmer/wardrobe_top of type minecraft:block
[05May2026 20:08:56.882] [modloading-worker-0/DEBUG] [com.tterrag.registrate.AbstractRegistrate/REGISTRATE.REGISTER]: Captured registration for entry dunmer/bed_single of type minecraft:block
[05May2026 20:08:56.882] [modloading-worker-0/DEBUG] [com.tterrag.registrate.AbstractRegistrate/REGISTRATE.REGISTER]: Captured registration for entry dunmer/bed_double of type minecraft:block
[05May2026 20:08:56.883] [modloading-worker-0/DEBUG] [com.tterrag.registrate.AbstractRegistrate/REGISTRATE.REGISTER]: Captured registration for entry dunmer/chandelier of type minecraft:block
[05May2026 20:08:56.883] [modloading-worker-0/DEBUG] [com.tterrag.registrate.AbstractRegistrate/REGISTRATE.REGISTER]: Captured registration for entry dunmer/door_single of type minecraft:block
[05May2026 20:08:56.883] [modloading-worker-0/DEBUG] [com.tterrag.registrate.AbstractRegistrate/REGISTRATE.REGISTER]: Captured registration for entry dunmer/door_double of type minecraft:block
[05May2026 20:08:56.883] [modloading-worker-0/DEBUG] [com.tterrag.registrate.AbstractRegistrate/REGISTRATE.REGISTER]: Captured registration for entry dunmer/lockbox of type minecraft:block
[05May2026 20:08:56.883] [modloading-worker-0/DEBUG] [com.tterrag.registrate.AbstractRegistrate/REGISTRATE.REGISTER]: Captured registration for entry dunmer/counter of type minecraft:block
[05May2026 20:08:56.884] [modloading-worker-0/DEBUG] [com.tterrag.registrate.AbstractRegistrate/REGISTRATE.REGISTER]: Captured registration for entry dunmer/oven of type minecraft:block
[05May2026 20:08:56.885] [modloading-worker-0/DEBUG] [com.tterrag.registrate.AbstractRegistrate/REGISTRATE.REGISTER]: Captured registration for entry venthyr/wool of type minecraft:block
[05May2026 20:08:56.885] [modloading-worker-0/DEBUG] [com.tterrag.registrate.AbstractRegistrate/REGISTRATE.REGISTER]: Captured registration for entry venthyr/carpet of type minecraft:block
[05May2026 20:08:56.885] [modloading-worker-0/DEBUG] [com.tterrag.registrate.AbstractRegistrate/REGISTRATE.REGISTER]: Captured registration for entry venthyr/wall_light of type minecraft:block
[05May2026 20:08:56.885] [modloading-worker-0/DEBUG] [com.tterrag.registrate.AbstractRegistrate/REGISTRATE.REGISTER]: Captured registration for entry venthyr/floor_light of type minecraft:block
[05May2026 20:08:56.885] [modloading-worker-0/DEBUG] [com.tterrag.registrate.AbstractRegistrate/REGISTRATE.REGISTER]: Captured registration for entry venthyr/table_small of type minecraft:block
[05May2026 20:08:56.885] [modloading-worker-0/DEBUG] [com.tterrag.registrate.AbstractRegistrate/REGISTRATE.REGISTER]: Captured registration for entry venthyr/table_small_fancy of type minecraft:block
[05May2026 20:08:56.886] [modloading-worker-0/DEBUG] [com.tterrag.registrate.AbstractRegistrate/REGISTRATE.REGISTER]: Captured registration for entry venthyr/table_wide of type minecraft:block
[05May2026 20:08:56.886] [modloading-worker-0/DEBUG] [com.tterrag.registrate.AbstractRegistrate/REGISTRATE.REGISTER]: Captured registration for entry venthyr/table_wide_fancy of type minecraft:block
[05May2026 20:08:56.886] [modloading-worker-0/DEBUG] [com.tterrag.registrate.AbstractRegistrate/REGISTRATE.REGISTER]: Captured registration for entry venthyr/table_large of type minecraft:block
[05May2026 20:08:56.886] [modloading-worker-0/DEBUG] [com.tterrag.registrate.AbstractRegistrate/REGISTRATE.REGISTER]: Captured registration for entry venthyr/table_large_fancy of type minecraft:block
[05May2026 20:08:56.886] [modloading-worker-0/DEBUG] [com.tterrag.registrate.AbstractRegistrate/REGISTRATE.REGISTER]: Captured registration for entry venthyr/stool of type minecraft:block
[05May2026 20:08:56.886] [modloading-worker-0/DEBUG] [com.tterrag.registrate.AbstractRegistrate/REGISTRATE.REGISTER]: Captured registration for entry venthyr/cushion of type minecraft:block
[05May2026 20:08:56.886] [modloading-worker-0/DEBUG] [com.tterrag.registrate.AbstractRegistrate/REGISTRATE.REGISTER]: Captured registration for entry venthyr/painting_small of type minecraft:block
[05May2026 20:08:56.887] [modloading-worker-0/DEBUG] [com.tterrag.registrate.AbstractRegistrate/REGISTRATE.REGISTER]: Captured registration for entry venthyr/painting_wide of type minecraft:block
[05May2026 20:08:56.888] [modloading-worker-0/DEBUG] [com.tterrag.registrate.AbstractRegistrate/REGISTRATE.REGISTER]: Captured registration for entry venthyr/drawer of type minecraft:block
[05May2026 20:08:56.888] [modloading-worker-0/DEBUG] [com.tterrag.registrate.AbstractRegistrate/REGISTRATE.REGISTER]: Captured registration for entry venthyr/shelf of type minecraft:block
[05May2026 20:08:56.889] [modloading-worker-0/DEBUG] [com.tterrag.registrate.AbstractRegistrate/REGISTRATE.REGISTER]: Captured registration for entry venthyr/sofa of type minecraft:block
[05May2026 20:08:56.889] [modloading-worker-0/DEBUG] [com.tterrag.registrate.AbstractRegistrate/REGISTRATE.REGISTER]: Captured registration for entry venthyr/desk_left of type minecraft:block
[05May2026 20:08:56.889] [modloading-worker-0/DEBUG] [com.tterrag.registrate.AbstractRegistrate/REGISTRATE.REGISTER]: Captured registration for entry venthyr/desk_right of type minecraft:block
[05May2026 20:08:56.890] [modloading-worker-0/DEBUG] [com.tterrag.registrate.AbstractRegistrate/REGISTRATE.REGISTER]: Captured registration for entry venthyr/chair of type minecraft:block
[05May2026 20:08:56.890] [modloading-worker-0/DEBUG] [com.tterrag.registrate.AbstractRegistrate/REGISTRATE.REGISTER]: Captured registration for entry venthyr/bench of type minecraft:block
[05May2026 20:08:56.890] [modloading-worker-0/DEBUG] [com.tterrag.registrate.AbstractRegistrate/REGISTRATE.REGISTER]: Captured registration for entry venthyr/bookshelf of type minecraft:block
[05May2026 20:08:56.893] [modloading-worker-0/DEBUG] [com.tterrag.registrate.AbstractRegistrate/REGISTRATE.REGISTER]: Captured registration for entry venthyr/chest of type minecraft:block
[05May2026 20:08:56.893] [modloading-worker-0/DEBUG] [com.tterrag.registrate.AbstractRegistrate/REGISTRATE.REGISTER]: Captured registration for entry venthyr/dresser of type minecraft:block
[05May2026 20:08:56.894] [modloading-worker-0/DEBUG] [com.tterrag.registrate.AbstractRegistrate/REGISTRATE.REGISTER]: Captured registration for entry venthyr/wardrobe_bottom of type minecraft:block
[05May2026 20:08:56.894] [modloading-worker-0/DEBUG] [com.tterrag.registrate.AbstractRegistrate/REGISTRATE.REGISTER]: Captured registration for entry venthyr/wardrobe_top of type minecraft:block
[05May2026 20:08:56.895] [modloading-worker-0/DEBUG] [com.tterrag.registrate.AbstractRegistrate/REGISTRATE.REGISTER]: Captured registration for entry venthyr/bed_single of type minecraft:block
[05May2026 20:08:56.895] [modloading-worker-0/DEBUG] [com.tterrag.registrate.AbstractRegistrate/REGISTRATE.REGISTER]: Captured registration for entry venthyr/bed_double of type minecraft:block
[05May2026 20:08:56.895] [modloading-worker-0/DEBUG] [com.tterrag.registrate.AbstractRegistrate/REGISTRATE.REGISTER]: Captured registration for entry venthyr/chandelier of type minecraft:block
[05May2026 20:08:56.895] [modloading-worker-0/DEBUG] [com.tterrag.registrate.AbstractRegistrate/REGISTRATE.REGISTER]: Captured registration for entry venthyr/door_single of type minecraft:block
[05May2026 20:08:56.895] [modloading-worker-0/DEBUG] [com.tterrag.registrate.AbstractRegistrate/REGISTRATE.REGISTER]: Captured registration for entry venthyr/door_double of type minecraft:block
[05May2026 20:08:56.896] [modloading-worker-0/DEBUG] [com.tterrag.registrate.AbstractRegistrate/REGISTRATE.REGISTER]: Captured registration for entry venthyr/lockbox of type minecraft:block
[05May2026 20:08:56.896] [modloading-worker-0/DEBUG] [com.tterrag.registrate.AbstractRegistrate/REGISTRATE.REGISTER]: Captured registration for entry venthyr/counter of type minecraft:block
[05May2026 20:08:56.896] [modloading-worker-0/DEBUG] [com.tterrag.registrate.AbstractRegistrate/REGISTRATE.REGISTER]: Captured registration for entry venthyr/oven of type minecraft:block
[05May2026 20:08:56.897] [modloading-worker-0/DEBUG] [com.tterrag.registrate.AbstractRegistrate/REGISTRATE.REGISTER]: Captured registration for entry bone/skeleton/wool of type minecraft:block
[05May2026 20:08:56.897] [modloading-worker-0/DEBUG] [com.tterrag.registrate.AbstractRegistrate/REGISTRATE.REGISTER]: Captured registration for entry bone/skeleton/carpet of type minecraft:block
[05May2026 20:08:56.897] [modloading-worker-0/DEBUG] [com.tterrag.registrate.AbstractRegistrate/REGISTRATE.REGISTER]: Captured registration for entry bone/skeleton/wall_light of type minecraft:block
[05May2026 20:08:56.898] [modloading-worker-0/DEBUG] [com.tterrag.registrate.AbstractRegistrate/REGISTRATE.REGISTER]: Captured registration for entry bone/skeleton/floor_light of type minecraft:block
[05May2026 20:08:56.898] [modloading-worker-0/DEBUG] [com.tterrag.registrate.AbstractRegistrate/REGISTRATE.REGISTER]: Captured registration for entry bone/skeleton/table_small of type minecraft:block
[05May2026 20:08:56.898] [modloading-worker-0/DEBUG] [com.tterrag.registrate.AbstractRegistrate/REGISTRATE.REGISTER]: Captured registration for entry bone/skeleton/table_wide of type minecraft:block
[05May2026 20:08:56.898] [modloading-worker-0/DEBUG] [com.tterrag.registrate.AbstractRegistrate/REGISTRATE.REGISTER]: Captured registration for entry bone/skeleton/table_large of type minecraft:block
[05May2026 20:08:56.899] [modloading-worker-0/DEBUG] [com.tterrag.registrate.AbstractRegistrate/REGISTRATE.REGISTER]: Captured registration for entry bone/skeleton/stool of type minecraft:block
[05May2026 20:08:56.900] [modloading-worker-0/DEBUG] [com.tterrag.registrate.AbstractRegistrate/REGISTRATE.REGISTER]: Captured registration for entry bone/skeleton/skull of type minecraft:block
[05May2026 20:08:56.901] [modloading-worker-0/DEBUG] [com.tterrag.registrate.AbstractRegistrate/REGISTRATE.REGISTER]: Captured registration for entry bone/skeleton/painting_small of type minecraft:block
[05May2026 20:08:56.901] [modloading-worker-0/DEBUG] [com.tterrag.registrate.AbstractRegistrate/REGISTRATE.REGISTER]: Captured registration for entry bone/skeleton/painting_wide of type minecraft:block
[05May2026 20:08:56.901] [modloading-worker-0/DEBUG] [com.tterrag.registrate.AbstractRegistrate/REGISTRATE.REGISTER]: Captured registration for entry bone/skeleton/drawer of type minecraft:block
[05May2026 20:08:56.902] [modloading-worker-0/DEBUG] [com.tterrag.registrate.AbstractRegistrate/REGISTRATE.REGISTER]: Captured registration for entry bone/skeleton/shelf of type minecraft:block
[05May2026 20:08:56.902] [modloading-worker-0/DEBUG] [com.tterrag.registrate.AbstractRegistrate/REGISTRATE.REGISTER]: Captured registration for entry bone/skeleton/sofa of type minecraft:block
[05May2026 20:08:56.903] [modloading-worker-0/DEBUG] [com.tterrag.registrate.AbstractRegistrate/REGISTRATE.REGISTER]: Captured registration for entry bone/skeleton/desk_left of type minecraft:block
[05May2026 20:08:56.903] [modloading-worker-0/DEBUG] [com.tterrag.registrate.AbstractRegistrate/REGISTRATE.REGISTER]: Captured registration for entry bone/skeleton/desk_right of type minecraft:block
[05May2026 20:08:56.903] [modloading-worker-0/DEBUG] [com.tterrag.registrate.AbstractRegistrate/REGISTRATE.REGISTER]: Captured registration for entry bone/skeleton/chair of type minecraft:block
[05May2026 20:08:56.903] [modloading-worker-0/DEBUG] [com.tterrag.registrate.AbstractRegistrate/REGISTRATE.REGISTER]: Captured registration for entry bone/skeleton/bench of type minecraft:block
[05May2026 20:08:56.903] [modloading-worker-0/DEBUG] [com.tterrag.registrate.AbstractRegistrate/REGISTRATE.REGISTER]: Captured registration for entry bone/skeleton/bookshelf of type minecraft:block
[05May2026 20:08:56.904] [modloading-worker-0/DEBUG] [com.tterrag.registrate.AbstractRegistrate/REGISTRATE.REGISTER]: Captured registration for entry bone/skeleton/chest of type minecraft:block
[05May2026 20:08:56.904] [modloading-worker-0/DEBUG] [com.tterrag.registrate.AbstractRegistrate/REGISTRATE.REGISTER]: Captured registration for entry bone/skeleton/dresser of type minecraft:block
[05May2026 20:08:56.905] [modloading-worker-0/DEBUG] [com.tterrag.registrate.AbstractRegistrate/REGISTRATE.REGISTER]: Captured registration for entry bone/skeleton/wardrobe_bottom of type minecraft:block
[05May2026 20:08:56.905] [modloading-worker-0/DEBUG] [com.tterrag.registrate.AbstractRegistrate/REGISTRATE.REGISTER]: Captured registration for entry bone/skeleton/wardrobe_top of type minecraft:block
[05May2026 20:08:56.906] [modloading-worker-0/DEBUG] [com.tterrag.registrate.AbstractRegistrate/REGISTRATE.REGISTER]: Captured registration for entry bone/skeleton/bed_single of type minecraft:block
[05May2026 20:08:56.907] [modloading-worker-0/DEBUG] [com.tterrag.registrate.AbstractRegistrate/REGISTRATE.REGISTER]: Captured registration for entry bone/skeleton/bed_double of type minecraft:block
[05May2026 20:08:56.907] [modloading-worker-0/DEBUG] [com.tterrag.registrate.AbstractRegistrate/REGISTRATE.REGISTER]: Captured registration for entry bone/skeleton/chandelier of type minecraft:block
[05May2026 20:08:56.908] [modloading-worker-0/DEBUG] [com.tterrag.registrate.AbstractRegistrate/REGISTRATE.REGISTER]: Captured registration for entry bone/skeleton/door_single of type minecraft:block
[05May2026 20:08:56.908] [modloading-worker-0/DEBUG] [com.tterrag.registrate.AbstractRegistrate/REGISTRATE.REGISTER]: Captured registration for entry bone/skeleton/door_double of type minecraft:block
[05May2026 20:08:56.909] [modloading-worker-0/DEBUG] [com.tterrag.registrate.AbstractRegistrate/REGISTRATE.REGISTER]: Captured registration for entry bone/skeleton/lockbox of type minecraft:block
[05May2026 20:08:56.909] [modloading-worker-0/DEBUG] [com.tterrag.registrate.AbstractRegistrate/REGISTRATE.REGISTER]: Captured registration for entry bone/skeleton/counter of type minecraft:block
[05May2026 20:08:56.910] [modloading-worker-0/DEBUG] [com.tterrag.registrate.AbstractRegistrate/REGISTRATE.REGISTER]: Captured registration for entry bone/skeleton/oven of type minecraft:block
[05May2026 20:08:56.910] [modloading-worker-0/DEBUG] [com.tterrag.registrate.AbstractRegistrate/REGISTRATE.REGISTER]: Captured registration for entry bone/wither/wool of type minecraft:block
[05May2026 20:08:56.910] [modloading-worker-0/DEBUG] [com.tterrag.registrate.AbstractRegistrate/REGISTRATE.REGISTER]: Captured registration for entry bone/wither/carpet of type minecraft:block
[05May2026 20:08:56.910] [modloading-worker-0/DEBUG] [com.tterrag.registrate.AbstractRegistrate/REGISTRATE.REGISTER]: Captured registration for entry bone/wither/wall_light of type minecraft:block
[05May2026 20:08:56.911] [modloading-worker-0/DEBUG] [com.tterrag.registrate.AbstractRegistrate/REGISTRATE.REGISTER]: Captured registration for entry bone/wither/floor_light of type minecraft:block
[05May2026 20:08:56.911] [modloading-worker-0/DEBUG] [com.tterrag.registrate.AbstractRegistrate/REGISTRATE.REGISTER]: Captured registration for entry bone/wither/table_small of type minecraft:block
[05May2026 20:08:56.912] [modloading-worker-0/DEBUG] [com.tterrag.registrate.AbstractRegistrate/REGISTRATE.REGISTER]: Captured registration for entry bone/wither/table_wide of type minecraft:block
[05May2026 20:08:56.912] [modloading-worker-0/DEBUG] [com.tterrag.registrate.AbstractRegistrate/REGISTRATE.REGISTER]: Captured registration for entry bone/wither/table_large of type minecraft:block
[05May2026 20:08:56.913] [modloading-worker-0/DEBUG] [com.tterrag.registrate.AbstractRegistrate/REGISTRATE.REGISTER]: Captured registration for entry bone/wither/stool of type minecraft:block
[05May2026 20:08:56.913] [modloading-worker-0/DEBUG] [com.tterrag.registrate.AbstractRegistrate/REGISTRATE.REGISTER]: Captured registration for entry bone/wither/skull of type minecraft:block
[05May2026 20:08:56.914] [modloading-worker-0/DEBUG] [com.tterrag.registrate.AbstractRegistrate/REGISTRATE.REGISTER]: Captured registration for entry bone/wither/painting_small of type minecraft:block
[05May2026 20:08:56.914] [modloading-worker-0/DEBUG] [com.tterrag.registrate.AbstractRegistrate/REGISTRATE.REGISTER]: Captured registration for entry bone/wither/painting_wide of type minecraft:block
[05May2026 20:08:56.914] [modloading-worker-0/DEBUG] [com.tterrag.registrate.AbstractRegistrate/REGISTRATE.REGISTER]: Captured registration for entry bone/wither/drawer of type minecraft:block
[05May2026 20:08:56.915] [modloading-worker-0/DEBUG] [com.tterrag.registrate.AbstractRegistrate/REGISTRATE.REGISTER]: Captured registration for entry bone/wither/shelf of type minecraft:block
[05May2026 20:08:56.915] [modloading-worker-0/DEBUG] [com.tterrag.registrate.AbstractRegistrate/REGISTRATE.REGISTER]: Captured registration for entry bone/wither/sofa of type minecraft:block
[05May2026 20:08:56.916] [modloading-worker-0/DEBUG] [com.tterrag.registrate.AbstractRegistrate/REGISTRATE.REGISTER]: Captured registration for entry bone/wither/desk_left of type minecraft:block
[05May2026 20:08:56.917] [modloading-worker-0/DEBUG] [com.tterrag.registrate.AbstractRegistrate/REGISTRATE.REGISTER]: Captured registration for entry bone/wither/desk_right of type minecraft:block
[05May2026 20:08:56.917] [modloading-worker-0/DEBUG] [com.tterrag.registrate.AbstractRegistrate/REGISTRATE.REGISTER]: Captured registration for entry bone/wither/chair of type minecraft:block
[05May2026 20:08:56.917] [modloading-worker-0/DEBUG] [com.tterrag.registrate.AbstractRegistrate/REGISTRATE.REGISTER]: Captured registration for entry bone/wither/bench of type minecraft:block
[05May2026 20:08:56.917] [modloading-worker-0/DEBUG] [com.tterrag.registrate.AbstractRegistrate/REGISTRATE.REGISTER]: Captured registration for entry bone/wither/bookshelf of type minecraft:block
[05May2026 20:08:56.918] [modloading-worker-0/DEBUG] [com.tterrag.registrate.AbstractRegistrate/REGISTRATE.REGISTER]: Captured registration for entry bone/wither/chest of type minecraft:block
[05May2026 20:08:56.918] [modloading-worker-0/DEBUG] [com.tterrag.registrate.AbstractRegistrate/REGISTRATE.REGISTER]: Captured registration for entry bone/wither/dresser of type minecraft:block
[05May2026 20:08:56.918] [modloading-worker-0/DEBUG] [com.tterrag.registrate.AbstractRegistrate/REGISTRATE.REGISTER]: Captured registration for entry bone/wither/wardrobe_bottom of type minecraft:block
[05May2026 20:08:56.918] [modloading-worker-0/DEBUG] [com.tterrag.registrate.AbstractRegistrate/REGISTRATE.REGISTER]: Captured registration for entry bone/wither/wardrobe_top of type minecraft:block
[05May2026 20:08:56.918] [modloading-worker-0/DEBUG] [com.tterrag.registrate.AbstractRegistrate/REGISTRATE.REGISTER]: Captured registration for entry bone/wither/bed_single of type minecraft:block
[05May2026 20:08:56.919] [modloading-worker-0/DEBUG] [com.tterrag.registrate.AbstractRegistrate/REGISTRATE.REGISTER]: Captured registration for entry bone/wither/bed_double of type minecraft:block
[05May2026 20:08:56.919] [modloading-worker-0/DEBUG] [com.tterrag.registrate.AbstractRegistrate/REGISTRATE.REGISTER]: Captured registration for entry bone/wither/chandelier of type minecraft:block
[05May2026 20:08:56.919] [modloading-worker-0/DEBUG] [com.tterrag.registrate.AbstractRegistrate/REGISTRATE.REGISTER]: Captured registration for entry bone/wither/door_single of type minecraft:block
[05May2026 20:08:56.919] [modloading-worker-0/DEBUG] [com.tterrag.registrate.AbstractRegistrate/REGISTRATE.REGISTER]: Captured registration for entry bone/wither/door_double of type minecraft:block
[05May2026 20:08:56.919] [modloading-worker-0/DEBUG] [com.tterrag.registrate.AbstractRegistrate/REGISTRATE.REGISTER]: Captured registration for entry bone/wither/lockbox of type minecraft:block
[05May2026 20:08:56.919] [modloading-worker-0/DEBUG] [com.tterrag.registrate.AbstractRegistrate/REGISTRATE.REGISTER]: Captured registration for entry bone/wither/counter of type minecraft:block
[05May2026 20:08:56.920] [modloading-worker-0/DEBUG] [com.tterrag.registrate.AbstractRegistrate/REGISTRATE.REGISTER]: Captured registration for entry bone/wither/oven of type minecraft:block
[05May2026 20:08:56.921] [modloading-worker-0/DEBUG] [com.tterrag.registrate.AbstractRegistrate/REGISTRATE.REGISTER]: Captured registration for entry royal/wool of type minecraft:block
[05May2026 20:08:56.923] [modloading-worker-0/DEBUG] [com.tterrag.registrate.AbstractRegistrate/REGISTRATE.REGISTER]: Captured registration for entry royal/carpet of type minecraft:block
[05May2026 20:08:56.923] [modloading-worker-0/DEBUG] [com.tterrag.registrate.AbstractRegistrate/REGISTRATE.REGISTER]: Captured registration for entry royal/wall_light of type minecraft:block
[05May2026 20:08:56.923] [modloading-worker-0/DEBUG] [com.tterrag.registrate.AbstractRegistrate/REGISTRATE.REGISTER]: Captured registration for entry royal/floor_light of type minecraft:block
[05May2026 20:08:56.925] [modloading-worker-0/DEBUG] [com.tterrag.registrate.AbstractRegistrate/REGISTRATE.REGISTER]: Captured registration for entry royal/table_small of type minecraft:block
[05May2026 20:08:56.927] [modloading-worker-0/DEBUG] [com.tterrag.registrate.AbstractRegistrate/REGISTRATE.REGISTER]: Captured registration for entry royal/table_wide of type minecraft:block
[05May2026 20:08:56.929] [modloading-worker-0/DEBUG] [com.tterrag.registrate.AbstractRegistrate/REGISTRATE.REGISTER]: Captured registration for entry royal/table_large of type minecraft:block
[05May2026 20:08:56.931] [modloading-worker-0/DEBUG] [com.tterrag.registrate.AbstractRegistrate/REGISTRATE.REGISTER]: Captured registration for entry royal/stool of type minecraft:block
[05May2026 20:08:56.932] [modloading-worker-0/DEBUG] [com.tterrag.registrate.AbstractRegistrate/REGISTRATE.REGISTER]: Captured registration for entry royal/cushion of type minecraft:block
[05May2026 20:08:56.932] [modloading-worker-0/DEBUG] [com.tterrag.registrate.AbstractRegistrate/REGISTRATE.REGISTER]: Captured registration for entry royal/painting_small of type minecraft:block
[05May2026 20:08:56.933] [modloading-worker-0/DEBUG] [com.tterrag.registrate.AbstractRegistrate/REGISTRATE.REGISTER]: Captured registration for entry royal/painting_wide of type minecraft:block
[05May2026 20:08:56.934] [modloading-worker-0/DEBUG] [com.tterrag.registrate.AbstractRegistrate/REGISTRATE.REGISTER]: Captured registration for entry royal/drawer of type minecraft:block
[05May2026 20:08:56.936] [modloading-worker-0/DEBUG] [com.tterrag.registrate.AbstractRegistrate/REGISTRATE.REGISTER]: Captured registration for entry royal/shelf of type minecraft:block
[05May2026 20:08:56.938] [modloading-worker-0/DEBUG] [com.tterrag.registrate.AbstractRegistrate/REGISTRATE.REGISTER]: Captured registration for entry royal/sofa of type minecraft:block
[05May2026 20:08:56.939] [modloading-worker-0/DEBUG] [com.tterrag.registrate.AbstractRegistrate/REGISTRATE.REGISTER]: Captured registration for entry royal/desk_left of type minecraft:block
[05May2026 20:08:56.939] [modloading-worker-0/DEBUG] [com.tterrag.registrate.AbstractRegistrate/REGISTRATE.REGISTER]: Captured registration for entry royal/desk_right of type minecraft:block
[05May2026 20:08:56.940] [modloading-worker-0/DEBUG] [com.tterrag.registrate.AbstractRegistrate/REGISTRATE.REGISTER]: Captured registration for entry royal/chair of type minecraft:block
[05May2026 20:08:56.941] [modloading-worker-0/DEBUG] [com.tterrag.registrate.AbstractRegistrate/REGISTRATE.REGISTER]: Captured registration for entry royal/bench of type minecraft:block
[05May2026 20:08:56.941] [modloading-worker-0/DEBUG] [com.tterrag.registrate.AbstractRegistrate/REGISTRATE.REGISTER]: Captured registration for entry royal/bookshelf of type minecraft:block
[05May2026 20:08:56.943] [modloading-worker-0/DEBUG] [com.tterrag.registrate.AbstractRegistrate/REGISTRATE.REGISTER]: Captured registration for entry royal/chest of type minecraft:block
[05May2026 20:08:56.944] [modloading-worker-0/DEBUG] [com.tterrag.registrate.AbstractRegistrate/REGISTRATE.REGISTER]: Captured registration for entry royal/dresser of type minecraft:block
[05May2026 20:08:56.945] [modloading-worker-0/DEBUG] [com.tterrag.registrate.AbstractRegistrate/REGISTRATE.REGISTER]: Captured registration for entry royal/wardrobe_bottom of type minecraft:block
[05May2026 20:08:56.946] [modloading-worker-0/DEBUG] [com.tterrag.registrate.AbstractRegistrate/REGISTRATE.REGISTER]: Captured registration for entry royal/wardrobe_top of type minecraft:block
[05May2026 20:08:56.948] [modloading-worker-0/DEBUG] [com.tterrag.registrate.AbstractRegistrate/REGISTRATE.REGISTER]: Captured registration for entry royal/bed_single of type minecraft:block
[05May2026 20:08:56.949] [modloading-worker-0/DEBUG] [com.tterrag.registrate.AbstractRegistrate/REGISTRATE.REGISTER]: Captured registration for entry royal/bed_double of type minecraft:block
[05May2026 20:08:56.949] [modloading-worker-0/DEBUG] [com.tterrag.registrate.AbstractRegistrate/REGISTRATE.REGISTER]: Captured registration for entry royal/chandelier of type minecraft:block
[05May2026 20:08:56.952] [modloading-worker-0/DEBUG] [com.tterrag.registrate.AbstractRegistrate/REGISTRATE.REGISTER]: Captured registration for entry royal/door_single of type minecraft:block
[05May2026 20:08:56.953] [modloading-worker-0/DEBUG] [com.tterrag.registrate.AbstractRegistrate/REGISTRATE.REGISTER]: Captured registration for entry royal/door_double of type minecraft:block
[05May2026 20:08:56.955] [modloading-worker-0/DEBUG] [com.tterrag.registrate.AbstractRegistrate/REGISTRATE.REGISTER]: Captured registration for entry royal/lockbox of type minecraft:block
[05May2026 20:08:56.956] [modloading-worker-0/DEBUG] [com.tterrag.registrate.AbstractRegistrate/REGISTRATE.REGISTER]: Captured registration for entry royal/counter of type minecraft:block
[05May2026 20:08:56.958] [modloading-worker-0/DEBUG] [com.tterrag.registrate.AbstractRegistrate/REGISTRATE.REGISTER]: Captured registration for entry royal/oven of type minecraft:block
[05May2026 20:08:56.959] [modloading-worker-0/DEBUG] [com.tterrag.registrate.AbstractRegistrate/REGISTRATE.REGISTER]: Captured registration for entry necrolord/wool of type minecraft:block
[05May2026 20:08:56.960] [modloading-worker-0/DEBUG] [com.tterrag.registrate.AbstractRegistrate/REGISTRATE.REGISTER]: Captured registration for entry necrolord/carpet of type minecraft:block
[05May2026 20:08:56.961] [modloading-worker-0/DEBUG] [com.tterrag.registrate.AbstractRegistrate/REGISTRATE.REGISTER]: Captured registration for entry necrolord/wall_light of type minecraft:block
[05May2026 20:08:56.961] [modloading-worker-0/DEBUG] [com.tterrag.registrate.AbstractRegistrate/REGISTRATE.REGISTER]: Captured registration for entry necrolord/floor_light of type minecraft:block
[05May2026 20:08:56.961] [modloading-worker-0/DEBUG] [com.tterrag.registrate.AbstractRegistrate/REGISTRATE.REGISTER]: Captured registration for entry necrolord/table_small of type minecraft:block
[05May2026 20:08:56.961] [modloading-worker-0/DEBUG] [com.tterrag.registrate.AbstractRegistrate/REGISTRATE.REGISTER]: Captured registration for entry necrolord/table_wide of type minecraft:block
[05May2026 20:08:56.961] [modloading-worker-0/DEBUG] [com.tterrag.registrate.AbstractRegistrate/REGISTRATE.REGISTER]: Captured registration for entry necrolord/table_large of type minecraft:block
[05May2026 20:08:56.961] [modloading-worker-0/DEBUG] [com.tterrag.registrate.AbstractRegistrate/REGISTRATE.REGISTER]: Captured registration for entry necrolord/stool of type minecraft:block
[05May2026 20:08:56.962] [modloading-worker-0/DEBUG] [com.tterrag.registrate.AbstractRegistrate/REGISTRATE.REGISTER]: Captured registration for entry necrolord/cushion of type minecraft:block
[05May2026 20:08:56.962] [modloading-worker-0/DEBUG] [com.tterrag.registrate.AbstractRegistrate/REGISTRATE.REGISTER]: Captured registration for entry necrolord/painting_small of type minecraft:block
[05May2026 20:08:56.962] [modloading-worker-0/DEBUG] [com.tterrag.registrate.AbstractRegistrate/REGISTRATE.REGISTER]: Captured registration for entry necrolord/painting_wide of type minecraft:block
[05May2026 20:08:56.962] [modloading-worker-0/DEBUG] [com.tterrag.registrate.AbstractRegistrate/REGISTRATE.REGISTER]: Captured registration for entry necrolord/drawer of type minecraft:block
[05May2026 20:08:56.962] [modloading-worker-0/DEBUG] [com.tterrag.registrate.AbstractRegistrate/REGISTRATE.REGISTER]: Captured registration for entry necrolord/shelf of type minecraft:block
[05May2026 20:08:56.962] [modloading-worker-0/DEBUG] [com.tterrag.registrate.AbstractRegistrate/REGISTRATE.REGISTER]: Captured registration for entry necrolord/sofa of type minecraft:block
[05May2026 20:08:56.963] [modloading-worker-0/DEBUG] [com.tterrag.registrate.AbstractRegistrate/REGISTRATE.REGISTER]: Captured registration for entry necrolord/desk_left of type minecraft:block
[05May2026 20:08:56.963] [modloading-worker-0/DEBUG] [com.tterrag.registrate.AbstractRegistrate/REGISTRATE.REGISTER]: Captured registration for entry necrolord/desk_right of type minecraft:block
[05May2026 20:08:56.964] [modloading-worker-0/DEBUG] [com.tterrag.registrate.AbstractRegistrate/REGISTRATE.REGISTER]: Captured registration for entry necrolord/chair of type minecraft:block
[05May2026 20:08:56.964] [modloading-worker-0/DEBUG] [com.tterrag.registrate.AbstractRegistrate/REGISTRATE.REGISTER]: Captured registration for entry necrolord/bench of type minecraft:block
[05May2026 20:08:56.964] [modloading-worker-0/DEBUG] [com.tterrag.registrate.AbstractRegistrate/REGISTRATE.REGISTER]: Captured registration for entry necrolord/bookshelf of type minecraft:block
[05May2026 20:08:56.964] [modloading-worker-0/DEBUG] [com.tterrag.registrate.AbstractRegistrate/REGISTRATE.REGISTER]: Captured registration for entry necrolord/chest of type minecraft:block
[05May2026 20:08:56.965] [modloading-worker-0/DEBUG] [com.tterrag.registrate.AbstractRegistrate/REGISTRATE.REGISTER]: Captured registration for entry necrolord/dresser of type minecraft:block
[05May2026 20:08:56.965] [modloading-worker-0/DEBUG] [com.tterrag.registrate.AbstractRegistrate/REGISTRATE.REGISTER]: Captured registration for entry necrolord/wardrobe_bottom of type minecraft:block
[05May2026 20:08:56.966] [modloading-worker-0/DEBUG] [com.tterrag.registrate.AbstractRegistrate/REGISTRATE.REGISTER]: Captured registration for entry necrolord/wardrobe_top of type minecraft:block
[05May2026 20:08:56.966] [modloading-worker-0/DEBUG] [com.tterrag.registrate.AbstractRegistrate/REGISTRATE.REGISTER]: Captured registration for entry necrolord/bed_single of type minecraft:block
[05May2026 20:08:56.967] [modloading-worker-0/DEBUG] [com.tterrag.registrate.AbstractRegistrate/REGISTRATE.REGISTER]: Captured registration for entry necrolord/bed_double of type minecraft:block
[05May2026 20:08:56.968] [modloading-worker-0/DEBUG] [com.tterrag.registrate.AbstractRegistrate/REGISTRATE.REGISTER]: Captured registration for entry necrolord/chandelier of type minecraft:block
[05May2026 20:08:56.969] [modloading-worker-0/DEBUG] [com.tterrag.registrate.AbstractRegistrate/REGISTRATE.REGISTER]: Captured registration for entry necrolord/door_single of type minecraft:block
[05May2026 20:08:56.970] [modloading-worker-0/DEBUG] [com.tterrag.registrate.AbstractRegistrate/REGISTRATE.REGISTER]: Captured registration for entry necrolord/door_double of type minecraft:block
[05May2026 20:08:56.970] [modloading-worker-0/DEBUG] [com.tterrag.registrate.AbstractRegistrate/REGISTRATE.REGISTER]: Captured registration for entry necrolord/lockbox of type minecraft:block
[05May2026 20:08:56.971] [modloading-worker-0/DEBUG] [com.tterrag.registrate.AbstractRegistrate/REGISTRATE.REGISTER]: Captured registration for entry necrolord/counter of type minecraft:block
[05May2026 20:08:56.971] [modloading-worker-0/DEBUG] [com.tterrag.registrate.AbstractRegistrate/REGISTRATE.REGISTER]: Captured registration for entry necrolord/oven of type minecraft:block
[05May2026 20:08:56.980] [modloading-worker-0/DEBUG] [com.tterrag.registrate.AbstractRegistrate/REGISTRATE.REGISTER]: Captured registration for entry furniture_station of type minecraft:item
[05May2026 20:08:56.986] [modloading-worker-0/DEBUG] [com.tterrag.registrate.AbstractRegistrate/REGISTRATE.REGISTER]: Captured registration for entry furniture_station of type minecraft:block_entity_type
[05May2026 20:08:56.986] [modloading-worker-0/DEBUG] [com.tterrag.registrate.AbstractRegistrate/REGISTRATE.REGISTER]: Captured registration for entry furniture_station of type minecraft:block
[05May2026 20:08:56.989] [modloading-worker-0/DEBUG] [com.tterrag.registrate.AbstractRegistrate/REGISTRATE.REGISTER]: Captured registration for entry decorations/berry_basket_empty of type minecraft:item
[05May2026 20:08:56.990] [modloading-worker-0/DEBUG] [com.tterrag.registrate.AbstractRegistrate/REGISTRATE.REGISTER]: Captured registration for entry decorations/berry_basket_sweetberry of type minecraft:item
[05May2026 20:08:56.990] [modloading-worker-0/DEBUG] [com.tterrag.registrate.AbstractRegistrate/REGISTRATE.REGISTER]: Captured registration for entry decorations/berry_basket_blueberry of type minecraft:item
[05May2026 20:08:56.990] [modloading-worker-0/DEBUG] [com.tterrag.registrate.AbstractRegistrate/REGISTRATE.REGISTER]: Captured registration for entry decorations/berry_basket_strawberry of type minecraft:item
[05May2026 20:08:56.990] [modloading-worker-0/DEBUG] [com.tterrag.registrate.AbstractRegistrate/REGISTRATE.REGISTER]: Captured registration for entry decorations/bolts_of_cloth of type minecraft:item
[05May2026 20:08:56.990] [modloading-worker-0/DEBUG] [com.tterrag.registrate.AbstractRegistrate/REGISTRATE.REGISTER]: Captured registration for entry decorations/book_stack of type minecraft:item
[05May2026 20:08:56.991] [modloading-worker-0/DEBUG] [com.tterrag.registrate.AbstractRegistrate/REGISTRATE.REGISTER]: Captured registration for entry decorations/bowl_empty of type minecraft:item
[05May2026 20:08:56.991] [modloading-worker-0/DEBUG] [com.tterrag.registrate.AbstractRegistrate/REGISTRATE.REGISTER]: Captured registration for entry decorations/bowl_beetroot_soup of type minecraft:item
[05May2026 20:08:56.991] [modloading-worker-0/DEBUG] [com.tterrag.registrate.AbstractRegistrate/REGISTRATE.REGISTER]: Captured registration for entry decorations/bowl_mushroom_stew of type minecraft:item
[05May2026 20:08:56.992] [modloading-worker-0/DEBUG] [com.tterrag.registrate.AbstractRegistrate/REGISTRATE.REGISTER]: Captured registration for entry decorations/tankards_empty of type minecraft:item
[05May2026 20:08:56.992] [modloading-worker-0/DEBUG] [com.tterrag.registrate.AbstractRegistrate/REGISTRATE.REGISTER]: Captured registration for entry decorations/tankards_honeymead of type minecraft:item
[05May2026 20:08:56.993] [modloading-worker-0/DEBUG] [com.tterrag.registrate.AbstractRegistrate/REGISTRATE.REGISTER]: Captured registration for entry decorations/tankards_milk of type minecraft:item
[05May2026 20:08:56.993] [modloading-worker-0/DEBUG] [com.tterrag.registrate.AbstractRegistrate/REGISTRATE.REGISTER]: Captured registration for entry decorations/tankards_sweetberry of type minecraft:item
[05May2026 20:08:56.994] [modloading-worker-0/DEBUG] [com.tterrag.registrate.AbstractRegistrate/REGISTRATE.REGISTER]: Captured registration for entry decorations/mushrooms_red of type minecraft:item
[05May2026 20:08:56.994] [modloading-worker-0/DEBUG] [com.tterrag.registrate.AbstractRegistrate/REGISTRATE.REGISTER]: Captured registration for entry decorations/coin_stack_gold of type minecraft:item
[05May2026 20:08:56.994] [modloading-worker-0/DEBUG] [com.tterrag.registrate.AbstractRegistrate/REGISTRATE.REGISTER]: Captured registration for entry decorations/coin_stack_iron of type minecraft:item
[05May2026 20:08:56.995] [modloading-worker-0/DEBUG] [com.tterrag.registrate.AbstractRegistrate/REGISTRATE.REGISTER]: Captured registration for entry decorations/muffins_blueberry of type minecraft:item
[05May2026 20:08:56.996] [modloading-worker-0/DEBUG] [com.tterrag.registrate.AbstractRegistrate/REGISTRATE.REGISTER]: Captured registration for entry decorations/muffins_chocolate of type minecraft:item
[05May2026 20:08:56.996] [modloading-worker-0/DEBUG] [com.tterrag.registrate.AbstractRegistrate/REGISTRATE.REGISTER]: Captured registration for entry decorations/muffins_sweetberry of type minecraft:item
[05May2026 20:08:56.996] [modloading-worker-0/DEBUG] [com.tterrag.registrate.AbstractRegistrate/REGISTRATE.REGISTER]: Captured registration for entry decorations/paper_stack of type minecraft:item
[05May2026 20:08:56.998] [modloading-worker-0/DEBUG] [com.tterrag.registrate.AbstractRegistrate/REGISTRATE.REGISTER]: Captured registration for entry decorations/cookie_jar of type minecraft:item
[05May2026 20:08:56.999] [modloading-worker-0/DEBUG] [com.tterrag.registrate.AbstractRegistrate/REGISTRATE.REGISTER]: Captured registration for entry decorations/brewing_cauldron of type minecraft:item
[05May2026 20:08:57.000] [modloading-worker-0/DEBUG] [com.tterrag.registrate.AbstractRegistrate/REGISTRATE.REGISTER]: Captured registration for entry decorations/floating_tomes of type minecraft:item
[05May2026 20:08:57.001] [modloading-worker-0/DEBUG] [com.tterrag.registrate.AbstractRegistrate/REGISTRATE.REGISTER]: Captured registration for entry decorations/gravestone of type minecraft:item
[05May2026 20:08:57.001] [modloading-worker-0/DEBUG] [com.tterrag.registrate.AbstractRegistrate/REGISTRATE.REGISTER]: Captured registration for entry decorations/hanging_herbs of type minecraft:item
[05May2026 20:08:57.001] [modloading-worker-0/DEBUG] [com.tterrag.registrate.AbstractRegistrate/REGISTRATE.REGISTER]: Captured registration for entry decorations/spider_web_small of type minecraft:item
[05May2026 20:08:57.001] [modloading-worker-0/DEBUG] [com.tterrag.registrate.AbstractRegistrate/REGISTRATE.REGISTER]: Captured registration for entry decorations/spider_web_wide of type minecraft:item
[05May2026 20:08:57.001] [modloading-worker-0/DEBUG] [com.tterrag.registrate.AbstractRegistrate/REGISTRATE.REGISTER]: Captured registration for entry decorations/stackable_pumpkins of type minecraft:item
[05May2026 20:08:57.001] [modloading-worker-0/DEBUG] [com.tterrag.registrate.AbstractRegistrate/REGISTRATE.REGISTER]: Captured registration for entry decorations/bronze_chain of type minecraft:item
[05May2026 20:08:57.002] [modloading-worker-0/DEBUG] [com.tterrag.registrate.AbstractRegistrate/REGISTRATE.REGISTER]: Captured registration for entry decorations/mushrooms_brown of type minecraft:item
[05May2026 20:08:57.003] [modloading-worker-0/DEBUG] [com.tterrag.registrate.AbstractRegistrate/REGISTRATE.REGISTER]: Captured registration for entry decorations/potion_bottles of type minecraft:item
[05May2026 20:08:57.003] [modloading-worker-0/DEBUG] [com.tterrag.registrate.AbstractRegistrate/REGISTRATE.REGISTER]: Captured registration for entry decorations/potion_bottles_dyeable of type minecraft:item
[05May2026 20:08:57.004] [modloading-worker-0/DEBUG] [com.tterrag.registrate.AbstractRegistrate/REGISTRATE.REGISTER]: Captured registration for entry decorations/fairy_lights_1 of type minecraft:item
[05May2026 20:08:57.004] [modloading-worker-0/DEBUG] [com.tterrag.registrate.AbstractRegistrate/REGISTRATE.REGISTER]: Captured registration for entry decorations/fairy_lights_2 of type minecraft:item
[05May2026 20:08:57.004] [modloading-worker-0/DEBUG] [com.tterrag.registrate.AbstractRegistrate/REGISTRATE.REGISTER]: Captured registration for entry decorations/presents_stack_1 of type minecraft:item
[05May2026 20:08:57.004] [modloading-worker-0/DEBUG] [com.tterrag.registrate.AbstractRegistrate/REGISTRATE.REGISTER]: Captured registration for entry decorations/presents_stack_2 of type minecraft:item
[05May2026 20:08:57.005] [modloading-worker-0/DEBUG] [com.tterrag.registrate.AbstractRegistrate/REGISTRATE.REGISTER]: Captured registration for entry decorations/snowballs of type minecraft:item
[05May2026 20:08:57.005] [modloading-worker-0/DEBUG] [com.tterrag.registrate.AbstractRegistrate/REGISTRATE.REGISTER]: Captured registration for entry decorations/stocking of type minecraft:item
[05May2026 20:08:57.005] [modloading-worker-0/DEBUG] [com.tterrag.registrate.AbstractRegistrate/REGISTRATE.REGISTER]: Captured registration for entry decorations/nordic_boiled_creme_treats of type minecraft:item
[05May2026 20:08:57.006] [modloading-worker-0/DEBUG] [com.tterrag.registrate.AbstractRegistrate/REGISTRATE.REGISTER]: Captured registration for entry decorations/nordic_sweetrolls of type minecraft:item
[05May2026 20:08:57.006] [modloading-worker-0/DEBUG] [com.tterrag.registrate.AbstractRegistrate/REGISTRATE.REGISTER]: Captured registration for entry decorations/nordic_mead_bottles of type minecraft:item
[05May2026 20:08:57.006] [modloading-worker-0/DEBUG] [com.tterrag.registrate.AbstractRegistrate/REGISTRATE.REGISTER]: Captured registration for entry decorations/nordic_soul_gems_light of type minecraft:item
[05May2026 20:08:57.006] [modloading-worker-0/DEBUG] [com.tterrag.registrate.AbstractRegistrate/REGISTRATE.REGISTER]: Captured registration for entry decorations/nordic_soul_gems_dark of type minecraft:item
[05May2026 20:08:57.006] [modloading-worker-0/DEBUG] [com.tterrag.registrate.AbstractRegistrate/REGISTRATE.REGISTER]: Captured registration for entry decorations/venthyr_food_0 of type minecraft:item
[05May2026 20:08:57.007] [modloading-worker-0/DEBUG] [com.tterrag.registrate.AbstractRegistrate/REGISTRATE.REGISTER]: Captured registration for entry decorations/venthyr_food_1 of type minecraft:item
[05May2026 20:08:57.007] [modloading-worker-0/DEBUG] [com.tterrag.registrate.AbstractRegistrate/REGISTRATE.REGISTER]: Captured registration for entry decorations/venthyr_tea_set of type minecraft:item
[05May2026 20:08:57.007] [modloading-worker-0/DEBUG] [com.tterrag.registrate.AbstractRegistrate/REGISTRATE.REGISTER]: Captured registration for entry decorations/venthyr_tea_cups of type minecraft:item
[05May2026 20:08:57.008] [modloading-worker-0/DEBUG] [com.tterrag.registrate.AbstractRegistrate/REGISTRATE.REGISTER]: Captured registration for entry decorations/venthyr_platter of type minecraft:item
[05May2026 20:08:57.011] [modloading-worker-0/DEBUG] [com.tterrag.registrate.AbstractRegistrate/REGISTRATE.REGISTER]: Captured registration for entry decorations/venthyr_widow_bloom of type minecraft:item
[05May2026 20:08:57.012] [modloading-worker-0/DEBUG] [com.tterrag.registrate.AbstractRegistrate/REGISTRATE.REGISTER]: Captured registration for entry decorations/venthyr_tomes of type minecraft:item
[05May2026 20:08:57.013] [modloading-worker-0/DEBUG] [com.tterrag.registrate.AbstractRegistrate/REGISTRATE.REGISTER]: Captured registration for entry decorations/venthyr_chalices of type minecraft:item
[05May2026 20:08:57.015] [modloading-worker-0/DEBUG] [com.tterrag.registrate.AbstractRegistrate/REGISTRATE.REGISTER]: Captured registration for entry decorations/venthyr_candles of type minecraft:item
[05May2026 20:08:57.015] [modloading-worker-0/DEBUG] [com.tterrag.registrate.AbstractRegistrate/REGISTRATE.REGISTER]: Captured registration for entry decorations/venthyr_banner of type minecraft:item
[05May2026 20:08:57.016] [modloading-worker-0/DEBUG] [com.tterrag.registrate.AbstractRegistrate/REGISTRATE.REGISTER]: Captured registration for entry decorations/dunmer_pottery_0 of type minecraft:item
[05May2026 20:08:57.016] [modloading-worker-0/DEBUG] [com.tterrag.registrate.AbstractRegistrate/REGISTRATE.REGISTER]: Captured registration for entry decorations/dunmer_pottery_1 of type minecraft:item
[05May2026 20:08:57.016] [modloading-worker-0/DEBUG] [com.tterrag.registrate.AbstractRegistrate/REGISTRATE.REGISTER]: Captured registration for entry decorations/bone_candles of type minecraft:item
[05May2026 20:08:57.018] [modloading-worker-0/DEBUG] [com.tterrag.registrate.AbstractRegistrate/REGISTRATE.REGISTER]: Captured registration for entry decorations/bone_skeleton_chalices of type minecraft:item
[05May2026 20:08:57.019] [modloading-worker-0/DEBUG] [com.tterrag.registrate.AbstractRegistrate/REGISTRATE.REGISTER]: Captured registration for entry decorations/bone_skeleton_pile of type minecraft:item
[05May2026 20:08:57.020] [modloading-worker-0/DEBUG] [com.tterrag.registrate.AbstractRegistrate/REGISTRATE.REGISTER]: Captured registration for entry decorations/bone_skeleton_skull_blossoms of type minecraft:item
[05May2026 20:08:57.020] [modloading-worker-0/DEBUG] [com.tterrag.registrate.AbstractRegistrate/REGISTRATE.REGISTER]: Captured registration for entry decorations/bone_wither_chalices of type minecraft:item
[05May2026 20:08:57.021] [modloading-worker-0/DEBUG] [com.tterrag.registrate.AbstractRegistrate/REGISTRATE.REGISTER]: Captured registration for entry decorations/bone_wither_pile of type minecraft:item
[05May2026 20:08:57.021] [modloading-worker-0/DEBUG] [com.tterrag.registrate.AbstractRegistrate/REGISTRATE.REGISTER]: Captured registration for entry decorations/bone_wither_skull_blossoms of type minecraft:item
[05May2026 20:08:57.021] [modloading-worker-0/DEBUG] [com.tterrag.registrate.AbstractRegistrate/REGISTRATE.REGISTER]: Captured registration for entry decorations/royal_crown of type minecraft:item
[05May2026 20:08:57.021] [modloading-worker-0/DEBUG] [com.tterrag.registrate.AbstractRegistrate/REGISTRATE.REGISTER]: Captured registration for entry decorations/royal_candelabra of type minecraft:item
[05May2026 20:08:57.022] [modloading-worker-0/DEBUG] [com.tterrag.registrate.AbstractRegistrate/REGISTRATE.REGISTER]: Captured registration for entry decorations/royal_chalices of type minecraft:item
[05May2026 20:08:57.022] [modloading-worker-0/DEBUG] [com.tterrag.registrate.AbstractRegistrate/REGISTRATE.REGISTER]: Captured registration for entry decorations/royal_cushioned_crown of type minecraft:item
[05May2026 20:08:57.023] [modloading-worker-0/DEBUG] [com.tterrag.registrate.AbstractRegistrate/REGISTRATE.REGISTER]: Captured registration for entry decorations/royal_food_0 of type minecraft:item
[05May2026 20:08:57.023] [modloading-worker-0/DEBUG] [com.tterrag.registrate.AbstractRegistrate/REGISTRATE.REGISTER]: Captured registration for entry decorations/royal_food_1 of type minecraft:item
[05May2026 20:08:57.024] [modloading-worker-0/DEBUG] [com.tterrag.registrate.AbstractRegistrate/REGISTRATE.REGISTER]: Captured registration for entry decorations/royal_platter of type minecraft:item
[05May2026 20:08:57.024] [modloading-worker-0/DEBUG] [com.tterrag.registrate.AbstractRegistrate/REGISTRATE.REGISTER]: Captured registration for entry decorations/royal_floor_cushion of type minecraft:item
[05May2026 20:08:57.025] [modloading-worker-0/DEBUG] [com.tterrag.registrate.AbstractRegistrate/REGISTRATE.REGISTER]: Captured registration for entry decorations/royal_wall_mirror_small of type minecraft:item
[05May2026 20:08:57.025] [modloading-worker-0/DEBUG] [com.tterrag.registrate.AbstractRegistrate/REGISTRATE.REGISTER]: Captured registration for entry decorations/royal_wall_mirror_large of type minecraft:item
[05May2026 20:08:57.025] [modloading-worker-0/DEBUG] [com.tterrag.registrate.AbstractRegistrate/REGISTRATE.REGISTER]: Captured registration for entry decorations/necrolord_candelabra of type minecraft:item
[05May2026 20:08:57.025] [modloading-worker-0/DEBUG] [com.tterrag.registrate.AbstractRegistrate/REGISTRATE.REGISTER]: Captured registration for entry nordic/wool of type minecraft:item
[05May2026 20:08:57.025] [modloading-worker-0/DEBUG] [com.tterrag.registrate.AbstractRegistrate/REGISTRATE.REGISTER]: Captured registration for entry nordic/carpet of type minecraft:item
[05May2026 20:08:57.025] [modloading-worker-0/DEBUG] [com.tterrag.registrate.AbstractRegistrate/REGISTRATE.REGISTER]: Captured registration for entry nordic/wall_light of type minecraft:item
[05May2026 20:08:57.026] [modloading-worker-0/DEBUG] [com.tterrag.registrate.AbstractRegistrate/REGISTRATE.REGISTER]: Captured registration for entry nordic/floor_light of type minecraft:item
[05May2026 20:08:57.026] [modloading-worker-0/DEBUG] [com.tterrag.registrate.AbstractRegistrate/REGISTRATE.REGISTER]: Captured registration for entry nordic/table_small of type minecraft:item
[05May2026 20:08:57.026] [modloading-worker-0/DEBUG] [com.tterrag.registrate.AbstractRegistrate/REGISTRATE.REGISTER]: Captured registration for entry nordic/table_wide of type minecraft:item
[05May2026 20:08:57.026] [modloading-worker-0/DEBUG] [com.tterrag.registrate.AbstractRegistrate/REGISTRATE.REGISTER]: Captured registration for entry nordic/table_large of type minecraft:item
[05May2026 20:08:57.027] [modloading-worker-0/DEBUG] [com.tterrag.registrate.AbstractRegistrate/REGISTRATE.REGISTER]: Captured registration for entry nordic/stool of type minecraft:item
[05May2026 20:08:57.027] [modloading-worker-0/DEBUG] [com.tterrag.registrate.AbstractRegistrate/REGISTRATE.REGISTER]: Captured registration for entry nordic/cushion of type minecraft:item
[05May2026 20:08:57.028] [modloading-worker-0/DEBUG] [com.tterrag.registrate.AbstractRegistrate/REGISTRATE.REGISTER]: Captured registration for entry nordic/painting_small of type minecraft:item
[05May2026 20:08:57.030] [modloading-worker-0/DEBUG] [com.tterrag.registrate.AbstractRegistrate/REGISTRATE.REGISTER]: Captured registration for entry nordic/painting_wide of type minecraft:item
[05May2026 20:08:57.031] [modloading-worker-0/DEBUG] [com.tterrag.registrate.AbstractRegistrate/REGISTRATE.REGISTER]: Captured registration for entry nordic/drawer of type minecraft:item
[05May2026 20:08:57.032] [modloading-worker-0/DEBUG] [com.tterrag.registrate.AbstractRegistrate/REGISTRATE.REGISTER]: Captured registration for entry nordic/shelf of type minecraft:item
[05May2026 20:08:57.032] [modloading-worker-0/DEBUG] [com.tterrag.registrate.AbstractRegistrate/REGISTRATE.REGISTER]: Captured registration for entry nordic/sofa of type minecraft:item
[05May2026 20:08:57.033] [modloading-worker-0/DEBUG] [com.tterrag.registrate.AbstractRegistrate/REGISTRATE.REGISTER]: Captured registration for entry nordic/desk_left of type minecraft:item
[05May2026 20:08:57.034] [modloading-worker-0/DEBUG] [com.tterrag.registrate.AbstractRegistrate/REGISTRATE.REGISTER]: Captured registration for entry nordic/desk_right of type minecraft:item
[05May2026 20:08:57.034] [modloading-worker-0/DEBUG] [com.tterrag.registrate.AbstractRegistrate/REGISTRATE.REGISTER]: Captured registration for entry nordic/chair of type minecraft:item
[05May2026 20:08:57.035] [modloading-worker-0/DEBUG] [com.tterrag.registrate.AbstractRegistrate/REGISTRATE.REGISTER]: Captured registration for entry nordic/bench of type minecraft:item
[05May2026 20:08:57.035] [modloading-worker-0/DEBUG] [com.tterrag.registrate.AbstractRegistrate/REGISTRATE.REGISTER]: Captured registration for entry nordic/bookshelf of type minecraft:item
[05May2026 20:08:57.036] [modloading-worker-0/DEBUG] [com.tterrag.registrate.AbstractRegistrate/REGISTRATE.REGISTER]: Captured registration for entry nordic/chest of type minecraft:item
[05May2026 20:08:57.036] [modloading-worker-0/DEBUG] [com.tterrag.registrate.AbstractRegistrate/REGISTRATE.REGISTER]: Captured registration for entry nordic/dresser of type minecraft:item
[05May2026 20:08:57.036] [modloading-worker-0/DEBUG] [com.tterrag.registrate.AbstractRegistrate/REGISTRATE.REGISTER]: Captured registration for entry nordic/wardrobe_bottom of type minecraft:item
[05May2026 20:08:57.036] [modloading-worker-0/DEBUG] [com.tterrag.registrate.AbstractRegistrate/REGISTRATE.REGISTER]: Captured registration for entry nordic/wardrobe_top of type minecraft:item
[05May2026 20:08:57.036] [modloading-worker-0/DEBUG] [com.tterrag.registrate.AbstractRegistrate/REGISTRATE.REGISTER]: Captured registration for entry nordic/bed_single of type minecraft:item
[05May2026 20:08:57.037] [modloading-worker-0/DEBUG] [com.tterrag.registrate.AbstractRegistrate/REGISTRATE.REGISTER]: Captured registration for entry nordic/bed_double of type minecraft:item
[05May2026 20:08:57.037] [modloading-worker-0/DEBUG] [com.tterrag.registrate.AbstractRegistrate/REGISTRATE.REGISTER]: Captured registration for entry nordic/chandelier of type minecraft:item
[05May2026 20:08:57.039] [modloading-worker-0/DEBUG] [com.tterrag.registrate.AbstractRegistrate/REGISTRATE.REGISTER]: Captured registration for entry nordic/door_single of type minecraft:item
[05May2026 20:08:57.039] [modloading-worker-0/DEBUG] [com.tterrag.registrate.AbstractRegistrate/REGISTRATE.REGISTER]: Captured registration for entry nordic/door_double of type minecraft:item
[05May2026 20:08:57.040] [modloading-worker-0/DEBUG] [com.tterrag.registrate.AbstractRegistrate/REGISTRATE.REGISTER]: Captured registration for entry nordic/lockbox of type minecraft:item
[05May2026 20:08:57.040] [modloading-worker-0/DEBUG] [com.tterrag.registrate.AbstractRegistrate/REGISTRATE.REGISTER]: Captured registration for entry nordic/counter of type minecraft:item
[05May2026 20:08:57.041] [modloading-worker-0/DEBUG] [com.tterrag.registrate.AbstractRegistrate/REGISTRATE.REGISTER]: Captured registration for entry nordic/oven of type minecraft:item
[05May2026 20:08:57.041] [modloading-worker-0/DEBUG] [com.tterrag.registrate.AbstractRegistrate/REGISTRATE.REGISTER]: Captured registration for entry dunmer/wool of type minecraft:item
[05May2026 20:08:57.042] [modloading-worker-0/DEBUG] [com.tterrag.registrate.AbstractRegistrate/REGISTRATE.REGISTER]: Captured registration for entry dunmer/carpet of type minecraft:item
[05May2026 20:08:57.042] [modloading-worker-0/DEBUG] [com.tterrag.registrate.AbstractRegistrate/REGISTRATE.REGISTER]: Captured registration for entry dunmer/wall_light of type minecraft:item
[05May2026 20:08:57.042] [modloading-worker-0/DEBUG] [com.tterrag.registrate.AbstractRegistrate/REGISTRATE.REGISTER]: Captured registration for entry dunmer/floor_light of type minecraft:item
[05May2026 20:08:57.043] [modloading-worker-0/DEBUG] [com.tterrag.registrate.AbstractRegistrate/REGISTRATE.REGISTER]: Captured registration for entry dunmer/table_small of type minecraft:item
[05May2026 20:08:57.043] [modloading-worker-0/DEBUG] [com.tterrag.registrate.AbstractRegistrate/REGISTRATE.REGISTER]: Captured registration for entry dunmer/table_wide of type minecraft:item
[05May2026 20:08:57.044] [modloading-worker-0/DEBUG] [com.tterrag.registrate.AbstractRegistrate/REGISTRATE.REGISTER]: Captured registration for entry dunmer/table_large of type minecraft:item
[05May2026 20:08:57.045] [modloading-worker-0/DEBUG] [com.tterrag.registrate.AbstractRegistrate/REGISTRATE.REGISTER]: Captured registration for entry dunmer/stool of type minecraft:item
[05May2026 20:08:57.045] [modloading-worker-0/DEBUG] [com.tterrag.registrate.AbstractRegistrate/REGISTRATE.REGISTER]: Captured registration for entry dunmer/cushion of type minecraft:item
[05May2026 20:08:57.046] [modloading-worker-0/DEBUG] [com.tterrag.registrate.AbstractRegistrate/REGISTRATE.REGISTER]: Captured registration for entry dunmer/painting_small of type minecraft:item
[05May2026 20:08:57.047] [modloading-worker-0/DEBUG] [com.tterrag.registrate.AbstractRegistrate/REGISTRATE.REGISTER]: Captured registration for entry dunmer/painting_wide of type minecraft:item
[05May2026 20:08:57.047] [modloading-worker-0/DEBUG] [com.tterrag.registrate.AbstractRegistrate/REGISTRATE.REGISTER]: Captured registration for entry dunmer/drawer of type minecraft:item
[05May2026 20:08:57.048] [modloading-worker-0/DEBUG] [com.tterrag.registrate.AbstractRegistrate/REGISTRATE.REGISTER]: Captured registration for entry dunmer/shelf of type minecraft:item
[05May2026 20:08:57.048] [modloading-worker-0/DEBUG] [com.tterrag.registrate.AbstractRegistrate/REGISTRATE.REGISTER]: Captured registration for entry dunmer/sofa of type minecraft:item
[05May2026 20:08:57.048] [modloading-worker-0/DEBUG] [com.tterrag.registrate.AbstractRegistrate/REGISTRATE.REGISTER]: Captured registration for entry dunmer/desk_left of type minecraft:item
[05May2026 20:08:57.049] [modloading-worker-0/DEBUG] [com.tterrag.registrate.AbstractRegistrate/REGISTRATE.REGISTER]: Captured registration for entry dunmer/desk_right of type minecraft:item
[05May2026 20:08:57.049] [modloading-worker-0/DEBUG] [com.tterrag.registrate.AbstractRegistrate/REGISTRATE.REGISTER]: Captured registration for entry dunmer/chair of type minecraft:item
[05May2026 20:08:57.049] [modloading-worker-0/DEBUG] [com.tterrag.registrate.AbstractRegistrate/REGISTRATE.REGISTER]: Captured registration for entry dunmer/bench of type minecraft:item
[05May2026 20:08:57.049] [modloading-worker-0/DEBUG] [com.tterrag.registrate.AbstractRegistrate/REGISTRATE.REGISTER]: Captured registration for entry dunmer/bookshelf of type minecraft:item
[05May2026 20:08:57.050] [modloading-worker-0/DEBUG] [com.tterrag.registrate.AbstractRegistrate/REGISTRATE.REGISTER]: Captured registration for entry dunmer/chest of type minecraft:item
[05May2026 20:08:57.050] [modloading-worker-0/DEBUG] [com.tterrag.registrate.AbstractRegistrate/REGISTRATE.REGISTER]: Captured registration for entry dunmer/dresser of type minecraft:item
[05May2026 20:08:57.050] [modloading-worker-0/DEBUG] [com.tterrag.registrate.AbstractRegistrate/REGISTRATE.REGISTER]: Captured registration for entry dunmer/wardrobe_bottom of type minecraft:item
[05May2026 20:08:57.050] [modloading-worker-0/DEBUG] [com.tterrag.registrate.AbstractRegistrate/REGISTRATE.REGISTER]: Captured registration for entry dunmer/wardrobe_top of type minecraft:item
[05May2026 20:08:57.051] [modloading-worker-0/DEBUG] [com.tterrag.registrate.AbstractRegistrate/REGISTRATE.REGISTER]: Captured registration for entry dunmer/bed_single of type minecraft:item
[05May2026 20:08:57.051] [modloading-worker-0/DEBUG] [com.tterrag.registrate.AbstractRegistrate/REGISTRATE.REGISTER]: Captured registration for entry dunmer/bed_double of type minecraft:item
[05May2026 20:08:57.051] [modloading-worker-0/DEBUG] [com.tterrag.registrate.AbstractRegistrate/REGISTRATE.REGISTER]: Captured registration for entry dunmer/chandelier of type minecraft:item
[05May2026 20:08:57.052] [modloading-worker-0/DEBUG] [com.tterrag.registrate.AbstractRegistrate/REGISTRATE.REGISTER]: Captured registration for entry dunmer/door_single of type minecraft:item
[05May2026 20:08:57.052] [modloading-worker-0/DEBUG] [com.tterrag.registrate.AbstractRegistrate/REGISTRATE.REGISTER]: Captured registration for entry dunmer/door_double of type minecraft:item
[05May2026 20:08:57.052] [modloading-worker-0/DEBUG] [com.tterrag.registrate.AbstractRegistrate/REGISTRATE.REGISTER]: Captured registration for entry dunmer/lockbox of type minecraft:item
[05May2026 20:08:57.052] [modloading-worker-0/DEBUG] [com.tterrag.registrate.AbstractRegistrate/REGISTRATE.REGISTER]: Captured registration for entry dunmer/counter of type minecraft:item
[05May2026 20:08:57.052] [modloading-worker-0/DEBUG] [com.tterrag.registrate.AbstractRegistrate/REGISTRATE.REGISTER]: Captured registration for entry dunmer/oven of type minecraft:item
[05May2026 20:08:57.052] [modloading-worker-0/DEBUG] [com.tterrag.registrate.AbstractRegistrate/REGISTRATE.REGISTER]: Captured registration for entry venthyr/wool of type minecraft:item
[05May2026 20:08:57.052] [modloading-worker-0/DEBUG] [com.tterrag.registrate.AbstractRegistrate/REGISTRATE.REGISTER]: Captured registration for entry venthyr/carpet of type minecraft:item
[05May2026 20:08:57.053] [modloading-worker-0/DEBUG] [com.tterrag.registrate.AbstractRegistrate/REGISTRATE.REGISTER]: Captured registration for entry venthyr/wall_light of type minecraft:item
[05May2026 20:08:57.053] [modloading-worker-0/DEBUG] [com.tterrag.registrate.AbstractRegistrate/REGISTRATE.REGISTER]: Captured registration for entry venthyr/floor_light of type minecraft:item
[05May2026 20:08:57.053] [modloading-worker-0/DEBUG] [com.tterrag.registrate.AbstractRegistrate/REGISTRATE.REGISTER]: Captured registration for entry venthyr/table_small of type minecraft:item
[05May2026 20:08:57.054] [modloading-worker-0/DEBUG] [com.tterrag.registrate.AbstractRegistrate/REGISTRATE.REGISTER]: Captured registration for entry venthyr/table_small_fancy of type minecraft:item
[05May2026 20:08:57.054] [modloading-worker-0/DEBUG] [com.tterrag.registrate.AbstractRegistrate/REGISTRATE.REGISTER]: Captured registration for entry venthyr/table_wide of type minecraft:item
[05May2026 20:08:57.054] [modloading-worker-0/DEBUG] [com.tterrag.registrate.AbstractRegistrate/REGISTRATE.REGISTER]: Captured registration for entry venthyr/table_wide_fancy of type minecraft:item
[05May2026 20:08:57.055] [modloading-worker-0/DEBUG] [com.tterrag.registrate.AbstractRegistrate/REGISTRATE.REGISTER]: Captured registration for entry venthyr/table_large of type minecraft:item
[05May2026 20:08:57.055] [modloading-worker-0/DEBUG] [com.tterrag.registrate.AbstractRegistrate/REGISTRATE.REGISTER]: Captured registration for entry venthyr/table_large_fancy of type minecraft:item
[05May2026 20:08:57.056] [modloading-worker-0/DEBUG] [com.tterrag.registrate.AbstractRegistrate/REGISTRATE.REGISTER]: Captured registration for entry venthyr/stool of type minecraft:item
[05May2026 20:08:57.056] [modloading-worker-0/DEBUG] [com.tterrag.registrate.AbstractRegistrate/REGISTRATE.REGISTER]: Captured registration for entry venthyr/cushion of type minecraft:item
[05May2026 20:08:57.056] [modloading-worker-0/DEBUG] [com.tterrag.registrate.AbstractRegistrate/REGISTRATE.REGISTER]: Captured registration for entry venthyr/painting_small of type minecraft:item
[05May2026 20:08:57.057] [modloading-worker-0/DEBUG] [com.tterrag.registrate.AbstractRegistrate/REGISTRATE.REGISTER]: Captured registration for entry venthyr/painting_wide of type minecraft:item
[05May2026 20:08:57.058] [modloading-worker-0/DEBUG] [com.tterrag.registrate.AbstractRegistrate/REGISTRATE.REGISTER]: Captured registration for entry venthyr/drawer of type minecraft:item
[05May2026 20:08:57.058] [modloading-worker-0/DEBUG] [com.tterrag.registrate.AbstractRegistrate/REGISTRATE.REGISTER]: Captured registration for entry venthyr/shelf of type minecraft:item
[05May2026 20:08:57.058] [modloading-worker-0/DEBUG] [com.tterrag.registrate.AbstractRegistrate/REGISTRATE.REGISTER]: Captured registration for entry venthyr/sofa of type minecraft:item
[05May2026 20:08:57.058] [modloading-worker-0/DEBUG] [com.tterrag.registrate.AbstractRegistrate/REGISTRATE.REGISTER]: Captured registration for entry venthyr/desk_left of type minecraft:item
[05May2026 20:08:57.058] [modloading-worker-0/DEBUG] [com.tterrag.registrate.AbstractRegistrate/REGISTRATE.REGISTER]: Captured registration for entry venthyr/desk_right of type minecraft:item
[05May2026 20:08:57.059] [modloading-worker-0/DEBUG] [com.tterrag.registrate.AbstractRegistrate/REGISTRATE.REGISTER]: Captured registration for entry venthyr/chair of type minecraft:item
[05May2026 20:08:57.059] [modloading-worker-0/DEBUG] [com.tterrag.registrate.AbstractRegistrate/REGISTRATE.REGISTER]: Captured registration for entry venthyr/bench of type minecraft:item
[05May2026 20:08:57.059] [modloading-worker-0/DEBUG] [com.tterrag.registrate.AbstractRegistrate/REGISTRATE.REGISTER]: Captured registration for entry venthyr/bookshelf of type minecraft:item
[05May2026 20:08:57.060] [modloading-worker-0/DEBUG] [com.tterrag.registrate.AbstractRegistrate/REGISTRATE.REGISTER]: Captured registration for entry venthyr/chest of type minecraft:item
[05May2026 20:08:57.060] [modloading-worker-0/DEBUG] [com.tterrag.registrate.AbstractRegistrate/REGISTRATE.REGISTER]: Captured registration for entry venthyr/dresser of type minecraft:item
[05May2026 20:08:57.061] [modloading-worker-0/DEBUG] [com.tterrag.registrate.AbstractRegistrate/REGISTRATE.REGISTER]: Captured registration for entry venthyr/wardrobe_bottom of type minecraft:item
[05May2026 20:08:57.061] [modloading-worker-0/DEBUG] [com.tterrag.registrate.AbstractRegistrate/REGISTRATE.REGISTER]: Captured registration for entry venthyr/wardrobe_top of type minecraft:item
[05May2026 20:08:57.061] [modloading-worker-0/DEBUG] [com.tterrag.registrate.AbstractRegistrate/REGISTRATE.REGISTER]: Captured registration for entry venthyr/bed_single of type minecraft:item
[05May2026 20:08:57.062] [modloading-worker-0/DEBUG] [com.tterrag.registrate.AbstractRegistrate/REGISTRATE.REGISTER]: Captured registration for entry venthyr/bed_double of type minecraft:item
[05May2026 20:08:57.062] [modloading-worker-0/DEBUG] [com.tterrag.registrate.AbstractRegistrate/REGISTRATE.REGISTER]: Captured registration for entry venthyr/chandelier of type minecraft:item
[05May2026 20:08:57.062] [modloading-worker-0/DEBUG] [com.tterrag.registrate.AbstractRegistrate/REGISTRATE.REGISTER]: Captured registration for entry venthyr/door_single of type minecraft:item
[05May2026 20:08:57.063] [modloading-worker-0/DEBUG] [com.tterrag.registrate.AbstractRegistrate/REGISTRATE.REGISTER]: Captured registration for entry venthyr/door_double of type minecraft:item
[05May2026 20:08:57.064] [modloading-worker-0/DEBUG] [com.tterrag.registrate.AbstractRegistrate/REGISTRATE.REGISTER]: Captured registration for entry venthyr/lockbox of type minecraft:item
[05May2026 20:08:57.064] [modloading-worker-0/DEBUG] [com.tterrag.registrate.AbstractRegistrate/REGISTRATE.REGISTER]: Captured registration for entry venthyr/counter of type minecraft:item
[05May2026 20:08:57.064] [modloading-worker-0/DEBUG] [com.tterrag.registrate.AbstractRegistrate/REGISTRATE.REGISTER]: Captured registration for entry venthyr/oven of type minecraft:item
[05May2026 20:08:57.065] [modloading-worker-0/DEBUG] [com.tterrag.registrate.AbstractRegistrate/REGISTRATE.REGISTER]: Captured registration for entry bone/skeleton/wool of type minecraft:item
[05May2026 20:08:57.065] [modloading-worker-0/DEBUG] [com.tterrag.registrate.AbstractRegistrate/REGISTRATE.REGISTER]: Captured registration for entry bone/skeleton/carpet of type minecraft:item
[05May2026 20:08:57.066] [modloading-worker-0/DEBUG] [com.tterrag.registrate.AbstractRegistrate/REGISTRATE.REGISTER]: Captured registration for entry bone/skeleton/wall_light of type minecraft:item
[05May2026 20:08:57.066] [modloading-worker-0/DEBUG] [com.tterrag.registrate.AbstractRegistrate/REGISTRATE.REGISTER]: Captured registration for entry bone/skeleton/floor_light of type minecraft:item
[05May2026 20:08:57.066] [modloading-worker-0/DEBUG] [com.tterrag.registrate.AbstractRegistrate/REGISTRATE.REGISTER]: Captured registration for entry bone/skeleton/table_small of type minecraft:item
[05May2026 20:08:57.066] [modloading-worker-0/DEBUG] [com.tterrag.registrate.AbstractRegistrate/REGISTRATE.REGISTER]: Captured registration for entry bone/skeleton/table_wide of type minecraft:item
[05May2026 20:08:57.067] [modloading-worker-0/DEBUG] [com.tterrag.registrate.AbstractRegistrate/REGISTRATE.REGISTER]: Captured registration for entry bone/skeleton/table_large of type minecraft:item
[05May2026 20:08:57.067] [modloading-worker-0/DEBUG] [com.tterrag.registrate.AbstractRegistrate/REGISTRATE.REGISTER]: Captured registration for entry bone/skeleton/stool of type minecraft:item
[05May2026 20:08:57.067] [modloading-worker-0/DEBUG] [com.tterrag.registrate.AbstractRegistrate/REGISTRATE.REGISTER]: Captured registration for entry bone/skeleton/skull of type minecraft:item
[05May2026 20:08:57.067] [modloading-worker-0/DEBUG] [com.tterrag.registrate.AbstractRegistrate/REGISTRATE.REGISTER]: Captured registration for entry bone/skeleton/painting_small of type minecraft:item
[05May2026 20:08:57.067] [modloading-worker-0/DEBUG] [com.tterrag.registrate.AbstractRegistrate/REGISTRATE.REGISTER]: Captured registration for entry bone/skeleton/painting_wide of type minecraft:item
[05May2026 20:08:57.067] [modloading-worker-0/DEBUG] [com.tterrag.registrate.AbstractRegistrate/REGISTRATE.REGISTER]: Captured registration for entry bone/skeleton/drawer of type minecraft:item
[05May2026 20:08:57.068] [modloading-worker-0/DEBUG] [com.tterrag.registrate.AbstractRegistrate/REGISTRATE.REGISTER]: Captured registration for entry bone/skeleton/shelf of type minecraft:item
[05May2026 20:08:57.068] [modloading-worker-0/DEBUG] [com.tterrag.registrate.AbstractRegistrate/REGISTRATE.REGISTER]: Captured registration for entry bone/skeleton/sofa of type minecraft:item
[05May2026 20:08:57.068] [modloading-worker-0/DEBUG] [com.tterrag.registrate.AbstractRegistrate/REGISTRATE.REGISTER]: Captured registration for entry bone/skeleton/desk_left of type minecraft:item
[05May2026 20:08:57.068] [modloading-worker-0/DEBUG] [com.tterrag.registrate.AbstractRegistrate/REGISTRATE.REGISTER]: Captured registration for entry bone/skeleton/desk_right of type minecraft:item
[05May2026 20:08:57.069] [modloading-worker-0/DEBUG] [com.tterrag.registrate.AbstractRegistrate/REGISTRATE.REGISTER]: Captured registration for entry bone/skeleton/chair of type minecraft:item
[05May2026 20:08:57.069] [modloading-worker-0/DEBUG] [com.tterrag.registrate.AbstractRegistrate/REGISTRATE.REGISTER]: Captured registration for entry bone/skeleton/bench of type minecraft:item
[05May2026 20:08:57.071] [modloading-worker-0/DEBUG] [com.tterrag.registrate.AbstractRegistrate/REGISTRATE.REGISTER]: Captured registration for entry bone/skeleton/bookshelf of type minecraft:item
[05May2026 20:08:57.071] [modloading-worker-0/DEBUG] [com.tterrag.registrate.AbstractRegistrate/REGISTRATE.REGISTER]: Captured registration for entry bone/skeleton/chest of type minecraft:item
[05May2026 20:08:57.074] [modloading-worker-0/DEBUG] [com.tterrag.registrate.AbstractRegistrate/REGISTRATE.REGISTER]: Captured registration for entry bone/skeleton/dresser of type minecraft:item
[05May2026 20:08:57.074] [modloading-worker-0/DEBUG] [com.tterrag.registrate.AbstractRegistrate/REGISTRATE.REGISTER]: Captured registration for entry bone/skeleton/wardrobe_bottom of type minecraft:item
[05May2026 20:08:57.075] [modloading-worker-0/DEBUG] [com.tterrag.registrate.AbstractRegistrate/REGISTRATE.REGISTER]: Captured registration for entry bone/skeleton/wardrobe_top of type minecraft:item
[05May2026 20:08:57.075] [modloading-worker-0/DEBUG] [com.tterrag.registrate.AbstractRegistrate/REGISTRATE.REGISTER]: Captured registration for entry bone/skeleton/bed_single of type minecraft:item
[05May2026 20:08:57.075] [modloading-worker-0/DEBUG] [com.tterrag.registrate.AbstractRegistrate/REGISTRATE.REGISTER]: Captured registration for entry bone/skeleton/bed_double of type minecraft:item
[05May2026 20:08:57.076] [modloading-worker-0/DEBUG] [com.tterrag.registrate.AbstractRegistrate/REGISTRATE.REGISTER]: Captured registration for entry bone/skeleton/chandelier of type minecraft:item
[05May2026 20:08:57.076] [modloading-worker-0/DEBUG] [com.tterrag.registrate.AbstractRegistrate/REGISTRATE.REGISTER]: Captured registration for entry bone/skeleton/door_single of type minecraft:item
[05May2026 20:08:57.077] [modloading-worker-0/DEBUG] [com.tterrag.registrate.AbstractRegistrate/REGISTRATE.REGISTER]: Captured registration for entry bone/skeleton/door_double of type minecraft:item
[05May2026 20:08:57.077] [modloading-worker-0/DEBUG] [com.tterrag.registrate.AbstractRegistrate/REGISTRATE.REGISTER]: Captured registration for entry bone/skeleton/lockbox of type minecraft:item
[05May2026 20:08:57.078] [modloading-worker-0/DEBUG] [com.tterrag.registrate.AbstractRegistrate/REGISTRATE.REGISTER]: Captured registration for entry bone/skeleton/counter of type minecraft:item
[05May2026 20:08:57.079] [modloading-worker-0/DEBUG] [com.tterrag.registrate.AbstractRegistrate/REGISTRATE.REGISTER]: Captured registration for entry bone/skeleton/oven of type minecraft:item
[05May2026 20:08:57.079] [modloading-worker-0/DEBUG] [com.tterrag.registrate.AbstractRegistrate/REGISTRATE.REGISTER]: Captured registration for entry bone/wither/wool of type minecraft:item
[05May2026 20:08:57.079] [modloading-worker-0/DEBUG] [com.tterrag.registrate.AbstractRegistrate/REGISTRATE.REGISTER]: Captured registration for entry bone/wither/carpet of type minecraft:item
[05May2026 20:08:57.080] [modloading-worker-0/DEBUG] [com.tterrag.registrate.AbstractRegistrate/REGISTRATE.REGISTER]: Captured registration for entry bone/wither/wall_light of type minecraft:item
[05May2026 20:08:57.080] [modloading-worker-0/DEBUG] [com.tterrag.registrate.AbstractRegistrate/REGISTRATE.REGISTER]: Captured registration for entry bone/wither/floor_light of type minecraft:item
[05May2026 20:08:57.080] [modloading-worker-0/DEBUG] [com.tterrag.registrate.AbstractRegistrate/REGISTRATE.REGISTER]: Captured registration for entry bone/wither/table_small of type minecraft:item
[05May2026 20:08:57.081] [modloading-worker-0/DEBUG] [com.tterrag.registrate.AbstractRegistrate/REGISTRATE.REGISTER]: Captured registration for entry bone/wither/table_wide of type minecraft:item
[05May2026 20:08:57.084] [modloading-worker-0/DEBUG] [com.tterrag.registrate.AbstractRegistrate/REGISTRATE.REGISTER]: Captured registration for entry bone/wither/table_large of type minecraft:item
[05May2026 20:08:57.085] [modloading-worker-0/DEBUG] [com.tterrag.registrate.AbstractRegistrate/REGISTRATE.REGISTER]: Captured registration for entry bone/wither/stool of type minecraft:item
[05May2026 20:08:57.085] [modloading-worker-0/DEBUG] [com.tterrag.registrate.AbstractRegistrate/REGISTRATE.REGISTER]: Captured registration for entry bone/wither/skull of type minecraft:item
[05May2026 20:08:57.086] [modloading-worker-0/DEBUG] [com.tterrag.registrate.AbstractRegistrate/REGISTRATE.REGISTER]: Captured registration for entry bone/wither/painting_small of type minecraft:item
[05May2026 20:08:57.086] [modloading-worker-0/DEBUG] [com.tterrag.registrate.AbstractRegistrate/REGISTRATE.REGISTER]: Captured registration for entry bone/wither/painting_wide of type minecraft:item
[05May2026 20:08:57.086] [modloading-worker-0/DEBUG] [com.tterrag.registrate.AbstractRegistrate/REGISTRATE.REGISTER]: Captured registration for entry bone/wither/drawer of type minecraft:item
[05May2026 20:08:57.087] [modloading-worker-0/DEBUG] [com.tterrag.registrate.AbstractRegistrate/REGISTRATE.REGISTER]: Captured registration for entry bone/wither/shelf of type minecraft:item
[05May2026 20:08:57.087] [modloading-worker-0/DEBUG] [com.tterrag.registrate.AbstractRegistrate/REGISTRATE.REGISTER]: Captured registration for entry bone/wither/sofa of type minecraft:item
[05May2026 20:08:57.087] [modloading-worker-0/DEBUG] [com.tterrag.registrate.AbstractRegistrate/REGISTRATE.REGISTER]: Captured registration for entry bone/wither/desk_left of type minecraft:item
[05May2026 20:08:57.088] [modloading-worker-0/DEBUG] [com.tterrag.registrate.AbstractRegistrate/REGISTRATE.REGISTER]: Captured registration for entry bone/wither/desk_right of type minecraft:item
[05May2026 20:08:57.088] [modloading-worker-0/DEBUG] [com.tterrag.registrate.AbstractRegistrate/REGISTRATE.REGISTER]: Captured registration for entry bone/wither/chair of type minecraft:item
[05May2026 20:08:57.089] [modloading-worker-0/DEBUG] [com.tterrag.registrate.AbstractRegistrate/REGISTRATE.REGISTER]: Captured registration for entry bone/wither/bench of type minecraft:item
[05May2026 20:08:57.089] [modloading-worker-0/DEBUG] [com.tterrag.registrate.AbstractRegistrate/REGISTRATE.REGISTER]: Captured registration for entry bone/wither/bookshelf of type minecraft:item
[05May2026 20:08:57.089] [modloading-worker-0/DEBUG] [com.tterrag.registrate.AbstractRegistrate/REGISTRATE.REGISTER]: Captured registration for entry bone/wither/chest of type minecraft:item
[05May2026 20:08:57.089] [modloading-worker-0/DEBUG] [com.tterrag.registrate.AbstractRegistrate/REGISTRATE.REGISTER]: Captured registration for entry bone/wither/dresser of type minecraft:item
[05May2026 20:08:57.090] [modloading-worker-0/DEBUG] [com.tterrag.registrate.AbstractRegistrate/REGISTRATE.REGISTER]: Captured registration for entry bone/wither/wardrobe_bottom of type minecraft:item
[05May2026 20:08:57.090] [modloading-worker-0/DEBUG] [com.tterrag.registrate.AbstractRegistrate/REGISTRATE.REGISTER]: Captured registration for entry bone/wither/wardrobe_top of type minecraft:item
[05May2026 20:08:57.090] [modloading-worker-0/DEBUG] [com.tterrag.registrate.AbstractRegistrate/REGISTRATE.REGISTER]: Captured registration for entry bone/wither/bed_single of type minecraft:item
[05May2026 20:08:57.090] [modloading-worker-0/DEBUG] [com.tterrag.registrate.AbstractRegistrate/REGISTRATE.REGISTER]: Captured registration for entry bone/wither/bed_double of type minecraft:item
[05May2026 20:08:57.090] [modloading-worker-0/DEBUG] [com.tterrag.registrate.AbstractRegistrate/REGISTRATE.REGISTER]: Captured registration for entry bone/wither/chandelier of type minecraft:item
[05May2026 20:08:57.090] [modloading-worker-0/DEBUG] [com.tterrag.registrate.AbstractRegistrate/REGISTRATE.REGISTER]: Captured registration for entry bone/wither/door_single of type minecraft:item
[05May2026 20:08:57.091] [modloading-worker-0/DEBUG] [com.tterrag.registrate.AbstractRegistrate/REGISTRATE.REGISTER]: Captured registration for entry bone/wither/door_double of type minecraft:item
[05May2026 20:08:57.091] [modloading-worker-0/DEBUG] [com.tterrag.registrate.AbstractRegistrate/REGISTRATE.REGISTER]: Captured registration for entry bone/wither/lockbox of type minecraft:item
[05May2026 20:08:57.092] [modloading-worker-0/DEBUG] [com.tterrag.registrate.AbstractRegistrate/REGISTRATE.REGISTER]: Captured registration for entry bone/wither/counter of type minecraft:item
[05May2026 20:08:57.092] [modloading-worker-0/DEBUG] [com.tterrag.registrate.AbstractRegistrate/REGISTRATE.REGISTER]: Captured registration for entry bone/wither/oven of type minecraft:item
[05May2026 20:08:57.092] [modloading-worker-0/DEBUG] [com.tterrag.registrate.AbstractRegistrate/REGISTRATE.REGISTER]: Captured registration for entry royal/wool of type minecraft:item
[05May2026 20:08:57.092] [modloading-worker-0/DEBUG] [com.tterrag.registrate.AbstractRegistrate/REGISTRATE.REGISTER]: Captured registration for entry royal/carpet of type minecraft:item
[05May2026 20:08:57.092] [modloading-worker-0/DEBUG] [com.tterrag.registrate.AbstractRegistrate/REGISTRATE.REGISTER]: Captured registration for entry royal/wall_light of type minecraft:item
[05May2026 20:08:57.092] [modloading-worker-0/DEBUG] [com.tterrag.registrate.AbstractRegistrate/REGISTRATE.REGISTER]: Captured registration for entry royal/floor_light of type minecraft:item
[05May2026 20:08:57.095] [modloading-worker-0/DEBUG] [com.tterrag.registrate.AbstractRegistrate/REGISTRATE.REGISTER]: Captured registration for entry royal/table_small of type minecraft:item
[05May2026 20:08:57.095] [modloading-worker-0/DEBUG] [com.tterrag.registrate.AbstractRegistrate/REGISTRATE.REGISTER]: Captured registration for entry royal/table_wide of type minecraft:item
[05May2026 20:08:57.097] [modloading-worker-0/DEBUG] [com.tterrag.registrate.AbstractRegistrate/REGISTRATE.REGISTER]: Captured registration for entry royal/table_large of type minecraft:item
[05May2026 20:08:57.099] [modloading-worker-0/DEBUG] [com.tterrag.registrate.AbstractRegistrate/REGISTRATE.REGISTER]: Captured registration for entry royal/stool of type minecraft:item
[05May2026 20:08:57.100] [modloading-worker-0/DEBUG] [com.tterrag.registrate.AbstractRegistrate/REGISTRATE.REGISTER]: Captured registration for entry royal/cushion of type minecraft:item
[05May2026 20:08:57.101] [modloading-worker-0/DEBUG] [com.tterrag.registrate.AbstractRegistrate/REGISTRATE.REGISTER]: Captured registration for entry royal/painting_small of type minecraft:item
[05May2026 20:08:57.101] [modloading-worker-0/DEBUG] [net.minecraftforge.fml.config.ConfigTracker/CONFIG]: Config file framedblocks-client.toml for framedblocks tracking
[05May2026 20:08:57.102] [modloading-worker-0/DEBUG] [com.tterrag.registrate.AbstractRegistrate/REGISTRATE.REGISTER]: Captured registration for entry royal/painting_wide of type minecraft:item
[05May2026 20:08:57.103] [modloading-worker-0/DEBUG] [com.tterrag.registrate.AbstractRegistrate/REGISTRATE.REGISTER]: Captured registration for entry royal/drawer of type minecraft:item
[05May2026 20:08:57.103] [modloading-worker-0/DEBUG] [com.tterrag.registrate.AbstractRegistrate/REGISTRATE.REGISTER]: Captured registration for entry royal/shelf of type minecraft:item
[05May2026 20:08:57.105] [modloading-worker-0/DEBUG] [com.tterrag.registrate.AbstractRegistrate/REGISTRATE.REGISTER]: Captured registration for entry royal/sofa of type minecraft:item
[05May2026 20:08:57.105] [modloading-worker-0/DEBUG] [com.tterrag.registrate.AbstractRegistrate/REGISTRATE.REGISTER]: Captured registration for entry royal/desk_left of type minecraft:item
[05May2026 20:08:57.106] [modloading-worker-0/DEBUG] [com.tterrag.registrate.AbstractRegistrate/REGISTRATE.REGISTER]: Captured registration for entry royal/desk_right of type minecraft:item
[05May2026 20:08:57.106] [modloading-worker-0/DEBUG] [com.tterrag.registrate.AbstractRegistrate/REGISTRATE.REGISTER]: Captured registration for entry royal/chair of type minecraft:item
[05May2026 20:08:57.106] [modloading-worker-0/DEBUG] [com.tterrag.registrate.AbstractRegistrate/REGISTRATE.REGISTER]: Captured registration for entry royal/bench of type minecraft:item
[05May2026 20:08:57.106] [modloading-worker-0/DEBUG] [net.minecraftforge.fml.config.ConfigTracker/CONFIG]: Config file framedblocks-common.toml for framedblocks tracking
[05May2026 20:08:57.109] [modloading-worker-0/DEBUG] [com.tterrag.registrate.AbstractRegistrate/REGISTRATE.REGISTER]: Captured registration for entry royal/bookshelf of type minecraft:item
[05May2026 20:08:57.110] [modloading-worker-0/DEBUG] [com.tterrag.registrate.AbstractRegistrate/REGISTRATE.REGISTER]: Captured registration for entry royal/chest of type minecraft:item
[05May2026 20:08:57.111] [modloading-worker-0/DEBUG] [com.tterrag.registrate.AbstractRegistrate/REGISTRATE.REGISTER]: Captured registration for entry royal/dresser of type minecraft:item
[05May2026 20:08:57.113] [modloading-worker-0/DEBUG] [com.tterrag.registrate.AbstractRegistrate/REGISTRATE.REGISTER]: Captured registration for entry royal/wardrobe_bottom of type minecraft:item
[05May2026 20:08:57.113] [modloading-worker-0/DEBUG] [com.tterrag.registrate.AbstractRegistrate/REGISTRATE.REGISTER]: Captured registration for entry royal/wardrobe_top of type minecraft:item
[05May2026 20:08:57.114] [modloading-worker-0/DEBUG] [com.tterrag.registrate.AbstractRegistrate/REGISTRATE.REGISTER]: Captured registration for entry royal/bed_single of type minecraft:item
[05May2026 20:08:57.114] [modloading-worker-0/DEBUG] [com.tterrag.registrate.AbstractRegistrate/REGISTRATE.REGISTER]: Captured registration for entry royal/bed_double of type minecraft:item
[05May2026 20:08:57.113] [modloading-worker-0/DEBUG] [net.minecraftforge.fml.config.ConfigTracker/CONFIG]: Config file framedblocks-server.toml for framedblocks tracking
[05May2026 20:08:57.116] [modloading-worker-0/DEBUG] [com.tterrag.registrate.AbstractRegistrate/REGISTRATE.REGISTER]: Captured registration for entry royal/chandelier of type minecraft:item
[05May2026 20:08:57.117] [modloading-worker-0/DEBUG] [com.tterrag.registrate.AbstractRegistrate/REGISTRATE.REGISTER]: Captured registration for entry royal/door_single of type minecraft:item
[05May2026 20:08:57.117] [modloading-worker-0/DEBUG] [com.tterrag.registrate.AbstractRegistrate/REGISTRATE.REGISTER]: Captured registration for entry royal/door_double of type minecraft:item
[05May2026 20:08:57.118] [modloading-worker-0/DEBUG] [com.tterrag.registrate.AbstractRegistrate/REGISTRATE.REGISTER]: Captured registration for entry royal/lockbox of type minecraft:item
[05May2026 20:08:57.119] [modloading-worker-0/DEBUG] [com.tterrag.registrate.AbstractRegistrate/REGISTRATE.REGISTER]: Captured registration for entry royal/counter of type minecraft:item
[05May2026 20:08:57.119] [modloading-worker-0/DEBUG] [com.tterrag.registrate.AbstractRegistrate/REGISTRATE.REGISTER]: Captured registration for entry royal/oven of type minecraft:item
[05May2026 20:08:57.120] [modloading-worker-0/DEBUG] [com.tterrag.registrate.AbstractRegistrate/REGISTRATE.REGISTER]: Captured registration for entry necrolord/wool of type minecraft:item
[05May2026 20:08:57.120] [modloading-worker-0/DEBUG] [com.tterrag.registrate.AbstractRegistrate/REGISTRATE.REGISTER]: Captured registration for entry necrolord/carpet of type minecraft:item
[05May2026 20:08:57.122] [modloading-worker-0/DEBUG] [com.tterrag.registrate.AbstractRegistrate/REGISTRATE.REGISTER]: Captured registration for entry necrolord/wall_light of type minecraft:item
[05May2026 20:08:57.122] [modloading-worker-0/DEBUG] [com.tterrag.registrate.AbstractRegistrate/REGISTRATE.REGISTER]: Captured registration for entry necrolord/floor_light of type minecraft:item
[05May2026 20:08:57.122] [modloading-worker-0/DEBUG] [com.tterrag.registrate.AbstractRegistrate/REGISTRATE.REGISTER]: Captured registration for entry necrolord/table_small of type minecraft:item
[05May2026 20:08:57.122] [modloading-worker-0/DEBUG] [com.tterrag.registrate.AbstractRegistrate/REGISTRATE.REGISTER]: Captured registration for entry necrolord/table_wide of type minecraft:item
[05May2026 20:08:57.122] [modloading-worker-0/DEBUG] [com.tterrag.registrate.AbstractRegistrate/REGISTRATE.REGISTER]: Captured registration for entry necrolord/table_large of type minecraft:item
[05May2026 20:08:57.123] [modloading-worker-0/DEBUG] [com.tterrag.registrate.AbstractRegistrate/REGISTRATE.REGISTER]: Captured registration for entry necrolord/stool of type minecraft:item
[05May2026 20:08:57.123] [modloading-worker-0/DEBUG] [com.tterrag.registrate.AbstractRegistrate/REGISTRATE.REGISTER]: Captured registration for entry necrolord/cushion of type minecraft:item
[05May2026 20:08:57.123] [modloading-worker-0/DEBUG] [com.tterrag.registrate.AbstractRegistrate/REGISTRATE.REGISTER]: Captured registration for entry necrolord/painting_small of type minecraft:item
[05May2026 20:08:57.123] [modloading-worker-0/DEBUG] [com.tterrag.registrate.AbstractRegistrate/REGISTRATE.REGISTER]: Captured registration for entry necrolord/painting_wide of type minecraft:item
[05May2026 20:08:57.123] [modloading-worker-0/DEBUG] [com.tterrag.registrate.AbstractRegistrate/REGISTRATE.REGISTER]: Captured registration for entry necrolord/drawer of type minecraft:item
[05May2026 20:08:57.123] [modloading-worker-0/DEBUG] [com.tterrag.registrate.AbstractRegistrate/REGISTRATE.REGISTER]: Captured registration for entry necrolord/shelf of type minecraft:item
[05May2026 20:08:57.123] [modloading-worker-0/DEBUG] [com.tterrag.registrate.AbstractRegistrate/REGISTRATE.REGISTER]: Captured registration for entry necrolord/sofa of type minecraft:item
[05May2026 20:08:57.123] [modloading-worker-0/DEBUG] [com.tterrag.registrate.AbstractRegistrate/REGISTRATE.REGISTER]: Captured registration for entry necrolord/desk_left of type minecraft:item
[05May2026 20:08:57.123] [modloading-worker-0/DEBUG] [com.tterrag.registrate.AbstractRegistrate/REGISTRATE.REGISTER]: Captured registration for entry necrolord/desk_right of type minecraft:item
[05May2026 20:08:57.123] [modloading-worker-0/DEBUG] [com.tterrag.registrate.AbstractRegistrate/REGISTRATE.REGISTER]: Captured registration for entry necrolord/chair of type minecraft:item
[05May2026 20:08:57.123] [modloading-worker-0/DEBUG] [com.tterrag.registrate.AbstractRegistrate/REGISTRATE.REGISTER]: Captured registration for entry necrolord/bench of type minecraft:item
[05May2026 20:08:57.124] [modloading-worker-0/DEBUG] [com.tterrag.registrate.AbstractRegistrate/REGISTRATE.REGISTER]: Captured registration for entry necrolord/bookshelf of type minecraft:item
[05May2026 20:08:57.124] [modloading-worker-0/DEBUG] [com.tterrag.registrate.AbstractRegistrate/REGISTRATE.REGISTER]: Captured registration for entry necrolord/chest of type minecraft:item
[05May2026 20:08:57.124] [modloading-worker-0/DEBUG] [com.tterrag.registrate.AbstractRegistrate/REGISTRATE.REGISTER]: Captured registration for entry necrolord/dresser of type minecraft:item
[05May2026 20:08:57.124] [modloading-worker-0/DEBUG] [com.tterrag.registrate.AbstractRegistrate/REGISTRATE.REGISTER]: Captured registration for entry necrolord/wardrobe_bottom of type minecraft:item
[05May2026 20:08:57.124] [modloading-worker-0/DEBUG] [com.tterrag.registrate.AbstractRegistrate/REGISTRATE.REGISTER]: Captured registration for entry necrolord/wardrobe_top of type minecraft:item
[05May2026 20:08:57.126] [modloading-worker-0/DEBUG] [com.tterrag.registrate.AbstractRegistrate/REGISTRATE.REGISTER]: Captured registration for entry necrolord/bed_single of type minecraft:item
[05May2026 20:08:57.126] [modloading-worker-0/DEBUG] [com.tterrag.registrate.AbstractRegistrate/REGISTRATE.REGISTER]: Captured registration for entry necrolord/bed_double of type minecraft:item
[05May2026 20:08:57.127] [modloading-worker-0/DEBUG] [com.tterrag.registrate.AbstractRegistrate/REGISTRATE.REGISTER]: Captured registration for entry necrolord/chandelier of type minecraft:item
[05May2026 20:08:57.127] [modloading-worker-0/DEBUG] [com.tterrag.registrate.AbstractRegistrate/REGISTRATE.REGISTER]: Captured registration for entry necrolord/door_single of type minecraft:item
[05May2026 20:08:57.127] [modloading-worker-0/DEBUG] [com.tterrag.registrate.AbstractRegistrate/REGISTRATE.REGISTER]: Captured registration for entry necrolord/door_double of type minecraft:item
[05May2026 20:08:57.128] [modloading-worker-0/DEBUG] [com.tterrag.registrate.AbstractRegistrate/REGISTRATE.REGISTER]: Captured registration for entry necrolord/lockbox of type minecraft:item
[05May2026 20:08:57.128] [modloading-worker-0/DEBUG] [com.tterrag.registrate.AbstractRegistrate/REGISTRATE.REGISTER]: Captured registration for entry necrolord/counter of type minecraft:item
[05May2026 20:08:57.128] [modloading-worker-0/DEBUG] [com.tterrag.registrate.AbstractRegistrate/REGISTRATE.REGISTER]: Captured registration for entry necrolord/oven of type minecraft:item
[05May2026 20:08:57.130] [modloading-worker-0/DEBUG] [com.tterrag.registrate.AbstractRegistrate/REGISTRATE.REGISTER]: Captured registration for entry bookshelf of type minecraft:block_entity_type
[05May2026 20:08:57.131] [modloading-worker-0/DEBUG] [com.tterrag.registrate.AbstractRegistrate/REGISTRATE.REGISTER]: Captured registration for entry chest of type minecraft:block_entity_type
[05May2026 20:08:57.131] [modloading-worker-0/DEBUG] [com.tterrag.registrate.AbstractRegistrate/REGISTRATE.REGISTER]: Captured registration for entry desk of type minecraft:block_entity_type
[05May2026 20:08:57.131] [modloading-worker-0/DEBUG] [com.tterrag.registrate.AbstractRegistrate/REGISTRATE.REGISTER]: Captured registration for entry drawer of type minecraft:block_entity_type
[05May2026 20:08:57.133] [modloading-worker-0/DEBUG] [com.tterrag.registrate.AbstractRegistrate/REGISTRATE.REGISTER]: Captured registration for entry dresser of type minecraft:block_entity_type
[05May2026 20:08:57.135] [modloading-worker-0/DEBUG] [com.tterrag.registrate.AbstractRegistrate/REGISTRATE.REGISTER]: Captured registration for entry lockbox of type minecraft:block_entity_type
[05May2026 20:08:57.136] [modloading-worker-0/DEBUG] [com.tterrag.registrate.AbstractRegistrate/REGISTRATE.REGISTER]: Captured registration for entry wardrobe of type minecraft:block_entity_type
[05May2026 20:08:57.137] [modloading-worker-0/DEBUG] [com.tterrag.registrate.AbstractRegistrate/REGISTRATE.REGISTER]: Captured registration for entry counter of type minecraft:block_entity_type
[05May2026 20:08:57.138] [modloading-worker-0/DEBUG] [com.tterrag.registrate.AbstractRegistrate/REGISTRATE.REGISTER]: Captured registration for entry oven of type minecraft:block_entity_type
[05May2026 20:08:57.139] [modloading-worker-0/DEBUG] [com.tterrag.registrate.AbstractRegistrate/REGISTRATE.REGISTER]: Captured registration for entry cookie_jar of type minecraft:block_entity_type
[05May2026 20:08:57.140] [modloading-worker-0/DEBUG] [com.tterrag.registrate.AbstractRegistrate/REGISTRATE.REGISTER]: Captured registration for entry decorations/widow_bloom of type minecraft:block_entity_type
[05May2026 20:08:57.140] [modloading-worker-0/DEBUG] [com.tterrag.registrate.AbstractRegistrate/REGISTRATE.REGISTER]: Captured registration for entry decorations/bone_skull_blossoms of type minecraft:block_entity_type
[05May2026 20:08:57.141] [modloading-worker-0/DEBUG] [com.tterrag.registrate.AbstractRegistrate/REGISTRATE.REGISTER]: Captured registration for entry stocking of type minecraft:block_entity_type
[05May2026 20:08:57.142] [modloading-worker-0/DEBUG] [com.tterrag.registrate.AbstractRegistrate/REGISTRATE.REGISTER]: Captured registration for entry small_soul_fire_flame of type minecraft:particle_type
[05May2026 20:08:57.142] [modloading-worker-0/DEBUG] [com.tterrag.registrate.AbstractRegistrate/REGISTRATE.REGISTER]: Captured registration for entry necrolord_flame of type minecraft:particle_type
[05May2026 20:08:57.142] [modloading-worker-0/DEBUG] [com.tterrag.registrate.AbstractRegistrate/REGISTRATE.REGISTER]: Captured registration for entry small_necrolord_flame of type minecraft:particle_type
[05May2026 20:08:57.149] [modloading-worker-0/DEBUG] [com.tterrag.registrate.AbstractRegistrate/REGISTRATE.REGISTER]: Captured registration for entry large_inventory_menu of type minecraft:menu
[05May2026 20:08:57.150] [modloading-worker-0/DEBUG] [com.tterrag.registrate.AbstractRegistrate/REGISTRATE.REGISTER]: Captured registration for entry medium_inventory_menu of type minecraft:menu
[05May2026 20:08:57.152] [modloading-worker-0/DEBUG] [com.tterrag.registrate.AbstractRegistrate/REGISTRATE.REGISTER]: Captured registration for entry small_inventory_menu of type minecraft:menu
[05May2026 20:08:57.153] [modloading-worker-0/DEBUG] [com.tterrag.registrate.AbstractRegistrate/REGISTRATE.REGISTER]: Captured registration for entry bookshelf of type minecraft:menu
[05May2026 20:08:57.155] [modloading-worker-0/DEBUG] [com.tterrag.registrate.AbstractRegistrate/REGISTRATE.REGISTER]: Captured registration for entry oven of type minecraft:menu
[05May2026 20:08:57.155] [modloading-worker-0/DEBUG] [com.tterrag.registrate.AbstractRegistrate/REGISTRATE.REGISTER]: Captured registration for entry cookie_jar of type minecraft:menu
[05May2026 20:08:57.156] [modloading-worker-0/DEBUG] [com.tterrag.registrate.AbstractRegistrate/REGISTRATE.REGISTER]: Captured registration for entry furniture_station of type minecraft:menu
[05May2026 20:08:57.157] [modloading-worker-0/DEBUG] [com.tterrag.registrate.AbstractRegistrate/REGISTRATE.REGISTER]: Captured registration for entry stocking of type minecraft:menu
[05May2026 20:08:57.157] [modloading-worker-0/DEBUG] [com.tterrag.registrate.AbstractRegistrate/REGISTRATE.REGISTER]: Captured registration for entry dyeable of type minecraft:recipe_serializer
[05May2026 20:08:57.157] [modloading-worker-0/DEBUG] [com.tterrag.registrate.AbstractRegistrate/REGISTRATE.REGISTER]: Captured registration for entry dyeable of type minecraft:recipe_type
[05May2026 20:08:57.157] [modloading-worker-0/DEBUG] [net.minecraftforge.fml.javafmlmod.AutomaticEventSubscriber/LOADING]: Attempting to inject @EventBusSubscriber classes into the eventbus for fantasyfurniture
[05May2026 20:08:57.157] [modloading-worker-0/DEBUG] [net.minecraftforge.fml.javafmlmod.AutomaticEventSubscriber/LOADING]: Auto-subscribing xyz.apex.forge.fantasyfurniture.events.CommonModEvents to MOD
[05May2026 20:08:57.174] [modloading-worker-0/DEBUG] [net.minecraftforge.fml.javafmlmod.AutomaticEventSubscriber/LOADING]: Auto-subscribing xyz.apex.forge.fantasyfurniture.events.CommonForgeEvents to FORGE
[05May2026 20:08:57.193] [modloading-worker-0/DEBUG] [net.minecraftforge.fml.javafmlmod.AutomaticEventSubscriber/LOADING]: Auto-subscribing xyz.apex.forge.fantasyfurniture.events.ClientModEvents to MOD
[05May2026 20:08:57.200] [modloading-worker-0/DEBUG] [net.minecraftforge.fml.javafmlmod.AutomaticEventSubscriber/LOADING]: Auto-subscribing xyz.apex.forge.fantasyfurniture.events.ClientForgeEvents to FORGE
[05May2026 20:08:57.271] [modloading-worker-0/DEBUG] [net.minecraftforge.fml.javafmlmod.AutomaticEventSubscriber/LOADING]: Attempting to inject @EventBusSubscriber classes into the eventbus for framedblocks
[05May2026 20:08:57.272] [modloading-worker-0/DEBUG] [net.minecraftforge.fml.javafmlmod.AutomaticEventSubscriber/LOADING]: Auto-subscribing xfacthd.framedblocks.common.datagen.GeneratorHandler to MOD
[05May2026 20:08:57.275] [modloading-worker-0/DEBUG] [net.minecraftforge.fml.javafmlmod.AutomaticEventSubscriber/LOADING]: Auto-subscribing xfacthd.framedblocks.client.FBClient to MOD
[05May2026 20:08:57.311] [main/DEBUG] [net.minecraftforge.registries.ObjectHolderRegistry/REGISTRIES]: Processing ObjectHolder annotations
[05May2026 20:08:57.337] [main/DEBUG] [net.minecraftforge.registries.ObjectHolderRegistry/REGISTRIES]: Found 7345 ObjectHolder annotations
[05May2026 20:08:57.341] [main/DEBUG] [net.minecraftforge.common.capabilities.CapabilityManager/CAPABILITIES]: Attempting to automatically register: Lnet/minecraftforge/energy/IEnergyStorage;
[05May2026 20:08:57.343] [main/DEBUG] [net.minecraftforge.common.capabilities.CapabilityManager/CAPABILITIES]: Attempting to automatically register: Lnet/minecraftforge/fluids/capability/IFluidHandler;
[05May2026 20:08:57.343] [main/DEBUG] [net.minecraftforge.common.capabilities.CapabilityManager/CAPABILITIES]: Attempting to automatically register: Lnet/minecraftforge/fluids/capability/IFluidHandlerItem;
[05May2026 20:08:57.343] [main/DEBUG] [net.minecraftforge.common.capabilities.CapabilityManager/CAPABILITIES]: Attempting to automatically register: Lnet/minecraftforge/items/IItemHandler;
[05May2026 20:08:57.343] [main/DEBUG] [net.minecraftforge.registries.GameData/REGISTRIES]: Unfreezing vanilla registries
[05May2026 20:08:57.347] [main/DEBUG] [net.minecraftforge.registries.GameData/REGISTRIES]: Applying holder lookups: minecraft:sound_event
[05May2026 20:08:57.353] [main/DEBUG] [net.minecraftforge.registries.GameData/REGISTRIES]: Holder lookups applied: minecraft:sound_event
[05May2026 20:08:57.353] [main/DEBUG] [net.minecraftforge.registries.GameData/REGISTRIES]: Applying holder lookups: minecraft:fluid
[05May2026 20:08:57.355] [main/DEBUG] [net.minecraftforge.registries.GameData/REGISTRIES]: Holder lookups applied: minecraft:fluid
[05May2026 20:08:58.685] [main/DEBUG] [com.tterrag.registrate.AbstractRegistrate/REGISTRATE.REGISTER]: Registering 294 known objects of type minecraft:block
[05May2026 20:08:58.689] [main/DEBUG] [com.tterrag.registrate.AbstractRegistrate/REGISTRATE.REGISTER]: Registered fantasyfurniture:decorations/berry_basket_empty to registry ResourceKey[minecraft:root / minecraft:block]
[05May2026 20:08:58.689] [main/DEBUG] [com.tterrag.registrate.AbstractRegistrate/REGISTRATE.REGISTER]: Registered fantasyfurniture:decorations/berry_basket_sweetberry to registry ResourceKey[minecraft:root / minecraft:block]
[05May2026 20:08:58.689] [main/DEBUG] [com.tterrag.registrate.AbstractRegistrate/REGISTRATE.REGISTER]: Registered fantasyfurniture:decorations/berry_basket_blueberry to registry ResourceKey[minecraft:root / minecraft:block]
[05May2026 20:08:58.689] [main/DEBUG] [com.tterrag.registrate.AbstractRegistrate/REGISTRATE.REGISTER]: Registered fantasyfurniture:decorations/berry_basket_strawberry to registry ResourceKey[minecraft:root / minecraft:block]
[05May2026 20:08:58.689] [main/DEBUG] [com.tterrag.registrate.AbstractRegistrate/REGISTRATE.REGISTER]: Registered fantasyfurniture:decorations/bolts_of_cloth to registry ResourceKey[minecraft:root / minecraft:block]
[05May2026 20:08:58.690] [main/DEBUG] [com.tterrag.registrate.AbstractRegistrate/REGISTRATE.REGISTER]: Registered fantasyfurniture:decorations/book_stack to registry ResourceKey[minecraft:root / minecraft:block]
[05May2026 20:08:58.691] [main/DEBUG] [com.tterrag.registrate.AbstractRegistrate/REGISTRATE.REGISTER]: Registered fantasyfurniture:decorations/bowl_empty to registry ResourceKey[minecraft:root / minecraft:block]
[05May2026 20:08:58.691] [main/DEBUG] [com.tterrag.registrate.AbstractRegistrate/REGISTRATE.REGISTER]: Registered fantasyfurniture:decorations/bowl_beetroot_soup to registry ResourceKey[minecraft:root / minecraft:block]
[05May2026 20:08:58.691] [main/DEBUG] [com.tterrag.registrate.AbstractRegistrate/REGISTRATE.REGISTER]: Registered fantasyfurniture:decorations/bowl_mushroom_stew to registry ResourceKey[minecraft:root / minecraft:block]
[05May2026 20:08:58.692] [main/DEBUG] [com.tterrag.registrate.AbstractRegistrate/REGISTRATE.REGISTER]: Registered fantasyfurniture:decorations/tankards_empty to registry ResourceKey[minecraft:root / minecraft:block]
[05May2026 20:08:58.693] [main/DEBUG] [com.tterrag.registrate.AbstractRegistrate/REGISTRATE.REGISTER]: Registered fantasyfurniture:decorations/tankards_honeymead to registry ResourceKey[minecraft:root / minecraft:block]
[05May2026 20:08:58.693] [main/DEBUG] [com.tterrag.registrate.AbstractRegistrate/REGISTRATE.REGISTER]: Registered fantasyfurniture:decorations/tankards_milk to registry ResourceKey[minecraft:root / minecraft:block]
[05May2026 20:08:58.694] [main/DEBUG] [com.tterrag.registrate.AbstractRegistrate/REGISTRATE.REGISTER]: Registered fantasyfurniture:decorations/tankards_sweetberry to registry ResourceKey[minecraft:root / minecraft:block]
[05May2026 20:08:58.701] [main/DEBUG] [com.tterrag.registrate.AbstractRegistrate/REGISTRATE.REGISTER]: Registered fantasyfurniture:decorations/mushrooms_red to registry ResourceKey[minecraft:root / minecraft:block]
[05May2026 20:08:58.703] [main/DEBUG] [com.tterrag.registrate.AbstractRegistrate/REGISTRATE.REGISTER]: Registered fantasyfurniture:decorations/coin_stack_gold to registry ResourceKey[minecraft:root / minecraft:block]
[05May2026 20:08:58.704] [main/DEBUG] [com.tterrag.registrate.AbstractRegistrate/REGISTRATE.REGISTER]: Registered fantasyfurniture:decorations/coin_stack_iron to registry ResourceKey[minecraft:root / minecraft:block]
[05May2026 20:08:58.706] [main/DEBUG] [com.tterrag.registrate.AbstractRegistrate/REGISTRATE.REGISTER]: Registered fantasyfurniture:decorations/muffins_blueberry to registry ResourceKey[minecraft:root / minecraft:block]
[05May2026 20:08:58.706] [main/DEBUG] [com.tterrag.registrate.AbstractRegistrate/REGISTRATE.REGISTER]: Registered fantasyfurniture:decorations/muffins_chocolate to registry ResourceKey[minecraft:root / minecraft:block]
[05May2026 20:08:58.707] [main/DEBUG] [com.tterrag.registrate.AbstractRegistrate/REGISTRATE.REGISTER]: Registered fantasyfurniture:decorations/muffins_sweetberry to registry ResourceKey[minecraft:root / minecraft:block]
[05May2026 20:08:58.707] [main/DEBUG] [com.tterrag.registrate.AbstractRegistrate/REGISTRATE.REGISTER]: Registered fantasyfurniture:decorations/paper_stack to registry ResourceKey[minecraft:root / minecraft:block]
[05May2026 20:08:58.709] [main/DEBUG] [com.tterrag.registrate.AbstractRegistrate/REGISTRATE.REGISTER]: Registered fantasyfurniture:decorations/cookie_jar to registry ResourceKey[minecraft:root / minecraft:block]
[05May2026 20:08:58.713] [main/DEBUG] [com.tterrag.registrate.AbstractRegistrate/REGISTRATE.REGISTER]: Registered fantasyfurniture:decorations/brewing_cauldron to registry ResourceKey[minecraft:root / minecraft:block]
[05May2026 20:08:58.720] [main/DEBUG] [com.tterrag.registrate.AbstractRegistrate/REGISTRATE.REGISTER]: Registered fantasyfurniture:decorations/floating_tomes to registry ResourceKey[minecraft:root / minecraft:block]
[05May2026 20:08:58.720] [main/DEBUG] [com.tterrag.registrate.AbstractRegistrate/REGISTRATE.REGISTER]: Registered fantasyfurniture:decorations/gravestone to registry ResourceKey[minecraft:root / minecraft:block]
[05May2026 20:08:58.720] [main/DEBUG] [com.tterrag.registrate.AbstractRegistrate/REGISTRATE.REGISTER]: Registered fantasyfurniture:decorations/hanging_herbs to registry ResourceKey[minecraft:root / minecraft:block]
[05May2026 20:08:58.720] [main/DEBUG] [com.tterrag.registrate.AbstractRegistrate/REGISTRATE.REGISTER]: Registered fantasyfurniture:decorations/spider_web_small to registry ResourceKey[minecraft:root / minecraft:block]
[05May2026 20:08:58.723] [main/DEBUG] [com.tterrag.registrate.AbstractRegistrate/REGISTRATE.REGISTER]: Registered fantasyfurniture:decorations/spider_web_wide to registry ResourceKey[minecraft:root / minecraft:block]
[05May2026 20:08:58.725] [main/DEBUG] [com.tterrag.registrate.AbstractRegistrate/REGISTRATE.REGISTER]: Registered fantasyfurniture:decorations/stackable_pumpkins to registry ResourceKey[minecraft:root / minecraft:block]
[05May2026 20:08:58.725] [main/DEBUG] [com.tterrag.registrate.AbstractRegistrate/REGISTRATE.REGISTER]: Registered fantasyfurniture:decorations/bronze_chain to registry ResourceKey[minecraft:root / minecraft:block]
[05May2026 20:08:58.725] [main/DEBUG] [com.tterrag.registrate.AbstractRegistrate/REGISTRATE.REGISTER]: Registered fantasyfurniture:decorations/mushrooms_brown to registry ResourceKey[minecraft:root / minecraft:block]
[05May2026 20:08:58.726] [main/DEBUG] [com.tterrag.registrate.AbstractRegistrate/REGISTRATE.REGISTER]: Registered fantasyfurniture:decorations/potion_bottles to registry ResourceKey[minecraft:root / minecraft:block]
[05May2026 20:08:58.735] [main/DEBUG] [com.tterrag.registrate.AbstractRegistrate/REGISTRATE.REGISTER]: Registered fantasyfurniture:decorations/potion_bottles_dyeable to registry ResourceKey[minecraft:root / minecraft:block]
[05May2026 20:08:58.739] [main/DEBUG] [com.tterrag.registrate.AbstractRegistrate/REGISTRATE.REGISTER]: Registered fantasyfurniture:decorations/fairy_lights_1 to registry ResourceKey[minecraft:root / minecraft:block]
[05May2026 20:08:58.739] [main/DEBUG] [com.tterrag.registrate.AbstractRegistrate/REGISTRATE.REGISTER]: Registered fantasyfurniture:decorations/fairy_lights_2 to registry ResourceKey[minecraft:root / minecraft:block]
[05May2026 20:08:58.740] [main/DEBUG] [com.tterrag.registrate.AbstractRegistrate/REGISTRATE.REGISTER]: Registered fantasyfurniture:decorations/presents_stack_1 to registry ResourceKey[minecraft:root / minecraft:block]
[05May2026 20:08:58.747] [main/DEBUG] [com.tterrag.registrate.AbstractRegistrate/REGISTRATE.REGISTER]: Registered fantasyfurniture:decorations/presents_stack_2 to registry ResourceKey[minecraft:root / minecraft:block]
[05May2026 20:08:58.748] [main/DEBUG] [com.tterrag.registrate.AbstractRegistrate/REGISTRATE.REGISTER]: Registered fantasyfurniture:decorations/snowballs to registry ResourceKey[minecraft:root / minecraft:block]
[05May2026 20:08:58.751] [main/DEBUG] [com.tterrag.registrate.AbstractRegistrate/REGISTRATE.REGISTER]: Registered fantasyfurniture:decorations/stocking to registry ResourceKey[minecraft:root / minecraft:block]
[05May2026 20:08:58.752] [main/DEBUG] [com.tterrag.registrate.AbstractRegistrate/REGISTRATE.REGISTER]: Registered fantasyfurniture:decorations/nordic_boiled_creme_treats to registry ResourceKey[minecraft:root / minecraft:block]
[05May2026 20:08:58.753] [main/DEBUG] [com.tterrag.registrate.AbstractRegistrate/REGISTRATE.REGISTER]: Registered fantasyfurniture:decorations/nordic_sweetrolls to registry ResourceKey[minecraft:root / minecraft:block]
[05May2026 20:08:58.754] [main/DEBUG] [com.tterrag.registrate.AbstractRegistrate/REGISTRATE.REGISTER]: Registered fantasyfurniture:decorations/nordic_mead_bottles to registry ResourceKey[minecraft:root / minecraft:block]
[05May2026 20:08:58.754] [main/DEBUG] [com.tterrag.registrate.AbstractRegistrate/REGISTRATE.REGISTER]: Registered fantasyfurniture:decorations/nordic_soul_gems_light to registry ResourceKey[minecraft:root / minecraft:block]
[05May2026 20:08:58.755] [main/DEBUG] [com.tterrag.registrate.AbstractRegistrate/REGISTRATE.REGISTER]: Registered fantasyfurniture:decorations/nordic_soul_gems_dark to registry ResourceKey[minecraft:root / minecraft:block]
[05May2026 20:08:58.755] [main/DEBUG] [com.tterrag.registrate.AbstractRegistrate/REGISTRATE.REGISTER]: Registered fantasyfurniture:decorations/venthyr_food_0 to registry ResourceKey[minecraft:root / minecraft:block]
[05May2026 20:08:58.755] [main/DEBUG] [com.tterrag.registrate.AbstractRegistrate/REGISTRATE.REGISTER]: Registered fantasyfurniture:decorations/venthyr_food_1 to registry ResourceKey[minecraft:root / minecraft:block]
[05May2026 20:08:58.755] [main/DEBUG] [com.tterrag.registrate.AbstractRegistrate/REGISTRATE.REGISTER]: Registered fantasyfurniture:decorations/venthyr_tea_set to registry ResourceKey[minecraft:root / minecraft:block]
[05May2026 20:08:58.756] [main/DEBUG] [com.tterrag.registrate.AbstractRegistrate/REGISTRATE.REGISTER]: Registered fantasyfurniture:decorations/venthyr_tea_cups to registry ResourceKey[minecraft:root / minecraft:block]
[05May2026 20:08:58.763] [main/DEBUG] [com.tterrag.registrate.AbstractRegistrate/REGISTRATE.REGISTER]: Registered fantasyfurniture:decorations/venthyr_platter to registry ResourceKey[minecraft:root / minecraft:block]
[05May2026 20:08:58.764] [main/DEBUG] [com.tterrag.registrate.AbstractRegistrate/REGISTRATE.REGISTER]: Registered fantasyfurniture:decorations/venthyr_widow_bloom to registry ResourceKey[minecraft:root / minecraft:block]
[05May2026 20:08:58.765] [main/DEBUG] [com.tterrag.registrate.AbstractRegistrate/REGISTRATE.REGISTER]: Registered fantasyfurniture:decorations/venthyr_tomes to registry ResourceKey[minecraft:root / minecraft:block]
[05May2026 20:08:58.772] [main/DEBUG] [com.tterrag.registrate.AbstractRegistrate/REGISTRATE.REGISTER]: Registered fantasyfurniture:decorations/venthyr_chalices to registry ResourceKey[minecraft:root / minecraft:block]
[05May2026 20:08:58.774] [main/DEBUG] [com.tterrag.registrate.AbstractRegistrate/REGISTRATE.REGISTER]: Registered fantasyfurniture:decorations/venthyr_candles to registry ResourceKey[minecraft:root / minecraft:block]
[05May2026 20:08:58.775] [main/DEBUG] [com.tterrag.registrate.AbstractRegistrate/REGISTRATE.REGISTER]: Registered fantasyfurniture:decorations/venthyr_banner to registry ResourceKey[minecraft:root / minecraft:block]
[05May2026 20:08:58.783] [main/DEBUG] [com.tterrag.registrate.AbstractRegistrate/REGISTRATE.REGISTER]: Registered fantasyfurniture:decorations/dunmer_pottery_0 to registry ResourceKey[minecraft:root / minecraft:block]
[05May2026 20:08:58.784] [main/DEBUG] [com.tterrag.registrate.AbstractRegistrate/REGISTRATE.REGISTER]: Registered fantasyfurniture:decorations/dunmer_pottery_1 to registry ResourceKey[minecraft:root / minecraft:block]
[05May2026 20:08:58.784] [main/DEBUG] [com.tterrag.registrate.AbstractRegistrate/REGISTRATE.REGISTER]: Registered fantasyfurniture:decorations/bone_candles to registry ResourceKey[minecraft:root / minecraft:block]
[05May2026 20:08:58.785] [main/DEBUG] [com.tterrag.registrate.AbstractRegistrate/REGISTRATE.REGISTER]: Registered fantasyfurniture:decorations/bone_skeleton_chalices to registry ResourceKey[minecraft:root / minecraft:block]
[05May2026 20:08:58.785] [main/DEBUG] [com.tterrag.registrate.AbstractRegistrate/REGISTRATE.REGISTER]: Registered fantasyfurniture:decorations/bone_skeleton_pile to registry ResourceKey[minecraft:root / minecraft:block]
[05May2026 20:08:58.785] [main/DEBUG] [com.tterrag.registrate.AbstractRegistrate/REGISTRATE.REGISTER]: Registered fantasyfurniture:decorations/bone_skeleton_skull_blossoms to registry ResourceKey[minecraft:root / minecraft:block]
[05May2026 20:08:58.785] [main/DEBUG] [com.tterrag.registrate.AbstractRegistrate/REGISTRATE.REGISTER]: Registered fantasyfurniture:decorations/bone_wither_chalices to registry ResourceKey[minecraft:root / minecraft:block]
[05May2026 20:08:58.786] [main/DEBUG] [com.tterrag.registrate.AbstractRegistrate/REGISTRATE.REGISTER]: Registered fantasyfurniture:decorations/bone_wither_pile to registry ResourceKey[minecraft:root / minecraft:block]
[05May2026 20:08:58.786] [main/DEBUG] [com.tterrag.registrate.AbstractRegistrate/REGISTRATE.REGISTER]: Registered fantasyfurniture:decorations/bone_wither_skull_blossoms to registry ResourceKey[minecraft:root / minecraft:block]
[05May2026 20:08:58.789] [main/DEBUG] [com.tterrag.registrate.AbstractRegistrate/REGISTRATE.REGISTER]: Registered fantasyfurniture:decorations/royal_crown to registry ResourceKey[minecraft:root / minecraft:block]
[05May2026 20:08:58.809] [main/DEBUG] [com.tterrag.registrate.AbstractRegistrate/REGISTRATE.REGISTER]: Registered fantasyfurniture:decorations/royal_candelabra to registry ResourceKey[minecraft:root / minecraft:block]
[05May2026 20:08:58.820] [main/DEBUG] [com.tterrag.registrate.AbstractRegistrate/REGISTRATE.REGISTER]: Registered fantasyfurniture:decorations/royal_chalices to registry ResourceKey[minecraft:root / minecraft:block]
[05May2026 20:08:58.823] [main/DEBUG] [com.tterrag.registrate.AbstractRegistrate/REGISTRATE.REGISTER]: Registered fantasyfurniture:decorations/royal_cushioned_crown to registry ResourceKey[minecraft:root / minecraft:block]
[05May2026 20:08:58.823] [main/DEBUG] [com.tterrag.registrate.AbstractRegistrate/REGISTRATE.REGISTER]: Registered fantasyfurniture:decorations/royal_food_0 to registry ResourceKey[minecraft:root / minecraft:block]
[05May2026 20:08:58.823] [main/DEBUG] [com.tterrag.registrate.AbstractRegistrate/REGISTRATE.REGISTER]: Registered fantasyfurniture:decorations/royal_food_1 to registry ResourceKey[minecraft:root / minecraft:block]
[05May2026 20:08:58.827] [main/DEBUG] [com.tterrag.registrate.AbstractRegistrate/REGISTRATE.REGISTER]: Registered fantasyfurniture:decorations/royal_platter to registry ResourceKey[minecraft:root / minecraft:block]
[05May2026 20:08:58.834] [main/DEBUG] [com.tterrag.registrate.AbstractRegistrate/REGISTRATE.REGISTER]: Registered fantasyfurniture:decorations/royal_floor_cushion to registry ResourceKey[minecraft:root / minecraft:block]
[05May2026 20:08:58.838] [main/DEBUG] [com.tterrag.registrate.AbstractRegistrate/REGISTRATE.REGISTER]: Registered fantasyfurniture:decorations/royal_wall_mirror_small to registry ResourceKey[minecraft:root / minecraft:block]
[05May2026 20:08:58.849] [main/DEBUG] [com.tterrag.registrate.AbstractRegistrate/REGISTRATE.REGISTER]: Registered fantasyfurniture:decorations/royal_wall_mirror_large to registry ResourceKey[minecraft:root / minecraft:block]
[05May2026 20:08:58.849] [main/DEBUG] [com.tterrag.registrate.AbstractRegistrate/REGISTRATE.REGISTER]: Registered fantasyfurniture:decorations/necrolord_candelabra to registry ResourceKey[minecraft:root / minecraft:block]
[05May2026 20:08:58.849] [main/DEBUG] [com.tterrag.registrate.AbstractRegistrate/REGISTRATE.REGISTER]: Registered fantasyfurniture:nordic/wool to registry ResourceKey[minecraft:root / minecraft:block]
[05May2026 20:08:58.849] [main/DEBUG] [com.tterrag.registrate.AbstractRegistrate/REGISTRATE.REGISTER]: Registered fantasyfurniture:nordic/carpet to registry ResourceKey[minecraft:root / minecraft:block]
[05May2026 20:08:58.849] [main/DEBUG] [com.tterrag.registrate.AbstractRegistrate/REGISTRATE.REGISTER]: Registered fantasyfurniture:nordic/wall_light to registry ResourceKey[minecraft:root / minecraft:block]
[05May2026 20:08:58.850] [main/DEBUG] [com.tterrag.registrate.AbstractRegistrate/REGISTRATE.REGISTER]: Registered fantasyfurniture:nordic/floor_light to registry ResourceKey[minecraft:root / minecraft:block]
[05May2026 20:08:58.851] [main/DEBUG] [com.tterrag.registrate.AbstractRegistrate/REGISTRATE.REGISTER]: Registered fantasyfurniture:nordic/table_small to registry ResourceKey[minecraft:root / minecraft:block]
[05May2026 20:08:58.851] [main/DEBUG] [com.tterrag.registrate.AbstractRegistrate/REGISTRATE.REGISTER]: Registered fantasyfurniture:nordic/table_wide to registry ResourceKey[minecraft:root / minecraft:block]
[05May2026 20:08:58.852] [main/DEBUG] [com.tterrag.registrate.AbstractRegistrate/REGISTRATE.REGISTER]: Registered fantasyfurniture:nordic/table_large to registry ResourceKey[minecraft:root / minecraft:block]
[05May2026 20:08:58.852] [main/DEBUG] [com.tterrag.registrate.AbstractRegistrate/REGISTRATE.REGISTER]: Registered fantasyfurniture:nordic/stool to registry ResourceKey[minecraft:root / minecraft:block]
[05May2026 20:08:58.852] [main/DEBUG] [com.tterrag.registrate.AbstractRegistrate/REGISTRATE.REGISTER]: Registered fantasyfurniture:nordic/cushion to registry ResourceKey[minecraft:root / minecraft:block]
[05May2026 20:08:58.852] [main/DEBUG] [com.tterrag.registrate.AbstractRegistrate/REGISTRATE.REGISTER]: Registered fantasyfurniture:nordic/painting_small to registry ResourceKey[minecraft:root / minecraft:block]
[05May2026 20:08:58.853] [main/DEBUG] [com.tterrag.registrate.AbstractRegistrate/REGISTRATE.REGISTER]: Registered fantasyfurniture:nordic/painting_wide to registry ResourceKey[minecraft:root / minecraft:block]
[05May2026 20:08:58.853] [main/DEBUG] [com.tterrag.registrate.AbstractRegistrate/REGISTRATE.REGISTER]: Registered fantasyfurniture:nordic/drawer to registry ResourceKey[minecraft:root / minecraft:block]
[05May2026 20:08:58.854] [main/DEBUG] [com.tterrag.registrate.AbstractRegistrate/REGISTRATE.REGISTER]: Registered fantasyfurniture:nordic/shelf to registry ResourceKey[minecraft:root / minecraft:block]
[05May2026 20:08:58.856] [main/DEBUG] [com.tterrag.registrate.AbstractRegistrate/REGISTRATE.REGISTER]: Registered fantasyfurniture:nordic/sofa to registry ResourceKey[minecraft:root / minecraft:block]
[05May2026 20:08:58.856] [main/DEBUG] [com.tterrag.registrate.AbstractRegistrate/REGISTRATE.REGISTER]: Registered fantasyfurniture:nordic/desk_left to registry ResourceKey[minecraft:root / minecraft:block]
[05May2026 20:08:58.857] [main/DEBUG] [com.tterrag.registrate.AbstractRegistrate/REGISTRATE.REGISTER]: Registered fantasyfurniture:nordic/desk_right to registry ResourceKey[minecraft:root / minecraft:block]
[05May2026 20:08:58.858] [main/DEBUG] [com.tterrag.registrate.AbstractRegistrate/REGISTRATE.REGISTER]: Registered fantasyfurniture:nordic/chair to registry ResourceKey[minecraft:root / minecraft:block]
[05May2026 20:08:58.858] [main/DEBUG] [com.tterrag.registrate.AbstractRegistrate/REGISTRATE.REGISTER]: Registered fantasyfurniture:nordic/bench to registry ResourceKey[minecraft:root / minecraft:block]
[05May2026 20:08:58.859] [main/DEBUG] [com.tterrag.registrate.AbstractRegistrate/REGISTRATE.REGISTER]: Registered fantasyfurniture:nordic/bookshelf to registry ResourceKey[minecraft:root / minecraft:block]
[05May2026 20:08:58.860] [main/DEBUG] [com.tterrag.registrate.AbstractRegistrate/REGISTRATE.REGISTER]: Registered fantasyfurniture:nordic/chest to registry ResourceKey[minecraft:root / minecraft:block]
[05May2026 20:08:58.860] [main/DEBUG] [com.tterrag.registrate.AbstractRegistrate/REGISTRATE.REGISTER]: Registered fantasyfurniture:nordic/dresser to registry ResourceKey[minecraft:root / minecraft:block]
[05May2026 20:08:58.861] [main/DEBUG] [com.tterrag.registrate.AbstractRegistrate/REGISTRATE.REGISTER]: Registered fantasyfurniture:nordic/wardrobe_bottom to registry ResourceKey[minecraft:root / minecraft:block]
[05May2026 20:08:58.861] [main/DEBUG] [com.tterrag.registrate.AbstractRegistrate/REGISTRATE.REGISTER]: Registered fantasyfurniture:nordic/wardrobe_top to registry ResourceKey[minecraft:root / minecraft:block]
[05May2026 20:08:58.862] [main/DEBUG] [com.tterrag.registrate.AbstractRegistrate/REGISTRATE.REGISTER]: Registered fantasyfurniture:nordic/bed_single to registry ResourceKey[minecraft:root / minecraft:block]
[05May2026 20:08:58.864] [main/DEBUG] [com.tterrag.registrate.AbstractRegistrate/REGISTRATE.REGISTER]: Registered fantasyfurniture:nordic/bed_double to registry ResourceKey[minecraft:root / minecraft:block]
[05May2026 20:08:58.864] [main/DEBUG] [com.tterrag.registrate.AbstractRegistrate/REGISTRATE.REGISTER]: Registered fantasyfurniture:nordic/chandelier to registry ResourceKey[minecraft:root / minecraft:block]
[05May2026 20:08:58.864] [main/DEBUG] [com.tterrag.registrate.AbstractRegistrate/REGISTRATE.REGISTER]: Registered fantasyfurniture:nordic/door_single to registry ResourceKey[minecraft:root / minecraft:block]
[05May2026 20:08:58.865] [main/DEBUG] [com.tterrag.registrate.AbstractRegistrate/REGISTRATE.REGISTER]: Registered fantasyfurniture:nordic/door_double to registry ResourceKey[minecraft:root / minecraft:block]
[05May2026 20:08:58.865] [main/DEBUG] [com.tterrag.registrate.AbstractRegistrate/REGISTRATE.REGISTER]: Registered fantasyfurniture:nordic/lockbox to registry ResourceKey[minecraft:root / minecraft:block]
[05May2026 20:08:58.866] [main/DEBUG] [com.tterrag.registrate.AbstractRegistrate/REGISTRATE.REGISTER]: Registered fantasyfurniture:nordic/counter to registry ResourceKey[minecraft:root / minecraft:block]
[05May2026 20:08:58.866] [main/DEBUG] [com.tterrag.registrate.AbstractRegistrate/REGISTRATE.REGISTER]: Registered fantasyfurniture:nordic/oven to registry ResourceKey[minecraft:root / minecraft:block]
[05May2026 20:08:58.866] [main/DEBUG] [com.tterrag.registrate.AbstractRegistrate/REGISTRATE.REGISTER]: Registered fantasyfurniture:dunmer/wool to registry ResourceKey[minecraft:root / minecraft:block]
[05May2026 20:08:58.866] [main/DEBUG] [com.tterrag.registrate.AbstractRegistrate/REGISTRATE.REGISTER]: Registered fantasyfurniture:dunmer/carpet to registry ResourceKey[minecraft:root / minecraft:block]
[05May2026 20:08:58.866] [main/DEBUG] [com.tterrag.registrate.AbstractRegistrate/REGISTRATE.REGISTER]: Registered fantasyfurniture:dunmer/wall_light to registry ResourceKey[minecraft:root / minecraft:block]
[05May2026 20:08:58.867] [main/DEBUG] [com.tterrag.registrate.AbstractRegistrate/REGISTRATE.REGISTER]: Registered fantasyfurniture:dunmer/floor_light to registry ResourceKey[minecraft:root / minecraft:block]
[05May2026 20:08:58.867] [main/DEBUG] [com.tterrag.registrate.AbstractRegistrate/REGISTRATE.REGISTER]: Registered fantasyfurniture:dunmer/table_small to registry ResourceKey[minecraft:root / minecraft:block]
[05May2026 20:08:58.867] [main/DEBUG] [com.tterrag.registrate.AbstractRegistrate/REGISTRATE.REGISTER]: Registered fantasyfurniture:dunmer/table_wide to registry ResourceKey[minecraft:root / minecraft:block]
[05May2026 20:08:58.868] [main/DEBUG] [com.tterrag.registrate.AbstractRegistrate/REGISTRATE.REGISTER]: Registered fantasyfurniture:dunmer/table_large to registry ResourceKey[minecraft:root / minecraft:block]
[05May2026 20:08:58.868] [main/DEBUG] [com.tterrag.registrate.AbstractRegistrate/REGISTRATE.REGISTER]: Registered fantasyfurniture:dunmer/stool to registry ResourceKey[minecraft:root / minecraft:block]
[05May2026 20:08:58.868] [main/DEBUG] [com.tterrag.registrate.AbstractRegistrate/REGISTRATE.REGISTER]: Registered fantasyfurniture:dunmer/cushion to registry ResourceKey[minecraft:root / minecraft:block]
[05May2026 20:08:58.868] [main/DEBUG] [com.tterrag.registrate.AbstractRegistrate/REGISTRATE.REGISTER]: Registered fantasyfurniture:dunmer/painting_small to registry ResourceKey[minecraft:root / minecraft:block]
[05May2026 20:08:58.869] [main/DEBUG] [com.tterrag.registrate.AbstractRegistrate/REGISTRATE.REGISTER]: Registered fantasyfurniture:dunmer/painting_wide to registry ResourceKey[minecraft:root / minecraft:block]
[05May2026 20:08:58.869] [main/DEBUG] [com.tterrag.registrate.AbstractRegistrate/REGISTRATE.REGISTER]: Registered fantasyfurniture:dunmer/drawer to registry ResourceKey[minecraft:root / minecraft:block]
[05May2026 20:08:58.869] [main/DEBUG] [com.tterrag.registrate.AbstractRegistrate/REGISTRATE.REGISTER]: Registered fantasyfurniture:dunmer/shelf to registry ResourceKey[minecraft:root / minecraft:block]
[05May2026 20:08:58.871] [main/DEBUG] [com.tterrag.registrate.AbstractRegistrate/REGISTRATE.REGISTER]: Registered fantasyfurniture:dunmer/sofa to registry ResourceKey[minecraft:root / minecraft:block]
[05May2026 20:08:58.871] [main/DEBUG] [com.tterrag.registrate.AbstractRegistrate/REGISTRATE.REGISTER]: Registered fantasyfurniture:dunmer/desk_left to registry ResourceKey[minecraft:root / minecraft:block]
[05May2026 20:08:58.872] [main/DEBUG] [com.tterrag.registrate.AbstractRegistrate/REGISTRATE.REGISTER]: Registered fantasyfurniture:dunmer/desk_right to registry ResourceKey[minecraft:root / minecraft:block]
[05May2026 20:08:58.874] [main/DEBUG] [com.tterrag.registrate.AbstractRegistrate/REGISTRATE.REGISTER]: Registered fantasyfurniture:dunmer/chair to registry ResourceKey[minecraft:root / minecraft:block]
[05May2026 20:08:58.875] [main/DEBUG] [com.tterrag.registrate.AbstractRegistrate/REGISTRATE.REGISTER]: Registered fantasyfurniture:dunmer/bench to registry ResourceKey[minecraft:root / minecraft:block]
[05May2026 20:08:58.876] [main/DEBUG] [com.tterrag.registrate.AbstractRegistrate/REGISTRATE.REGISTER]: Registered fantasyfurniture:dunmer/bookshelf to registry ResourceKey[minecraft:root / minecraft:block]
[05May2026 20:08:58.876] [main/DEBUG] [com.tterrag.registrate.AbstractRegistrate/REGISTRATE.REGISTER]: Registered fantasyfurniture:dunmer/chest to registry ResourceKey[minecraft:root / minecraft:block]
[05May2026 20:08:58.877] [main/DEBUG] [com.tterrag.registrate.AbstractRegistrate/REGISTRATE.REGISTER]: Registered fantasyfurniture:dunmer/dresser to registry ResourceKey[minecraft:root / minecraft:block]
[05May2026 20:08:58.878] [main/DEBUG] [com.tterrag.registrate.AbstractRegistrate/REGISTRATE.REGISTER]: Registered fantasyfurniture:dunmer/wardrobe_bottom to registry ResourceKey[minecraft:root / minecraft:block]
[05May2026 20:08:58.879] [main/DEBUG] [com.tterrag.registrate.AbstractRegistrate/REGISTRATE.REGISTER]: Registered fantasyfurniture:dunmer/wardrobe_top to registry ResourceKey[minecraft:root / minecraft:block]
[05May2026 20:08:58.879] [main/DEBUG] [com.tterrag.registrate.AbstractRegistrate/REGISTRATE.REGISTER]: Registered fantasyfurniture:dunmer/bed_single to registry ResourceKey[minecraft:root / minecraft:block]
[05May2026 20:08:58.881] [main/DEBUG] [com.tterrag.registrate.AbstractRegistrate/REGISTRATE.REGISTER]: Registered fantasyfurniture:dunmer/bed_double to registry ResourceKey[minecraft:root / minecraft:block]
[05May2026 20:08:58.881] [main/DEBUG] [com.tterrag.registrate.AbstractRegistrate/REGISTRATE.REGISTER]: Registered fantasyfurniture:dunmer/chandelier to registry ResourceKey[minecraft:root / minecraft:block]
[05May2026 20:08:58.881] [main/DEBUG] [com.tterrag.registrate.AbstractRegistrate/REGISTRATE.REGISTER]: Registered fantasyfurniture:dunmer/door_single to registry ResourceKey[minecraft:root / minecraft:block]
[05May2026 20:08:58.882] [main/DEBUG] [com.tterrag.registrate.AbstractRegistrate/REGISTRATE.REGISTER]: Registered fantasyfurniture:dunmer/door_double to registry ResourceKey[minecraft:root / minecraft:block]
[05May2026 20:08:58.883] [main/DEBUG] [com.tterrag.registrate.AbstractRegistrate/REGISTRATE.REGISTER]: Registered fantasyfurniture:dunmer/lockbox to registry ResourceKey[minecraft:root / minecraft:block]
[05May2026 20:08:58.883] [main/DEBUG] [com.tterrag.registrate.AbstractRegistrate/REGISTRATE.REGISTER]: Registered fantasyfurniture:dunmer/counter to registry ResourceKey[minecraft:root / minecraft:block]
[05May2026 20:08:58.883] [main/DEBUG] [com.tterrag.registrate.AbstractRegistrate/REGISTRATE.REGISTER]: Registered fantasyfurniture:dunmer/oven to registry ResourceKey[minecraft:root / minecraft:block]
[05May2026 20:08:58.884] [main/DEBUG] [com.tterrag.registrate.AbstractRegistrate/REGISTRATE.REGISTER]: Registered fantasyfurniture:venthyr/wool to registry ResourceKey[minecraft:root / minecraft:block]
[05May2026 20:08:58.884] [main/DEBUG] [com.tterrag.registrate.AbstractRegistrate/REGISTRATE.REGISTER]: Registered fantasyfurniture:venthyr/carpet to registry ResourceKey[minecraft:root / minecraft:block]
[05May2026 20:08:58.884] [main/DEBUG] [com.tterrag.registrate.AbstractRegistrate/REGISTRATE.REGISTER]: Registered fantasyfurniture:venthyr/wall_light to registry ResourceKey[minecraft:root / minecraft:block]
[05May2026 20:08:58.884] [main/DEBUG] [com.tterrag.registrate.AbstractRegistrate/REGISTRATE.REGISTER]: Registered fantasyfurniture:venthyr/floor_light to registry ResourceKey[minecraft:root / minecraft:block]
[05May2026 20:08:58.884] [main/DEBUG] [com.tterrag.registrate.AbstractRegistrate/REGISTRATE.REGISTER]: Registered fantasyfurniture:venthyr/table_small to registry ResourceKey[minecraft:root / minecraft:block]
[05May2026 20:08:58.884] [main/DEBUG] [com.tterrag.registrate.AbstractRegistrate/REGISTRATE.REGISTER]: Registered fantasyfurniture:venthyr/table_small_fancy to registry ResourceKey[minecraft:root / minecraft:block]
[05May2026 20:08:58.885] [main/DEBUG] [com.tterrag.registrate.AbstractRegistrate/REGISTRATE.REGISTER]: Registered fantasyfurniture:venthyr/table_wide to registry ResourceKey[minecraft:root / minecraft:block]
[05May2026 20:08:58.885] [main/DEBUG] [com.tterrag.registrate.AbstractRegistrate/REGISTRATE.REGISTER]: Registered fantasyfurniture:venthyr/table_wide_fancy to registry ResourceKey[minecraft:root / minecraft:block]
[05May2026 20:08:58.885] [main/DEBUG] [com.tterrag.registrate.AbstractRegistrate/REGISTRATE.REGISTER]: Registered fantasyfurniture:venthyr/table_large to registry ResourceKey[minecraft:root / minecraft:block]
[05May2026 20:08:58.886] [main/DEBUG] [com.tterrag.registrate.AbstractRegistrate/REGISTRATE.REGISTER]: Registered fantasyfurniture:venthyr/table_large_fancy to registry ResourceKey[minecraft:root / minecraft:block]
[05May2026 20:08:58.886] [main/DEBUG] [com.tterrag.registrate.AbstractRegistrate/REGISTRATE.REGISTER]: Registered fantasyfurniture:venthyr/stool to registry ResourceKey[minecraft:root / minecraft:block]
[05May2026 20:08:58.886] [main/DEBUG] [com.tterrag.registrate.AbstractRegistrate/REGISTRATE.REGISTER]: Registered fantasyfurniture:venthyr/cushion to registry ResourceKey[minecraft:root / minecraft:block]
[05May2026 20:08:58.887] [main/DEBUG] [com.tterrag.registrate.AbstractRegistrate/REGISTRATE.REGISTER]: Registered fantasyfurniture:venthyr/painting_small to registry ResourceKey[minecraft:root / minecraft:block]
[05May2026 20:08:58.887] [main/DEBUG] [com.tterrag.registrate.AbstractRegistrate/REGISTRATE.REGISTER]: Registered fantasyfurniture:venthyr/painting_wide to registry ResourceKey[minecraft:root / minecraft:block]
[05May2026 20:08:58.888] [main/DEBUG] [com.tterrag.registrate.AbstractRegistrate/REGISTRATE.REGISTER]: Registered fantasyfurniture:venthyr/drawer to registry ResourceKey[minecraft:root / minecraft:block]
[05May2026 20:08:58.888] [main/DEBUG] [com.tterrag.registrate.AbstractRegistrate/REGISTRATE.REGISTER]: Registered fantasyfurniture:venthyr/shelf to registry ResourceKey[minecraft:root / minecraft:block]
[05May2026 20:08:58.889] [main/DEBUG] [com.tterrag.registrate.AbstractRegistrate/REGISTRATE.REGISTER]: Registered fantasyfurniture:venthyr/sofa to registry ResourceKey[minecraft:root / minecraft:block]
[05May2026 20:08:58.890] [main/DEBUG] [com.tterrag.registrate.AbstractRegistrate/REGISTRATE.REGISTER]: Registered fantasyfurniture:venthyr/desk_left to registry ResourceKey[minecraft:root / minecraft:block]
[05May2026 20:08:58.890] [main/DEBUG] [com.tterrag.registrate.AbstractRegistrate/REGISTRATE.REGISTER]: Registered fantasyfurniture:venthyr/desk_right to registry ResourceKey[minecraft:root / minecraft:block]
[05May2026 20:08:58.891] [main/DEBUG] [com.tterrag.registrate.AbstractRegistrate/REGISTRATE.REGISTER]: Registered fantasyfurniture:venthyr/chair to registry ResourceKey[minecraft:root / minecraft:block]
[05May2026 20:08:58.892] [main/DEBUG] [com.tterrag.registrate.AbstractRegistrate/REGISTRATE.REGISTER]: Registered fantasyfurniture:venthyr/bench to registry ResourceKey[minecraft:root / minecraft:block]
[05May2026 20:08:58.893] [main/DEBUG] [com.tterrag.registrate.AbstractRegistrate/REGISTRATE.REGISTER]: Registered fantasyfurniture:venthyr/bookshelf to registry ResourceKey[minecraft:root / minecraft:block]
[05May2026 20:08:58.893] [main/DEBUG] [com.tterrag.registrate.AbstractRegistrate/REGISTRATE.REGISTER]: Registered fantasyfurniture:venthyr/chest to registry ResourceKey[minecraft:root / minecraft:block]
[05May2026 20:08:58.893] [main/DEBUG] [com.tterrag.registrate.AbstractRegistrate/REGISTRATE.REGISTER]: Registered fantasyfurniture:venthyr/dresser to registry ResourceKey[minecraft:root / minecraft:block]
[05May2026 20:08:58.894] [main/DEBUG] [com.tterrag.registrate.AbstractRegistrate/REGISTRATE.REGISTER]: Registered fantasyfurniture:venthyr/wardrobe_bottom to registry ResourceKey[minecraft:root / minecraft:block]
[05May2026 20:08:58.894] [main/DEBUG] [com.tterrag.registrate.AbstractRegistrate/REGISTRATE.REGISTER]: Registered fantasyfurniture:venthyr/wardrobe_top to registry ResourceKey[minecraft:root / minecraft:block]
[05May2026 20:08:58.895] [main/DEBUG] [com.tterrag.registrate.AbstractRegistrate/REGISTRATE.REGISTER]: Registered fantasyfurniture:venthyr/bed_single to registry ResourceKey[minecraft:root / minecraft:block]
[05May2026 20:08:58.896] [main/DEBUG] [com.tterrag.registrate.AbstractRegistrate/REGISTRATE.REGISTER]: Registered fantasyfurniture:venthyr/bed_double to registry ResourceKey[minecraft:root / minecraft:block]
[05May2026 20:08:58.896] [main/DEBUG] [com.tterrag.registrate.AbstractRegistrate/REGISTRATE.REGISTER]: Registered fantasyfurniture:venthyr/chandelier to registry ResourceKey[minecraft:root / minecraft:block]
[05May2026 20:08:58.897] [main/DEBUG] [com.tterrag.registrate.AbstractRegistrate/REGISTRATE.REGISTER]: Registered fantasyfurniture:venthyr/door_single to registry ResourceKey[minecraft:root / minecraft:block]
[05May2026 20:08:58.898] [main/DEBUG] [com.tterrag.registrate.AbstractRegistrate/REGISTRATE.REGISTER]: Registered fantasyfurniture:venthyr/door_double to registry ResourceKey[minecraft:root / minecraft:block]
[05May2026 20:08:58.898] [main/DEBUG] [com.tterrag.registrate.AbstractRegistrate/REGISTRATE.REGISTER]: Registered fantasyfurniture:venthyr/lockbox to registry ResourceKey[minecraft:root / minecraft:block]
[05May2026 20:08:58.898] [main/DEBUG] [com.tterrag.registrate.AbstractRegistrate/REGISTRATE.REGISTER]: Registered fantasyfurniture:venthyr/counter to registry ResourceKey[minecraft:root / minecraft:block]
[05May2026 20:08:58.898] [main/DEBUG] [com.tterrag.registrate.AbstractRegistrate/REGISTRATE.REGISTER]: Registered fantasyfurniture:venthyr/oven to registry ResourceKey[minecraft:root / minecraft:block]
[05May2026 20:08:58.898] [main/DEBUG] [com.tterrag.registrate.AbstractRegistrate/REGISTRATE.REGISTER]: Registered fantasyfurniture:bone/skeleton/wool to registry ResourceKey[minecraft:root / minecraft:block]
[05May2026 20:08:58.898] [main/DEBUG] [com.tterrag.registrate.AbstractRegistrate/REGISTRATE.REGISTER]: Registered fantasyfurniture:bone/skeleton/carpet to registry ResourceKey[minecraft:root / minecraft:block]
[05May2026 20:08:58.898] [main/DEBUG] [com.tterrag.registrate.AbstractRegistrate/REGISTRATE.REGISTER]: Registered fantasyfurniture:bone/skeleton/wall_light to registry ResourceKey[minecraft:root / minecraft:block]
[05May2026 20:08:58.899] [main/DEBUG] [com.tterrag.registrate.AbstractRegistrate/REGISTRATE.REGISTER]: Registered fantasyfurniture:bone/skeleton/floor_light to registry ResourceKey[minecraft:root / minecraft:block]
[05May2026 20:08:58.899] [main/DEBUG] [com.tterrag.registrate.AbstractRegistrate/REGISTRATE.REGISTER]: Registered fantasyfurniture:bone/skeleton/table_small to registry ResourceKey[minecraft:root / minecraft:block]
[05May2026 20:08:58.900] [main/DEBUG] [com.tterrag.registrate.AbstractRegistrate/REGISTRATE.REGISTER]: Registered fantasyfurniture:bone/skeleton/table_wide to registry ResourceKey[minecraft:root / minecraft:block]
[05May2026 20:08:58.900] [main/DEBUG] [com.tterrag.registrate.AbstractRegistrate/REGISTRATE.REGISTER]: Registered fantasyfurniture:bone/skeleton/table_large to registry ResourceKey[minecraft:root / minecraft:block]
[05May2026 20:08:58.900] [main/DEBUG] [com.tterrag.registrate.AbstractRegistrate/REGISTRATE.REGISTER]: Registered fantasyfurniture:bone/skeleton/stool to registry ResourceKey[minecraft:root / minecraft:block]
[05May2026 20:08:58.901] [main/DEBUG] [com.tterrag.registrate.AbstractRegistrate/REGISTRATE.REGISTER]: Registered fantasyfurniture:bone/skeleton/skull to registry ResourceKey[minecraft:root / minecraft:block]
[05May2026 20:08:58.901] [main/DEBUG] [com.tterrag.registrate.AbstractRegistrate/REGISTRATE.REGISTER]: Registered fantasyfurniture:bone/skeleton/painting_small to registry ResourceKey[minecraft:root / minecraft:block]
[05May2026 20:08:58.901] [main/DEBUG] [com.tterrag.registrate.AbstractRegistrate/REGISTRATE.REGISTER]: Registered fantasyfurniture:bone/skeleton/painting_wide to registry ResourceKey[minecraft:root / minecraft:block]
[05May2026 20:08:58.901] [main/DEBUG] [com.tterrag.registrate.AbstractRegistrate/REGISTRATE.REGISTER]: Registered fantasyfurniture:bone/skeleton/drawer to registry ResourceKey[minecraft:root / minecraft:block]
[05May2026 20:08:58.902] [main/DEBUG] [com.tterrag.registrate.AbstractRegistrate/REGISTRATE.REGISTER]: Registered fantasyfurniture:bone/skeleton/shelf to registry ResourceKey[minecraft:root / minecraft:block]
[05May2026 20:08:58.903] [main/DEBUG] [com.tterrag.registrate.AbstractRegistrate/REGISTRATE.REGISTER]: Registered fantasyfurniture:bone/skeleton/sofa to registry ResourceKey[minecraft:root / minecraft:block]
[05May2026 20:08:58.904] [main/DEBUG] [com.tterrag.registrate.AbstractRegistrate/REGISTRATE.REGISTER]: Registered fantasyfurniture:bone/skeleton/desk_left to registry ResourceKey[minecraft:root / minecraft:block]
[05May2026 20:08:58.904] [main/DEBUG] [com.tterrag.registrate.AbstractRegistrate/REGISTRATE.REGISTER]: Registered fantasyfurniture:bone/skeleton/desk_right to registry ResourceKey[minecraft:root / minecraft:block]
[05May2026 20:08:58.905] [main/DEBUG] [com.tterrag.registrate.AbstractRegistrate/REGISTRATE.REGISTER]: Registered fantasyfurniture:bone/skeleton/chair to registry ResourceKey[minecraft:root / minecraft:block]
[05May2026 20:08:58.905] [main/DEBUG] [com.tterrag.registrate.AbstractRegistrate/REGISTRATE.REGISTER]: Registered fantasyfurniture:bone/skeleton/bench to registry ResourceKey[minecraft:root / minecraft:block]
[05May2026 20:08:58.906] [main/DEBUG] [com.tterrag.registrate.AbstractRegistrate/REGISTRATE.REGISTER]: Registered fantasyfurniture:bone/skeleton/bookshelf to registry ResourceKey[minecraft:root / minecraft:block]
[05May2026 20:08:58.907] [main/DEBUG] [com.tterrag.registrate.AbstractRegistrate/REGISTRATE.REGISTER]: Registered fantasyfurniture:bone/skeleton/chest to registry ResourceKey[minecraft:root / minecraft:block]
[05May2026 20:08:58.907] [main/DEBUG] [com.tterrag.registrate.AbstractRegistrate/REGISTRATE.REGISTER]: Registered fantasyfurniture:bone/skeleton/dresser to registry ResourceKey[minecraft:root / minecraft:block]
[05May2026 20:08:58.908] [main/DEBUG] [com.tterrag.registrate.AbstractRegistrate/REGISTRATE.REGISTER]: Registered fantasyfurniture:bone/skeleton/wardrobe_bottom to registry ResourceKey[minecraft:root / minecraft:block]
[05May2026 20:08:58.908] [main/DEBUG] [com.tterrag.registrate.AbstractRegistrate/REGISTRATE.REGISTER]: Registered fantasyfurniture:bone/skeleton/wardrobe_top to registry ResourceKey[minecraft:root / minecraft:block]
[05May2026 20:08:58.909] [main/DEBUG] [com.tterrag.registrate.AbstractRegistrate/REGISTRATE.REGISTER]: Registered fantasyfurniture:bone/skeleton/bed_single to registry ResourceKey[minecraft:root / minecraft:block]
[05May2026 20:08:58.910] [main/DEBUG] [com.tterrag.registrate.AbstractRegistrate/REGISTRATE.REGISTER]: Registered fantasyfurniture:bone/skeleton/bed_double to registry ResourceKey[minecraft:root / minecraft:block]
[05May2026 20:08:58.910] [main/DEBUG] [com.tterrag.registrate.AbstractRegistrate/REGISTRATE.REGISTER]: Registered fantasyfurniture:bone/skeleton/chandelier to registry ResourceKey[minecraft:root / minecraft:block]
[05May2026 20:08:58.911] [main/DEBUG] [com.tterrag.registrate.AbstractRegistrate/REGISTRATE.REGISTER]: Registered fantasyfurniture:bone/skeleton/door_single to registry ResourceKey[minecraft:root / minecraft:block]
[05May2026 20:08:58.912] [main/DEBUG] [com.tterrag.registrate.AbstractRegistrate/REGISTRATE.REGISTER]: Registered fantasyfurniture:bone/skeleton/door_double to registry ResourceKey[minecraft:root / minecraft:block]
[05May2026 20:08:58.912] [main/DEBUG] [com.tterrag.registrate.AbstractRegistrate/REGISTRATE.REGISTER]: Registered fantasyfurniture:bone/skeleton/lockbox to registry ResourceKey[minecraft:root / minecraft:block]
[05May2026 20:08:58.912] [main/DEBUG] [com.tterrag.registrate.AbstractRegistrate/REGISTRATE.REGISTER]: Registered fantasyfurniture:bone/skeleton/counter to registry ResourceKey[minecraft:root / minecraft:block]
[05May2026 20:08:58.912] [main/DEBUG] [com.tterrag.registrate.AbstractRegistrate/REGISTRATE.REGISTER]: Registered fantasyfurniture:bone/skeleton/oven to registry ResourceKey[minecraft:root / minecraft:block]
[05May2026 20:08:58.912] [main/DEBUG] [com.tterrag.registrate.AbstractRegistrate/REGISTRATE.REGISTER]: Registered fantasyfurniture:bone/wither/wool to registry ResourceKey[minecraft:root / minecraft:block]
[05May2026 20:08:58.912] [main/DEBUG] [com.tterrag.registrate.AbstractRegistrate/REGISTRATE.REGISTER]: Registered fantasyfurniture:bone/wither/carpet to registry ResourceKey[minecraft:root / minecraft:block]
[05May2026 20:08:58.913] [main/DEBUG] [com.tterrag.registrate.AbstractRegistrate/REGISTRATE.REGISTER]: Registered fantasyfurniture:bone/wither/wall_light to registry ResourceKey[minecraft:root / minecraft:block]
[05May2026 20:08:58.913] [main/DEBUG] [com.tterrag.registrate.AbstractRegistrate/REGISTRATE.REGISTER]: Registered fantasyfurniture:bone/wither/floor_light to registry ResourceKey[minecraft:root / minecraft:block]
[05May2026 20:08:58.913] [main/DEBUG] [com.tterrag.registrate.AbstractRegistrate/REGISTRATE.REGISTER]: Registered fantasyfurniture:bone/wither/table_small to registry ResourceKey[minecraft:root / minecraft:block]
[05May2026 20:08:58.914] [main/DEBUG] [com.tterrag.registrate.AbstractRegistrate/REGISTRATE.REGISTER]: Registered fantasyfurniture:bone/wither/table_wide to registry ResourceKey[minecraft:root / minecraft:block]
[05May2026 20:08:58.914] [main/DEBUG] [com.tterrag.registrate.AbstractRegistrate/REGISTRATE.REGISTER]: Registered fantasyfurniture:bone/wither/table_large to registry ResourceKey[minecraft:root / minecraft:block]
[05May2026 20:08:58.915] [main/DEBUG] [com.tterrag.registrate.AbstractRegistrate/REGISTRATE.REGISTER]: Registered fantasyfurniture:bone/wither/stool to registry ResourceKey[minecraft:root / minecraft:block]
[05May2026 20:08:58.915] [main/DEBUG] [com.tterrag.registrate.AbstractRegistrate/REGISTRATE.REGISTER]: Registered fantasyfurniture:bone/wither/skull to registry ResourceKey[minecraft:root / minecraft:block]
[05May2026 20:08:58.915] [main/DEBUG] [com.tterrag.registrate.AbstractRegistrate/REGISTRATE.REGISTER]: Registered fantasyfurniture:bone/wither/painting_small to registry ResourceKey[minecraft:root / minecraft:block]
[05May2026 20:08:58.915] [main/DEBUG] [com.tterrag.registrate.AbstractRegistrate/REGISTRATE.REGISTER]: Registered fantasyfurniture:bone/wither/painting_wide to registry ResourceKey[minecraft:root / minecraft:block]
[05May2026 20:08:58.915] [main/DEBUG] [com.tterrag.registrate.AbstractRegistrate/REGISTRATE.REGISTER]: Registered fantasyfurniture:bone/wither/drawer to registry ResourceKey[minecraft:root / minecraft:block]
[05May2026 20:08:58.916] [main/DEBUG] [com.tterrag.registrate.AbstractRegistrate/REGISTRATE.REGISTER]: Registered fantasyfurniture:bone/wither/shelf to registry ResourceKey[minecraft:root / minecraft:block]
[05May2026 20:08:58.917] [main/DEBUG] [com.tterrag.registrate.AbstractRegistrate/REGISTRATE.REGISTER]: Registered fantasyfurniture:bone/wither/sofa to registry ResourceKey[minecraft:root / minecraft:block]
[05May2026 20:08:58.918] [main/DEBUG] [com.tterrag.registrate.AbstractRegistrate/REGISTRATE.REGISTER]: Registered fantasyfurniture:bone/wither/desk_left to registry ResourceKey[minecraft:root / minecraft:block]
[05May2026 20:08:58.918] [main/DEBUG] [com.tterrag.registrate.AbstractRegistrate/REGISTRATE.REGISTER]: Registered fantasyfurniture:bone/wither/desk_right to registry ResourceKey[minecraft:root / minecraft:block]
[05May2026 20:08:58.919] [main/DEBUG] [com.tterrag.registrate.AbstractRegistrate/REGISTRATE.REGISTER]: Registered fantasyfurniture:bone/wither/chair to registry ResourceKey[minecraft:root / minecraft:block]
[05May2026 20:08:58.919] [main/DEBUG] [com.tterrag.registrate.AbstractRegistrate/REGISTRATE.REGISTER]: Registered fantasyfurniture:bone/wither/bench to registry ResourceKey[minecraft:root / minecraft:block]
[05May2026 20:08:58.920] [main/DEBUG] [com.tterrag.registrate.AbstractRegistrate/REGISTRATE.REGISTER]: Registered fantasyfurniture:bone/wither/bookshelf to registry ResourceKey[minecraft:root / minecraft:block]
[05May2026 20:08:58.920] [main/DEBUG] [com.tterrag.registrate.AbstractRegistrate/REGISTRATE.REGISTER]: Registered fantasyfurniture:bone/wither/chest to registry ResourceKey[minecraft:root / minecraft:block]
[05May2026 20:08:58.920] [main/DEBUG] [com.tterrag.registrate.AbstractRegistrate/REGISTRATE.REGISTER]: Registered fantasyfurniture:bone/wither/dresser to registry ResourceKey[minecraft:root / minecraft:block]
[05May2026 20:08:58.921] [main/DEBUG] [com.tterrag.registrate.AbstractRegistrate/REGISTRATE.REGISTER]: Registered fantasyfurniture:bone/wither/wardrobe_bottom to registry ResourceKey[minecraft:root / minecraft:block]
[05May2026 20:08:58.921] [main/DEBUG] [com.tterrag.registrate.AbstractRegistrate/REGISTRATE.REGISTER]: Registered fantasyfurniture:bone/wither/wardrobe_top to registry ResourceKey[minecraft:root / minecraft:block]
[05May2026 20:08:58.922] [main/DEBUG] [com.tterrag.registrate.AbstractRegistrate/REGISTRATE.REGISTER]: Registered fantasyfurniture:bone/wither/bed_single to registry ResourceKey[minecraft:root / minecraft:block]
[05May2026 20:08:58.923] [main/DEBUG] [com.tterrag.registrate.AbstractRegistrate/REGISTRATE.REGISTER]: Registered fantasyfurniture:bone/wither/bed_double to registry ResourceKey[minecraft:root / minecraft:block]
[05May2026 20:08:58.923] [main/DEBUG] [com.tterrag.registrate.AbstractRegistrate/REGISTRATE.REGISTER]: Registered fantasyfurniture:bone/wither/chandelier to registry ResourceKey[minecraft:root / minecraft:block]
[05May2026 20:08:58.924] [main/DEBUG] [com.tterrag.registrate.AbstractRegistrate/REGISTRATE.REGISTER]: Registered fantasyfurniture:bone/wither/door_single to registry ResourceKey[minecraft:root / minecraft:block]
[05May2026 20:08:58.924] [main/DEBUG] [com.tterrag.registrate.AbstractRegistrate/REGISTRATE.REGISTER]: Registered fantasyfurniture:bone/wither/door_double to registry ResourceKey[minecraft:root / minecraft:block]
[05May2026 20:08:58.925] [main/DEBUG] [com.tterrag.registrate.AbstractRegistrate/REGISTRATE.REGISTER]: Registered fantasyfurniture:bone/wither/lockbox to registry ResourceKey[minecraft:root / minecraft:block]
[05May2026 20:08:58.925] [main/DEBUG] [com.tterrag.registrate.AbstractRegistrate/REGISTRATE.REGISTER]: Registered fantasyfurniture:bone/wither/counter to registry ResourceKey[minecraft:root / minecraft:block]
[05May2026 20:08:58.925] [main/DEBUG] [com.tterrag.registrate.AbstractRegistrate/REGISTRATE.REGISTER]: Registered fantasyfurniture:bone/wither/oven to registry ResourceKey[minecraft:root / minecraft:block]
[05May2026 20:08:58.926] [main/DEBUG] [com.tterrag.registrate.AbstractRegistrate/REGISTRATE.REGISTER]: Registered fantasyfurniture:royal/wool to registry ResourceKey[minecraft:root / minecraft:block]
[05May2026 20:08:58.926] [main/DEBUG] [com.tterrag.registrate.AbstractRegistrate/REGISTRATE.REGISTER]: Registered fantasyfurniture:royal/carpet to registry ResourceKey[minecraft:root / minecraft:block]
[05May2026 20:08:58.926] [main/DEBUG] [com.tterrag.registrate.AbstractRegistrate/REGISTRATE.REGISTER]: Registered fantasyfurniture:royal/wall_light to registry ResourceKey[minecraft:root / minecraft:block]
[05May2026 20:08:58.927] [main/DEBUG] [com.tterrag.registrate.AbstractRegistrate/REGISTRATE.REGISTER]: Registered fantasyfurniture:royal/floor_light to registry ResourceKey[minecraft:root / minecraft:block]
[05May2026 20:08:58.930] [main/DEBUG] [com.tterrag.registrate.AbstractRegistrate/REGISTRATE.REGISTER]: Registered fantasyfurniture:royal/table_small to registry ResourceKey[minecraft:root / minecraft:block]
[05May2026 20:08:58.940] [main/DEBUG] [com.tterrag.registrate.AbstractRegistrate/REGISTRATE.REGISTER]: Registered fantasyfurniture:royal/table_wide to registry ResourceKey[minecraft:root / minecraft:block]
[05May2026 20:08:58.959] [main/DEBUG] [com.tterrag.registrate.AbstractRegistrate/REGISTRATE.REGISTER]: Registered fantasyfurniture:royal/table_large to registry ResourceKey[minecraft:root / minecraft:block]
[05May2026 20:08:58.966] [main/DEBUG] [com.tterrag.registrate.AbstractRegistrate/REGISTRATE.REGISTER]: Registered fantasyfurniture:royal/stool to registry ResourceKey[minecraft:root / minecraft:block]
[05May2026 20:08:58.974] [main/DEBUG] [com.tterrag.registrate.AbstractRegistrate/REGISTRATE.REGISTER]: Registered fantasyfurniture:royal/cushion to registry ResourceKey[minecraft:root / minecraft:block]
[05May2026 20:08:58.975] [main/DEBUG] [com.tterrag.registrate.AbstractRegistrate/REGISTRATE.REGISTER]: Registered fantasyfurniture:royal/painting_small to registry ResourceKey[minecraft:root / minecraft:block]
[05May2026 20:08:58.976] [main/DEBUG] [com.tterrag.registrate.AbstractRegistrate/REGISTRATE.REGISTER]: Registered fantasyfurniture:royal/painting_wide to registry ResourceKey[minecraft:root / minecraft:block]
[05May2026 20:08:58.979] [main/DEBUG] [com.tterrag.registrate.AbstractRegistrate/REGISTRATE.REGISTER]: Registered fantasyfurniture:royal/drawer to registry ResourceKey[minecraft:root / minecraft:block]
[05May2026 20:08:58.995] [main/DEBUG] [com.tterrag.registrate.AbstractRegistrate/REGISTRATE.REGISTER]: Registered fantasyfurniture:royal/shelf to registry ResourceKey[minecraft:root / minecraft:block]
[05May2026 20:08:59.041] [main/DEBUG] [com.tterrag.registrate.AbstractRegistrate/REGISTRATE.REGISTER]: Registered fantasyfurniture:royal/sofa to registry ResourceKey[minecraft:root / minecraft:block]
[05May2026 20:08:59.051] [main/DEBUG] [com.tterrag.registrate.AbstractRegistrate/REGISTRATE.REGISTER]: Registered fantasyfurniture:royal/desk_left to registry ResourceKey[minecraft:root / minecraft:block]
[05May2026 20:08:59.061] [main/DEBUG] [com.tterrag.registrate.AbstractRegistrate/REGISTRATE.REGISTER]: Registered fantasyfurniture:royal/desk_right to registry ResourceKey[minecraft:root / minecraft:block]
[05May2026 20:08:59.082] [main/DEBUG] [com.tterrag.registrate.AbstractRegistrate/REGISTRATE.REGISTER]: Registered fantasyfurniture:royal/chair to registry ResourceKey[minecraft:root / minecraft:block]
[05May2026 20:08:59.104] [main/DEBUG] [com.tterrag.registrate.AbstractRegistrate/REGISTRATE.REGISTER]: Registered fantasyfurniture:royal/bench to registry ResourceKey[minecraft:root / minecraft:block]
[05May2026 20:08:59.122] [main/DEBUG] [com.tterrag.registrate.AbstractRegistrate/REGISTRATE.REGISTER]: Registered fantasyfurniture:royal/bookshelf to registry ResourceKey[minecraft:root / minecraft:block]
[05May2026 20:08:59.131] [main/DEBUG] [com.tterrag.registrate.AbstractRegistrate/REGISTRATE.REGISTER]: Registered fantasyfurniture:royal/chest to registry ResourceKey[minecraft:root / minecraft:block]
[05May2026 20:08:59.141] [main/DEBUG] [com.tterrag.registrate.AbstractRegistrate/REGISTRATE.REGISTER]: Registered fantasyfurniture:royal/dresser to registry ResourceKey[minecraft:root / minecraft:block]
[05May2026 20:08:59.158] [main/DEBUG] [com.tterrag.registrate.AbstractRegistrate/REGISTRATE.REGISTER]: Registered fantasyfurniture:royal/wardrobe_bottom to registry ResourceKey[minecraft:root / minecraft:block]
[05May2026 20:08:59.167] [main/DEBUG] [com.tterrag.registrate.AbstractRegistrate/REGISTRATE.REGISTER]: Registered fantasyfurniture:royal/wardrobe_top to registry ResourceKey[minecraft:root / minecraft:block]
[05May2026 20:08:59.187] [main/DEBUG] [com.tterrag.registrate.AbstractRegistrate/REGISTRATE.REGISTER]: Registered fantasyfurniture:royal/bed_single to registry ResourceKey[minecraft:root / minecraft:block]
[05May2026 20:08:59.225] [main/DEBUG] [com.tterrag.registrate.AbstractRegistrate/REGISTRATE.REGISTER]: Registered fantasyfurniture:royal/bed_double to registry ResourceKey[minecraft:root / minecraft:block]
[05May2026 20:08:59.225] [main/DEBUG] [com.tterrag.registrate.AbstractRegistrate/REGISTRATE.REGISTER]: Registered fantasyfurniture:royal/chandelier to registry ResourceKey[minecraft:root / minecraft:block]
[05May2026 20:08:59.240] [main/DEBUG] [com.tterrag.registrate.AbstractRegistrate/REGISTRATE.REGISTER]: Registered fantasyfurniture:royal/door_single to registry ResourceKey[minecraft:root / minecraft:block]
[05May2026 20:08:59.256] [main/DEBUG] [com.tterrag.registrate.AbstractRegistrate/REGISTRATE.REGISTER]: Registered fantasyfurniture:royal/door_double to registry ResourceKey[minecraft:root / minecraft:block]
[05May2026 20:08:59.259] [main/DEBUG] [com.tterrag.registrate.AbstractRegistrate/REGISTRATE.REGISTER]: Registered fantasyfurniture:royal/lockbox to registry ResourceKey[minecraft:root / minecraft:block]
[05May2026 20:08:59.264] [main/DEBUG] [com.tterrag.registrate.AbstractRegistrate/REGISTRATE.REGISTER]: Registered fantasyfurniture:royal/counter to registry ResourceKey[minecraft:root / minecraft:block]
[05May2026 20:08:59.270] [main/DEBUG] [com.tterrag.registrate.AbstractRegistrate/REGISTRATE.REGISTER]: Registered fantasyfurniture:royal/oven to registry ResourceKey[minecraft:root / minecraft:block]
[05May2026 20:08:59.271] [main/DEBUG] [com.tterrag.registrate.AbstractRegistrate/REGISTRATE.REGISTER]: Registered fantasyfurniture:necrolord/wool to registry ResourceKey[minecraft:root / minecraft:block]
[05May2026 20:08:59.271] [main/DEBUG] [com.tterrag.registrate.AbstractRegistrate/REGISTRATE.REGISTER]: Registered fantasyfurniture:necrolord/carpet to registry ResourceKey[minecraft:root / minecraft:block]
[05May2026 20:08:59.271] [main/DEBUG] [com.tterrag.registrate.AbstractRegistrate/REGISTRATE.REGISTER]: Registered fantasyfurniture:necrolord/wall_light to registry ResourceKey[minecraft:root / minecraft:block]
[05May2026 20:08:59.271] [main/DEBUG] [com.tterrag.registrate.AbstractRegistrate/REGISTRATE.REGISTER]: Registered fantasyfurniture:necrolord/floor_light to registry ResourceKey[minecraft:root / minecraft:block]
[05May2026 20:08:59.271] [main/DEBUG] [com.tterrag.registrate.AbstractRegistrate/REGISTRATE.REGISTER]: Registered fantasyfurniture:necrolord/table_small to registry ResourceKey[minecraft:root / minecraft:block]
[05May2026 20:08:59.272] [main/DEBUG] [com.tterrag.registrate.AbstractRegistrate/REGISTRATE.REGISTER]: Registered fantasyfurniture:necrolord/table_wide to registry ResourceKey[minecraft:root / minecraft:block]
[05May2026 20:08:59.272] [main/DEBUG] [com.tterrag.registrate.AbstractRegistrate/REGISTRATE.REGISTER]: Registered fantasyfurniture:necrolord/table_large to registry ResourceKey[minecraft:root / minecraft:block]
[05May2026 20:08:59.272] [main/DEBUG] [com.tterrag.registrate.AbstractRegistrate/REGISTRATE.REGISTER]: Registered fantasyfurniture:necrolord/stool to registry ResourceKey[minecraft:root / minecraft:block]
[05May2026 20:08:59.272] [main/DEBUG] [com.tterrag.registrate.AbstractRegistrate/REGISTRATE.REGISTER]: Registered fantasyfurniture:necrolord/cushion to registry ResourceKey[minecraft:root / minecraft:block]
[05May2026 20:08:59.273] [main/DEBUG] [com.tterrag.registrate.AbstractRegistrate/REGISTRATE.REGISTER]: Registered fantasyfurniture:necrolord/painting_small to registry ResourceKey[minecraft:root / minecraft:block]
[05May2026 20:08:59.273] [main/DEBUG] [com.tterrag.registrate.AbstractRegistrate/REGISTRATE.REGISTER]: Registered fantasyfurniture:necrolord/painting_wide to registry ResourceKey[minecraft:root / minecraft:block]
[05May2026 20:08:59.273] [main/DEBUG] [com.tterrag.registrate.AbstractRegistrate/REGISTRATE.REGISTER]: Registered fantasyfurniture:necrolord/drawer to registry ResourceKey[minecraft:root / minecraft:block]
[05May2026 20:08:59.273] [main/DEBUG] [com.tterrag.registrate.AbstractRegistrate/REGISTRATE.REGISTER]: Registered fantasyfurniture:necrolord/shelf to registry ResourceKey[minecraft:root / minecraft:block]
[05May2026 20:08:59.274] [main/DEBUG] [com.tterrag.registrate.AbstractRegistrate/REGISTRATE.REGISTER]: Registered fantasyfurniture:necrolord/sofa to registry ResourceKey[minecraft:root / minecraft:block]
[05May2026 20:08:59.275] [main/DEBUG] [com.tterrag.registrate.AbstractRegistrate/REGISTRATE.REGISTER]: Registered fantasyfurniture:necrolord/desk_left to registry ResourceKey[minecraft:root / minecraft:block]
[05May2026 20:08:59.275] [main/DEBUG] [com.tterrag.registrate.AbstractRegistrate/REGISTRATE.REGISTER]: Registered fantasyfurniture:necrolord/desk_right to registry ResourceKey[minecraft:root / minecraft:block]
[05May2026 20:08:59.276] [main/DEBUG] [com.tterrag.registrate.AbstractRegistrate/REGISTRATE.REGISTER]: Registered fantasyfurniture:necrolord/chair to registry ResourceKey[minecraft:root / minecraft:block]
[05May2026 20:08:59.276] [main/DEBUG] [com.tterrag.registrate.AbstractRegistrate/REGISTRATE.REGISTER]: Registered fantasyfurniture:necrolord/bench to registry ResourceKey[minecraft:root / minecraft:block]
[05May2026 20:08:59.277] [main/DEBUG] [com.tterrag.registrate.AbstractRegistrate/REGISTRATE.REGISTER]: Registered fantasyfurniture:necrolord/bookshelf to registry ResourceKey[minecraft:root / minecraft:block]
[05May2026 20:08:59.277] [main/DEBUG] [com.tterrag.registrate.AbstractRegistrate/REGISTRATE.REGISTER]: Registered fantasyfurniture:necrolord/chest to registry ResourceKey[minecraft:root / minecraft:block]
[05May2026 20:08:59.277] [main/DEBUG] [com.tterrag.registrate.AbstractRegistrate/REGISTRATE.REGISTER]: Registered fantasyfurniture:necrolord/dresser to registry ResourceKey[minecraft:root / minecraft:block]
[05May2026 20:08:59.277] [main/DEBUG] [com.tterrag.registrate.AbstractRegistrate/REGISTRATE.REGISTER]: Registered fantasyfurniture:necrolord/wardrobe_bottom to registry ResourceKey[minecraft:root / minecraft:block]
[05May2026 20:08:59.278] [main/DEBUG] [com.tterrag.registrate.AbstractRegistrate/REGISTRATE.REGISTER]: Registered fantasyfurniture:necrolord/wardrobe_top to registry ResourceKey[minecraft:root / minecraft:block]
[05May2026 20:08:59.278] [main/DEBUG] [com.tterrag.registrate.AbstractRegistrate/REGISTRATE.REGISTER]: Registered fantasyfurniture:necrolord/bed_single to registry ResourceKey[minecraft:root / minecraft:block]
[05May2026 20:08:59.279] [main/DEBUG] [com.tterrag.registrate.AbstractRegistrate/REGISTRATE.REGISTER]: Registered fantasyfurniture:necrolord/bed_double to registry ResourceKey[minecraft:root / minecraft:block]
[05May2026 20:08:59.280] [main/DEBUG] [com.tterrag.registrate.AbstractRegistrate/REGISTRATE.REGISTER]: Registered fantasyfurniture:necrolord/chandelier to registry ResourceKey[minecraft:root / minecraft:block]
[05May2026 20:08:59.280] [main/DEBUG] [com.tterrag.registrate.AbstractRegistrate/REGISTRATE.REGISTER]: Registered fantasyfurniture:necrolord/door_single to registry ResourceKey[minecraft:root / minecraft:block]
[05May2026 20:08:59.280] [main/DEBUG] [com.tterrag.registrate.AbstractRegistrate/REGISTRATE.REGISTER]: Registered fantasyfurniture:necrolord/door_double to registry ResourceKey[minecraft:root / minecraft:block]
[05May2026 20:08:59.280] [main/DEBUG] [com.tterrag.registrate.AbstractRegistrate/REGISTRATE.REGISTER]: Registered fantasyfurniture:necrolord/lockbox to registry ResourceKey[minecraft:root / minecraft:block]
[05May2026 20:08:59.281] [main/DEBUG] [com.tterrag.registrate.AbstractRegistrate/REGISTRATE.REGISTER]: Registered fantasyfurniture:necrolord/counter to registry ResourceKey[minecraft:root / minecraft:block]
[05May2026 20:08:59.281] [main/DEBUG] [com.tterrag.registrate.AbstractRegistrate/REGISTRATE.REGISTER]: Registered fantasyfurniture:necrolord/oven to registry ResourceKey[minecraft:root / minecraft:block]
[05May2026 20:08:59.282] [main/DEBUG] [com.tterrag.registrate.AbstractRegistrate/REGISTRATE.REGISTER]: Registered fantasyfurniture:furniture_station to registry ResourceKey[minecraft:root / minecraft:block]
[05May2026 20:08:59.360] [main/DEBUG] [net.minecraftforge.registries.GameData/REGISTRIES]: Applying holder lookups: minecraft:block
[05May2026 20:08:59.364] [main/DEBUG] [net.minecraftforge.registries.GameData/REGISTRIES]: Holder lookups applied: minecraft:block
[05May2026 20:08:59.364] [main/DEBUG] [net.minecraftforge.registries.GameData/REGISTRIES]: Applying holder lookups: minecraft:attribute
[05May2026 20:08:59.365] [main/DEBUG] [net.minecraftforge.registries.GameData/REGISTRIES]: Holder lookups applied: minecraft:attribute
[05May2026 20:08:59.365] [main/DEBUG] [net.minecraftforge.registries.GameData/REGISTRIES]: Applying holder lookups: minecraft:mob_effect
[05May2026 20:08:59.365] [main/DEBUG] [net.minecraftforge.registries.GameData/REGISTRIES]: Holder lookups applied: minecraft:mob_effect
[05May2026 20:08:59.365] [main/DEBUG] [com.tterrag.registrate.AbstractRegistrate/REGISTRATE.REGISTER]: Registering 3 known objects of type minecraft:particle_type
[05May2026 20:08:59.366] [main/DEBUG] [com.tterrag.registrate.AbstractRegistrate/REGISTRATE.REGISTER]: Registered fantasyfurniture:small_soul_fire_flame to registry ResourceKey[minecraft:root / minecraft:particle_type]
[05May2026 20:08:59.366] [main/DEBUG] [com.tterrag.registrate.AbstractRegistrate/REGISTRATE.REGISTER]: Registered fantasyfurniture:necrolord_flame to registry ResourceKey[minecraft:root / minecraft:particle_type]
[05May2026 20:08:59.366] [main/DEBUG] [com.tterrag.registrate.AbstractRegistrate/REGISTRATE.REGISTER]: Registered fantasyfurniture:small_necrolord_flame to registry ResourceKey[minecraft:root / minecraft:particle_type]
[05May2026 20:08:59.366] [main/DEBUG] [net.minecraftforge.registries.GameData/REGISTRIES]: Applying holder lookups: minecraft:particle_type
[05May2026 20:08:59.367] [main/DEBUG] [net.minecraftforge.registries.GameData/REGISTRIES]: Holder lookups applied: minecraft:particle_type
[05May2026 20:08:59.379] [main/DEBUG] [com.tterrag.registrate.AbstractRegistrate/REGISTRATE.REGISTER]: Registering 294 known objects of type minecraft:item
[05May2026 20:08:59.380] [main/DEBUG] [com.tterrag.registrate.AbstractRegistrate/REGISTRATE.REGISTER]: Registered fantasyfurniture:furniture_station to registry ResourceKey[minecraft:root / minecraft:item]
[05May2026 20:08:59.381] [main/DEBUG] [com.tterrag.registrate.AbstractRegistrate/REGISTRATE.REGISTER]: Registered fantasyfurniture:decorations/berry_basket_empty to registry ResourceKey[minecraft:root / minecraft:item]
[05May2026 20:08:59.381] [main/DEBUG] [com.tterrag.registrate.AbstractRegistrate/REGISTRATE.REGISTER]: Registered fantasyfurniture:decorations/berry_basket_sweetberry to registry ResourceKey[minecraft:root / minecraft:item]
[05May2026 20:08:59.381] [main/DEBUG] [com.tterrag.registrate.AbstractRegistrate/REGISTRATE.REGISTER]: Registered fantasyfurniture:decorations/berry_basket_blueberry to registry ResourceKey[minecraft:root / minecraft:item]
[05May2026 20:08:59.381] [main/DEBUG] [com.tterrag.registrate.AbstractRegistrate/REGISTRATE.REGISTER]: Registered fantasyfurniture:decorations/berry_basket_strawberry to registry ResourceKey[minecraft:root / minecraft:item]
[05May2026 20:08:59.381] [main/DEBUG] [com.tterrag.registrate.AbstractRegistrate/REGISTRATE.REGISTER]: Registered fantasyfurniture:decorations/bolts_of_cloth to registry ResourceKey[minecraft:root / minecraft:item]
[05May2026 20:08:59.381] [main/DEBUG] [com.tterrag.registrate.AbstractRegistrate/REGISTRATE.REGISTER]: Registered fantasyfurniture:decorations/book_stack to registry ResourceKey[minecraft:root / minecraft:item]
[05May2026 20:08:59.381] [main/DEBUG] [com.tterrag.registrate.AbstractRegistrate/REGISTRATE.REGISTER]: Registered fantasyfurniture:decorations/bowl_empty to registry ResourceKey[minecraft:root / minecraft:item]
[05May2026 20:08:59.381] [main/DEBUG] [com.tterrag.registrate.AbstractRegistrate/REGISTRATE.REGISTER]: Registered fantasyfurniture:decorations/bowl_beetroot_soup to registry ResourceKey[minecraft:root / minecraft:item]
[05May2026 20:08:59.381] [main/DEBUG] [com.tterrag.registrate.AbstractRegistrate/REGISTRATE.REGISTER]: Registered fantasyfurniture:decorations/bowl_mushroom_stew to registry ResourceKey[minecraft:root / minecraft:item]
[05May2026 20:08:59.381] [main/DEBUG] [com.tterrag.registrate.AbstractRegistrate/REGISTRATE.REGISTER]: Registered fantasyfurniture:decorations/tankards_empty to registry ResourceKey[minecraft:root / minecraft:item]
[05May2026 20:08:59.381] [main/DEBUG] [com.tterrag.registrate.AbstractRegistrate/REGISTRATE.REGISTER]: Registered fantasyfurniture:decorations/tankards_honeymead to registry ResourceKey[minecraft:root / minecraft:item]
[05May2026 20:08:59.381] [main/DEBUG] [com.tterrag.registrate.AbstractRegistrate/REGISTRATE.REGISTER]: Registered fantasyfurniture:decorations/tankards_milk to registry ResourceKey[minecraft:root / minecraft:item]
[05May2026 20:08:59.381] [main/DEBUG] [com.tterrag.registrate.AbstractRegistrate/REGISTRATE.REGISTER]: Registered fantasyfurniture:decorations/tankards_sweetberry to registry ResourceKey[minecraft:root / minecraft:item]
[05May2026 20:08:59.381] [main/DEBUG] [com.tterrag.registrate.AbstractRegistrate/REGISTRATE.REGISTER]: Registered fantasyfurniture:decorations/mushrooms_red to registry ResourceKey[minecraft:root / minecraft:item]
[05May2026 20:08:59.381] [main/DEBUG] [com.tterrag.registrate.AbstractRegistrate/REGISTRATE.REGISTER]: Registered fantasyfurniture:decorations/coin_stack_gold to registry ResourceKey[minecraft:root / minecraft:item]
[05May2026 20:08:59.381] [main/DEBUG] [com.tterrag.registrate.AbstractRegistrate/REGISTRATE.REGISTER]: Registered fantasyfurniture:decorations/coin_stack_iron to registry ResourceKey[minecraft:root / minecraft:item]
[05May2026 20:08:59.381] [main/DEBUG] [com.tterrag.registrate.AbstractRegistrate/REGISTRATE.REGISTER]: Registered fantasyfurniture:decorations/muffins_blueberry to registry ResourceKey[minecraft:root / minecraft:item]
[05May2026 20:08:59.381] [main/DEBUG] [com.tterrag.registrate.AbstractRegistrate/REGISTRATE.REGISTER]: Registered fantasyfurniture:decorations/muffins_chocolate to registry ResourceKey[minecraft:root / minecraft:item]
[05May2026 20:08:59.381] [main/DEBUG] [com.tterrag.registrate.AbstractRegistrate/REGISTRATE.REGISTER]: Registered fantasyfurniture:decorations/muffins_sweetberry to registry ResourceKey[minecraft:root / minecraft:item]
[05May2026 20:08:59.381] [main/DEBUG] [com.tterrag.registrate.AbstractRegistrate/REGISTRATE.REGISTER]: Registered fantasyfurniture:decorations/paper_stack to registry ResourceKey[minecraft:root / minecraft:item]
[05May2026 20:08:59.381] [main/DEBUG] [com.tterrag.registrate.AbstractRegistrate/REGISTRATE.REGISTER]: Registered fantasyfurniture:decorations/cookie_jar to registry ResourceKey[minecraft:root / minecraft:item]
[05May2026 20:08:59.381] [main/DEBUG] [com.tterrag.registrate.AbstractRegistrate/REGISTRATE.REGISTER]: Registered fantasyfurniture:decorations/brewing_cauldron to registry ResourceKey[minecraft:root / minecraft:item]
[05May2026 20:08:59.381] [main/DEBUG] [com.tterrag.registrate.AbstractRegistrate/REGISTRATE.REGISTER]: Registered fantasyfurniture:decorations/floating_tomes to registry ResourceKey[minecraft:root / minecraft:item]
[05May2026 20:08:59.381] [main/DEBUG] [com.tterrag.registrate.AbstractRegistrate/REGISTRATE.REGISTER]: Registered fantasyfurniture:decorations/gravestone to registry ResourceKey[minecraft:root / minecraft:item]
[05May2026 20:08:59.381] [main/DEBUG] [com.tterrag.registrate.AbstractRegistrate/REGISTRATE.REGISTER]: Registered fantasyfurniture:decorations/hanging_herbs to registry ResourceKey[minecraft:root / minecraft:item]
[05May2026 20:08:59.382] [main/DEBUG] [com.tterrag.registrate.AbstractRegistrate/REGISTRATE.REGISTER]: Registered fantasyfurniture:decorations/spider_web_small to registry ResourceKey[minecraft:root / minecraft:item]
[05May2026 20:08:59.382] [main/DEBUG] [com.tterrag.registrate.AbstractRegistrate/REGISTRATE.REGISTER]: Registered fantasyfurniture:decorations/spider_web_wide to registry ResourceKey[minecraft:root / minecraft:item]
[05May2026 20:08:59.382] [main/DEBUG] [com.tterrag.registrate.AbstractRegistrate/REGISTRATE.REGISTER]: Registered fantasyfurniture:decorations/stackable_pumpkins to registry ResourceKey[minecraft:root / minecraft:item]
[05May2026 20:08:59.382] [main/DEBUG] [com.tterrag.registrate.AbstractRegistrate/REGISTRATE.REGISTER]: Registered fantasyfurniture:decorations/bronze_chain to registry ResourceKey[minecraft:root / minecraft:item]
[05May2026 20:08:59.382] [main/DEBUG] [com.tterrag.registrate.AbstractRegistrate/REGISTRATE.REGISTER]: Registered fantasyfurniture:decorations/mushrooms_brown to registry ResourceKey[minecraft:root / minecraft:item]
[05May2026 20:08:59.382] [main/DEBUG] [com.tterrag.registrate.AbstractRegistrate/REGISTRATE.REGISTER]: Registered fantasyfurniture:decorations/potion_bottles to registry ResourceKey[minecraft:root / minecraft:item]
[05May2026 20:08:59.382] [main/DEBUG] [com.tterrag.registrate.AbstractRegistrate/REGISTRATE.REGISTER]: Registered fantasyfurniture:decorations/potion_bottles_dyeable to registry ResourceKey[minecraft:root / minecraft:item]
[05May2026 20:08:59.382] [main/DEBUG] [com.tterrag.registrate.AbstractRegistrate/REGISTRATE.REGISTER]: Registered fantasyfurniture:decorations/fairy_lights_1 to registry ResourceKey[minecraft:root / minecraft:item]
[05May2026 20:08:59.382] [main/DEBUG] [com.tterrag.registrate.AbstractRegistrate/REGISTRATE.REGISTER]: Registered fantasyfurniture:decorations/fairy_lights_2 to registry ResourceKey[minecraft:root / minecraft:item]
[05May2026 20:08:59.382] [main/DEBUG] [com.tterrag.registrate.AbstractRegistrate/REGISTRATE.REGISTER]: Registered fantasyfurniture:decorations/presents_stack_1 to registry ResourceKey[minecraft:root / minecraft:item]
[05May2026 20:08:59.382] [main/DEBUG] [com.tterrag.registrate.AbstractRegistrate/REGISTRATE.REGISTER]: Registered fantasyfurniture:decorations/presents_stack_2 to registry ResourceKey[minecraft:root / minecraft:item]
[05May2026 20:08:59.382] [main/DEBUG] [com.tterrag.registrate.AbstractRegistrate/REGISTRATE.REGISTER]: Registered fantasyfurniture:decorations/snowballs to registry ResourceKey[minecraft:root / minecraft:item]
[05May2026 20:08:59.382] [main/DEBUG] [com.tterrag.registrate.AbstractRegistrate/REGISTRATE.REGISTER]: Registered fantasyfurniture:decorations/stocking to registry ResourceKey[minecraft:root / minecraft:item]
[05May2026 20:08:59.382] [main/DEBUG] [com.tterrag.registrate.AbstractRegistrate/REGISTRATE.REGISTER]: Registered fantasyfurniture:decorations/nordic_boiled_creme_treats to registry ResourceKey[minecraft:root / minecraft:item]
[05May2026 20:08:59.382] [main/DEBUG] [com.tterrag.registrate.AbstractRegistrate/REGISTRATE.REGISTER]: Registered fantasyfurniture:decorations/nordic_sweetrolls to registry ResourceKey[minecraft:root / minecraft:item]
[05May2026 20:08:59.383] [main/DEBUG] [com.tterrag.registrate.AbstractRegistrate/REGISTRATE.REGISTER]: Registered fantasyfurniture:decorations/nordic_mead_bottles to registry ResourceKey[minecraft:root / minecraft:item]
[05May2026 20:08:59.383] [main/DEBUG] [com.tterrag.registrate.AbstractRegistrate/REGISTRATE.REGISTER]: Registered fantasyfurniture:decorations/nordic_soul_gems_light to registry ResourceKey[minecraft:root / minecraft:item]
[05May2026 20:08:59.383] [main/DEBUG] [com.tterrag.registrate.AbstractRegistrate/REGISTRATE.REGISTER]: Registered fantasyfurniture:decorations/nordic_soul_gems_dark to registry ResourceKey[minecraft:root / minecraft:item]
[05May2026 20:08:59.383] [main/DEBUG] [com.tterrag.registrate.AbstractRegistrate/REGISTRATE.REGISTER]: Registered fantasyfurniture:decorations/venthyr_food_0 to registry ResourceKey[minecraft:root / minecraft:item]
[05May2026 20:08:59.383] [main/DEBUG] [com.tterrag.registrate.AbstractRegistrate/REGISTRATE.REGISTER]: Registered fantasyfurniture:decorations/venthyr_food_1 to registry ResourceKey[minecraft:root / minecraft:item]
[05May2026 20:08:59.383] [main/DEBUG] [com.tterrag.registrate.AbstractRegistrate/REGISTRATE.REGISTER]: Registered fantasyfurniture:decorations/venthyr_tea_set to registry ResourceKey[minecraft:root / minecraft:item]
[05May2026 20:08:59.383] [main/DEBUG] [com.tterrag.registrate.AbstractRegistrate/REGISTRATE.REGISTER]: Registered fantasyfurniture:decorations/venthyr_tea_cups to registry ResourceKey[minecraft:root / minecraft:item]
[05May2026 20:08:59.383] [main/DEBUG] [com.tterrag.registrate.AbstractRegistrate/REGISTRATE.REGISTER]: Registered fantasyfurniture:decorations/venthyr_platter to registry ResourceKey[minecraft:root / minecraft:item]
[05May2026 20:08:59.385] [main/DEBUG] [com.tterrag.registrate.AbstractRegistrate/REGISTRATE.REGISTER]: Registered fantasyfurniture:decorations/venthyr_widow_bloom to registry ResourceKey[minecraft:root / minecraft:item]
[05May2026 20:08:59.385] [main/DEBUG] [com.tterrag.registrate.AbstractRegistrate/REGISTRATE.REGISTER]: Registered fantasyfurniture:decorations/venthyr_tomes to registry ResourceKey[minecraft:root / minecraft:item]
[05May2026 20:08:59.385] [main/DEBUG] [com.tterrag.registrate.AbstractRegistrate/REGISTRATE.REGISTER]: Registered fantasyfurniture:decorations/venthyr_chalices to registry ResourceKey[minecraft:root / minecraft:item]
[05May2026 20:08:59.385] [main/DEBUG] [com.tterrag.registrate.AbstractRegistrate/REGISTRATE.REGISTER]: Registered fantasyfurniture:decorations/venthyr_candles to registry ResourceKey[minecraft:root / minecraft:item]
[05May2026 20:08:59.385] [main/DEBUG] [com.tterrag.registrate.AbstractRegistrate/REGISTRATE.REGISTER]: Registered fantasyfurniture:decorations/venthyr_banner to registry ResourceKey[minecraft:root / minecraft:item]
[05May2026 20:08:59.385] [main/DEBUG] [com.tterrag.registrate.AbstractRegistrate/REGISTRATE.REGISTER]: Registered fantasyfurniture:decorations/dunmer_pottery_0 to registry ResourceKey[minecraft:root / minecraft:item]
[05May2026 20:08:59.385] [main/DEBUG] [com.tterrag.registrate.AbstractRegistrate/REGISTRATE.REGISTER]: Registered fantasyfurniture:decorations/dunmer_pottery_1 to registry ResourceKey[minecraft:root / minecraft:item]
[05May2026 20:08:59.385] [main/DEBUG] [com.tterrag.registrate.AbstractRegistrate/REGISTRATE.REGISTER]: Registered fantasyfurniture:decorations/bone_candles to registry ResourceKey[minecraft:root / minecraft:item]
[05May2026 20:08:59.385] [main/DEBUG] [com.tterrag.registrate.AbstractRegistrate/REGISTRATE.REGISTER]: Registered fantasyfurniture:decorations/bone_skeleton_chalices to registry ResourceKey[minecraft:root / minecraft:item]
[05May2026 20:08:59.385] [main/DEBUG] [com.tterrag.registrate.AbstractRegistrate/REGISTRATE.REGISTER]: Registered fantasyfurniture:decorations/bone_skeleton_pile to registry ResourceKey[minecraft:root / minecraft:item]
[05May2026 20:08:59.385] [main/DEBUG] [com.tterrag.registrate.AbstractRegistrate/REGISTRATE.REGISTER]: Registered fantasyfurniture:decorations/bone_skeleton_skull_blossoms to registry ResourceKey[minecraft:root / minecraft:item]
[05May2026 20:08:59.385] [main/DEBUG] [com.tterrag.registrate.AbstractRegistrate/REGISTRATE.REGISTER]: Registered fantasyfurniture:decorations/bone_wither_chalices to registry ResourceKey[minecraft:root / minecraft:item]
[05May2026 20:08:59.385] [main/DEBUG] [com.tterrag.registrate.AbstractRegistrate/REGISTRATE.REGISTER]: Registered fantasyfurniture:decorations/bone_wither_pile to registry ResourceKey[minecraft:root / minecraft:item]
[05May2026 20:08:59.385] [main/DEBUG] [com.tterrag.registrate.AbstractRegistrate/REGISTRATE.REGISTER]: Registered fantasyfurniture:decorations/bone_wither_skull_blossoms to registry ResourceKey[minecraft:root / minecraft:item]
[05May2026 20:08:59.385] [main/DEBUG] [com.tterrag.registrate.AbstractRegistrate/REGISTRATE.REGISTER]: Registered fantasyfurniture:decorations/royal_crown to registry ResourceKey[minecraft:root / minecraft:item]
[05May2026 20:08:59.385] [main/DEBUG] [com.tterrag.registrate.AbstractRegistrate/REGISTRATE.REGISTER]: Registered fantasyfurniture:decorations/royal_candelabra to registry ResourceKey[minecraft:root / minecraft:item]
[05May2026 20:08:59.385] [main/DEBUG] [com.tterrag.registrate.AbstractRegistrate/REGISTRATE.REGISTER]: Registered fantasyfurniture:decorations/royal_chalices to registry ResourceKey[minecraft:root / minecraft:item]
[05May2026 20:08:59.385] [main/DEBUG] [com.tterrag.registrate.AbstractRegistrate/REGISTRATE.REGISTER]: Registered fantasyfurniture:decorations/royal_cushioned_crown to registry ResourceKey[minecraft:root / minecraft:item]
[05May2026 20:08:59.385] [main/DEBUG] [com.tterrag.registrate.AbstractRegistrate/REGISTRATE.REGISTER]: Registered fantasyfurniture:decorations/royal_food_0 to registry ResourceKey[minecraft:root / minecraft:item]
[05May2026 20:08:59.386] [main/DEBUG] [com.tterrag.registrate.AbstractRegistrate/REGISTRATE.REGISTER]: Registered fantasyfurniture:decorations/royal_food_1 to registry ResourceKey[minecraft:root / minecraft:item]
[05May2026 20:08:59.386] [main/DEBUG] [com.tterrag.registrate.AbstractRegistrate/REGISTRATE.REGISTER]: Registered fantasyfurniture:decorations/royal_platter to registry ResourceKey[minecraft:root / minecraft:item]
[05May2026 20:08:59.386] [main/DEBUG] [com.tterrag.registrate.AbstractRegistrate/REGISTRATE.REGISTER]: Registered fantasyfurniture:decorations/royal_floor_cushion to registry ResourceKey[minecraft:root / minecraft:item]
[05May2026 20:08:59.386] [main/DEBUG] [com.tterrag.registrate.AbstractRegistrate/REGISTRATE.REGISTER]: Registered fantasyfurniture:decorations/royal_wall_mirror_small to registry ResourceKey[minecraft:root / minecraft:item]
[05May2026 20:08:59.386] [main/DEBUG] [com.tterrag.registrate.AbstractRegistrate/REGISTRATE.REGISTER]: Registered fantasyfurniture:decorations/royal_wall_mirror_large to registry ResourceKey[minecraft:root / minecraft:item]
[05May2026 20:08:59.386] [main/DEBUG] [com.tterrag.registrate.AbstractRegistrate/REGISTRATE.REGISTER]: Registered fantasyfurniture:decorations/necrolord_candelabra to registry ResourceKey[minecraft:root / minecraft:item]
[05May2026 20:08:59.386] [main/DEBUG] [com.tterrag.registrate.AbstractRegistrate/REGISTRATE.REGISTER]: Registered fantasyfurniture:nordic/wool to registry ResourceKey[minecraft:root / minecraft:item]
[05May2026 20:08:59.386] [main/DEBUG] [com.tterrag.registrate.AbstractRegistrate/REGISTRATE.REGISTER]: Registered fantasyfurniture:nordic/carpet to registry ResourceKey[minecraft:root / minecraft:item]
[05May2026 20:08:59.386] [main/DEBUG] [com.tterrag.registrate.AbstractRegistrate/REGISTRATE.REGISTER]: Registered fantasyfurniture:nordic/wall_light to registry ResourceKey[minecraft:root / minecraft:item]
[05May2026 20:08:59.386] [main/DEBUG] [com.tterrag.registrate.AbstractRegistrate/REGISTRATE.REGISTER]: Registered fantasyfurniture:nordic/floor_light to registry ResourceKey[minecraft:root / minecraft:item]
[05May2026 20:08:59.386] [main/DEBUG] [com.tterrag.registrate.AbstractRegistrate/REGISTRATE.REGISTER]: Registered fantasyfurniture:nordic/table_small to registry ResourceKey[minecraft:root / minecraft:item]
[05May2026 20:08:59.386] [main/DEBUG] [com.tterrag.registrate.AbstractRegistrate/REGISTRATE.REGISTER]: Registered fantasyfurniture:nordic/table_wide to registry ResourceKey[minecraft:root / minecraft:item]
[05May2026 20:08:59.386] [main/DEBUG] [com.tterrag.registrate.AbstractRegistrate/REGISTRATE.REGISTER]: Registered fantasyfurniture:nordic/table_large to registry ResourceKey[minecraft:root / minecraft:item]
[05May2026 20:08:59.386] [main/DEBUG] [com.tterrag.registrate.AbstractRegistrate/REGISTRATE.REGISTER]: Registered fantasyfurniture:nordic/stool to registry ResourceKey[minecraft:root / minecraft:item]
[05May2026 20:08:59.386] [main/DEBUG] [com.tterrag.registrate.AbstractRegistrate/REGISTRATE.REGISTER]: Registered fantasyfurniture:nordic/cushion to registry ResourceKey[minecraft:root / minecraft:item]
[05May2026 20:08:59.386] [main/DEBUG] [com.tterrag.registrate.AbstractRegistrate/REGISTRATE.REGISTER]: Registered fantasyfurniture:nordic/painting_small to registry ResourceKey[minecraft:root / minecraft:item]
[05May2026 20:08:59.386] [main/DEBUG] [com.tterrag.registrate.AbstractRegistrate/REGISTRATE.REGISTER]: Registered fantasyfurniture:nordic/painting_wide to registry ResourceKey[minecraft:root / minecraft:item]
[05May2026 20:08:59.386] [main/DEBUG] [com.tterrag.registrate.AbstractRegistrate/REGISTRATE.REGISTER]: Registered fantasyfurniture:nordic/drawer to registry ResourceKey[minecraft:root / minecraft:item]
[05May2026 20:08:59.386] [main/DEBUG] [com.tterrag.registrate.AbstractRegistrate/REGISTRATE.REGISTER]: Registered fantasyfurniture:nordic/shelf to registry ResourceKey[minecraft:root / minecraft:item]
[05May2026 20:08:59.386] [main/DEBUG] [com.tterrag.registrate.AbstractRegistrate/REGISTRATE.REGISTER]: Registered fantasyfurniture:nordic/sofa to registry ResourceKey[minecraft:root / minecraft:item]
[05May2026 20:08:59.386] [main/DEBUG] [com.tterrag.registrate.AbstractRegistrate/REGISTRATE.REGISTER]: Registered fantasyfurniture:nordic/desk_left to registry ResourceKey[minecraft:root / minecraft:item]
[05May2026 20:08:59.386] [main/DEBUG] [com.tterrag.registrate.AbstractRegistrate/REGISTRATE.REGISTER]: Registered fantasyfurniture:nordic/desk_right to registry ResourceKey[minecraft:root / minecraft:item]
[05May2026 20:08:59.386] [main/DEBUG] [com.tterrag.registrate.AbstractRegistrate/REGISTRATE.REGISTER]: Registered fantasyfurniture:nordic/chair to registry ResourceKey[minecraft:root / minecraft:item]
[05May2026 20:08:59.386] [main/DEBUG] [com.tterrag.registrate.AbstractRegistrate/REGISTRATE.REGISTER]: Registered fantasyfurniture:nordic/bench to registry ResourceKey[minecraft:root / minecraft:item]
[05May2026 20:08:59.387] [main/DEBUG] [com.tterrag.registrate.AbstractRegistrate/REGISTRATE.REGISTER]: Registered fantasyfurniture:nordic/bookshelf to registry ResourceKey[minecraft:root / minecraft:item]
[05May2026 20:08:59.387] [main/DEBUG] [com.tterrag.registrate.AbstractRegistrate/REGISTRATE.REGISTER]: Registered fantasyfurniture:nordic/chest to registry ResourceKey[minecraft:root / minecraft:item]
[05May2026 20:08:59.387] [main/DEBUG] [com.tterrag.registrate.AbstractRegistrate/REGISTRATE.REGISTER]: Registered fantasyfurniture:nordic/dresser to registry ResourceKey[minecraft:root / minecraft:item]
[05May2026 20:08:59.387] [main/DEBUG] [com.tterrag.registrate.AbstractRegistrate/REGISTRATE.REGISTER]: Registered fantasyfurniture:nordic/wardrobe_bottom to registry ResourceKey[minecraft:root / minecraft:item]
[05May2026 20:08:59.387] [main/DEBUG] [com.tterrag.registrate.AbstractRegistrate/REGISTRATE.REGISTER]: Registered fantasyfurniture:nordic/wardrobe_top to registry ResourceKey[minecraft:root / minecraft:item]
[05May2026 20:08:59.387] [main/DEBUG] [com.tterrag.registrate.AbstractRegistrate/REGISTRATE.REGISTER]: Registered fantasyfurniture:nordic/bed_single to registry ResourceKey[minecraft:root / minecraft:item]
[05May2026 20:08:59.387] [main/DEBUG] [com.tterrag.registrate.AbstractRegistrate/REGISTRATE.REGISTER]: Registered fantasyfurniture:nordic/bed_double to registry ResourceKey[minecraft:root / minecraft:item]
[05May2026 20:08:59.387] [main/DEBUG] [com.tterrag.registrate.AbstractRegistrate/REGISTRATE.REGISTER]: Registered fantasyfurniture:nordic/chandelier to registry ResourceKey[minecraft:root / minecraft:item]
[05May2026 20:08:59.387] [main/DEBUG] [com.tterrag.registrate.AbstractRegistrate/REGISTRATE.REGISTER]: Registered fantasyfurniture:nordic/door_single to registry ResourceKey[minecraft:root / minecraft:item]
[05May2026 20:08:59.387] [main/DEBUG] [com.tterrag.registrate.AbstractRegistrate/REGISTRATE.REGISTER]: Registered fantasyfurniture:nordic/door_double to registry ResourceKey[minecraft:root / minecraft:item]
[05May2026 20:08:59.387] [main/DEBUG] [com.tterrag.registrate.AbstractRegistrate/REGISTRATE.REGISTER]: Registered fantasyfurniture:nordic/lockbox to registry ResourceKey[minecraft:root / minecraft:item]
[05May2026 20:08:59.387] [main/DEBUG] [com.tterrag.registrate.AbstractRegistrate/REGISTRATE.REGISTER]: Registered fantasyfurniture:nordic/counter to registry ResourceKey[minecraft:root / minecraft:item]
[05May2026 20:08:59.387] [main/DEBUG] [com.tterrag.registrate.AbstractRegistrate/REGISTRATE.REGISTER]: Registered fantasyfurniture:nordic/oven to registry ResourceKey[minecraft:root / minecraft:item]
[05May2026 20:08:59.387] [main/DEBUG] [com.tterrag.registrate.AbstractRegistrate/REGISTRATE.REGISTER]: Registered fantasyfurniture:dunmer/wool to registry ResourceKey[minecraft:root / minecraft:item]
[05May2026 20:08:59.387] [main/DEBUG] [com.tterrag.registrate.AbstractRegistrate/REGISTRATE.REGISTER]: Registered fantasyfurniture:dunmer/carpet to registry ResourceKey[minecraft:root / minecraft:item]
[05May2026 20:08:59.387] [main/DEBUG] [com.tterrag.registrate.AbstractRegistrate/REGISTRATE.REGISTER]: Registered fantasyfurniture:dunmer/wall_light to registry ResourceKey[minecraft:root / minecraft:item]
[05May2026 20:08:59.387] [main/DEBUG] [com.tterrag.registrate.AbstractRegistrate/REGISTRATE.REGISTER]: Registered fantasyfurniture:dunmer/floor_light to registry ResourceKey[minecraft:root / minecraft:item]
[05May2026 20:08:59.387] [main/DEBUG] [com.tterrag.registrate.AbstractRegistrate/REGISTRATE.REGISTER]: Registered fantasyfurniture:dunmer/table_small to registry ResourceKey[minecraft:root / minecraft:item]
[05May2026 20:08:59.387] [main/DEBUG] [com.tterrag.registrate.AbstractRegistrate/REGISTRATE.REGISTER]: Registered fantasyfurniture:dunmer/table_wide to registry ResourceKey[minecraft:root / minecraft:item]
[05May2026 20:08:59.387] [main/DEBUG] [com.tterrag.registrate.AbstractRegistrate/REGISTRATE.REGISTER]: Registered fantasyfurniture:dunmer/table_large to registry ResourceKey[minecraft:root / minecraft:item]
[05May2026 20:08:59.387] [main/DEBUG] [com.tterrag.registrate.AbstractRegistrate/REGISTRATE.REGISTER]: Registered fantasyfurniture:dunmer/stool to registry ResourceKey[minecraft:root / minecraft:item]
[05May2026 20:08:59.388] [main/DEBUG] [com.tterrag.registrate.AbstractRegistrate/REGISTRATE.REGISTER]: Registered fantasyfurniture:dunmer/cushion to registry ResourceKey[minecraft:root / minecraft:item]
[05May2026 20:08:59.388] [main/DEBUG] [com.tterrag.registrate.AbstractRegistrate/REGISTRATE.REGISTER]: Registered fantasyfurniture:dunmer/painting_small to registry ResourceKey[minecraft:root / minecraft:item]
[05May2026 20:08:59.388] [main/DEBUG] [com.tterrag.registrate.AbstractRegistrate/REGISTRATE.REGISTER]: Registered fantasyfurniture:dunmer/painting_wide to registry ResourceKey[minecraft:root / minecraft:item]
[05May2026 20:08:59.388] [main/DEBUG] [com.tterrag.registrate.AbstractRegistrate/REGISTRATE.REGISTER]: Registered fantasyfurniture:dunmer/drawer to registry ResourceKey[minecraft:root / minecraft:item]
[05May2026 20:08:59.388] [main/DEBUG] [com.tterrag.registrate.AbstractRegistrate/REGISTRATE.REGISTER]: Registered fantasyfurniture:dunmer/shelf to registry ResourceKey[minecraft:root / minecraft:item]
[05May2026 20:08:59.388] [main/DEBUG] [com.tterrag.registrate.AbstractRegistrate/REGISTRATE.REGISTER]: Registered fantasyfurniture:dunmer/sofa to registry ResourceKey[minecraft:root / minecraft:item]
[05May2026 20:08:59.388] [main/DEBUG] [com.tterrag.registrate.AbstractRegistrate/REGISTRATE.REGISTER]: Registered fantasyfurniture:dunmer/desk_left to registry ResourceKey[minecraft:root / minecraft:item]
[05May2026 20:08:59.388] [main/DEBUG] [com.tterrag.registrate.AbstractRegistrate/REGISTRATE.REGISTER]: Registered fantasyfurniture:dunmer/desk_right to registry ResourceKey[minecraft:root / minecraft:item]
[05May2026 20:08:59.388] [main/DEBUG] [com.tterrag.registrate.AbstractRegistrate/REGISTRATE.REGISTER]: Registered fantasyfurniture:dunmer/chair to registry ResourceKey[minecraft:root / minecraft:item]
[05May2026 20:08:59.388] [main/DEBUG] [com.tterrag.registrate.AbstractRegistrate/REGISTRATE.REGISTER]: Registered fantasyfurniture:dunmer/bench to registry ResourceKey[minecraft:root / minecraft:item]
[05May2026 20:08:59.388] [main/DEBUG] [com.tterrag.registrate.AbstractRegistrate/REGISTRATE.REGISTER]: Registered fantasyfurniture:dunmer/bookshelf to registry ResourceKey[minecraft:root / minecraft:item]
[05May2026 20:08:59.388] [main/DEBUG] [com.tterrag.registrate.AbstractRegistrate/REGISTRATE.REGISTER]: Registered fantasyfurniture:dunmer/chest to registry ResourceKey[minecraft:root / minecraft:item]
[05May2026 20:08:59.388] [main/DEBUG] [com.tterrag.registrate.AbstractRegistrate/REGISTRATE.REGISTER]: Registered fantasyfurniture:dunmer/dresser to registry ResourceKey[minecraft:root / minecraft:item]
[05May2026 20:08:59.388] [main/DEBUG] [com.tterrag.registrate.AbstractRegistrate/REGISTRATE.REGISTER]: Registered fantasyfurniture:dunmer/wardrobe_bottom to registry ResourceKey[minecraft:root / minecraft:item]
[05May2026 20:08:59.388] [main/DEBUG] [com.tterrag.registrate.AbstractRegistrate/REGISTRATE.REGISTER]: Registered fantasyfurniture:dunmer/wardrobe_top to registry ResourceKey[minecraft:root / minecraft:item]
[05May2026 20:08:59.389] [main/DEBUG] [com.tterrag.registrate.AbstractRegistrate/REGISTRATE.REGISTER]: Registered fantasyfurniture:dunmer/bed_single to registry ResourceKey[minecraft:root / minecraft:item]
[05May2026 20:08:59.389] [main/DEBUG] [com.tterrag.registrate.AbstractRegistrate/REGISTRATE.REGISTER]: Registered fantasyfurniture:dunmer/bed_double to registry ResourceKey[minecraft:root / minecraft:item]
[05May2026 20:08:59.389] [main/DEBUG] [com.tterrag.registrate.AbstractRegistrate/REGISTRATE.REGISTER]: Registered fantasyfurniture:dunmer/chandelier to registry ResourceKey[minecraft:root / minecraft:item]
[05May2026 20:08:59.389] [main/DEBUG] [com.tterrag.registrate.AbstractRegistrate/REGISTRATE.REGISTER]: Registered fantasyfurniture:dunmer/door_single to registry ResourceKey[minecraft:root / minecraft:item]
[05May2026 20:08:59.389] [main/DEBUG] [com.tterrag.registrate.AbstractRegistrate/REGISTRATE.REGISTER]: Registered fantasyfurniture:dunmer/door_double to registry ResourceKey[minecraft:root / minecraft:item]
[05May2026 20:08:59.389] [main/DEBUG] [com.tterrag.registrate.AbstractRegistrate/REGISTRATE.REGISTER]: Registered fantasyfurniture:dunmer/lockbox to registry ResourceKey[minecraft:root / minecraft:item]
[05May2026 20:08:59.389] [main/DEBUG] [com.tterrag.registrate.AbstractRegistrate/REGISTRATE.REGISTER]: Registered fantasyfurniture:dunmer/counter to registry ResourceKey[minecraft:root / minecraft:item]
[05May2026 20:08:59.389] [main/DEBUG] [com.tterrag.registrate.AbstractRegistrate/REGISTRATE.REGISTER]: Registered fantasyfurniture:dunmer/oven to registry ResourceKey[minecraft:root / minecraft:item]
[05May2026 20:08:59.389] [main/DEBUG] [com.tterrag.registrate.AbstractRegistrate/REGISTRATE.REGISTER]: Registered fantasyfurniture:venthyr/wool to registry ResourceKey[minecraft:root / minecraft:item]
[05May2026 20:08:59.389] [main/DEBUG] [com.tterrag.registrate.AbstractRegistrate/REGISTRATE.REGISTER]: Registered fantasyfurniture:venthyr/carpet to registry ResourceKey[minecraft:root / minecraft:item]
[05May2026 20:08:59.389] [main/DEBUG] [com.tterrag.registrate.AbstractRegistrate/REGISTRATE.REGISTER]: Registered fantasyfurniture:venthyr/wall_light to registry ResourceKey[minecraft:root / minecraft:item]
[05May2026 20:08:59.389] [main/DEBUG] [com.tterrag.registrate.AbstractRegistrate/REGISTRATE.REGISTER]: Registered fantasyfurniture:venthyr/floor_light to registry ResourceKey[minecraft:root / minecraft:item]
[05May2026 20:08:59.389] [main/DEBUG] [com.tterrag.registrate.AbstractRegistrate/REGISTRATE.REGISTER]: Registered fantasyfurniture:venthyr/table_small to registry ResourceKey[minecraft:root / minecraft:item]
[05May2026 20:08:59.389] [main/DEBUG] [com.tterrag.registrate.AbstractRegistrate/REGISTRATE.REGISTER]: Registered fantasyfurniture:venthyr/table_small_fancy to registry ResourceKey[minecraft:root / minecraft:item]
[05May2026 20:08:59.389] [main/DEBUG] [com.tterrag.registrate.AbstractRegistrate/REGISTRATE.REGISTER]: Registered fantasyfurniture:venthyr/table_wide to registry ResourceKey[minecraft:root / minecraft:item]
[05May2026 20:08:59.389] [main/DEBUG] [com.tterrag.registrate.AbstractRegistrate/REGISTRATE.REGISTER]: Registered fantasyfurniture:venthyr/table_wide_fancy to registry ResourceKey[minecraft:root / minecraft:item]
[05May2026 20:08:59.389] [main/DEBUG] [com.tterrag.registrate.AbstractRegistrate/REGISTRATE.REGISTER]: Registered fantasyfurniture:venthyr/table_large to registry ResourceKey[minecraft:root / minecraft:item]
[05May2026 20:08:59.389] [main/DEBUG] [com.tterrag.registrate.AbstractRegistrate/REGISTRATE.REGISTER]: Registered fantasyfurniture:venthyr/table_large_fancy to registry ResourceKey[minecraft:root / minecraft:item]
[05May2026 20:08:59.389] [main/DEBUG] [com.tterrag.registrate.AbstractRegistrate/REGISTRATE.REGISTER]: Registered fantasyfurniture:venthyr/stool to registry ResourceKey[minecraft:root / minecraft:item]
[05May2026 20:08:59.389] [main/DEBUG] [com.tterrag.registrate.AbstractRegistrate/REGISTRATE.REGISTER]: Registered fantasyfurniture:venthyr/cushion to registry ResourceKey[minecraft:root / minecraft:item]
[05May2026 20:08:59.389] [main/DEBUG] [com.tterrag.registrate.AbstractRegistrate/REGISTRATE.REGISTER]: Registered fantasyfurniture:venthyr/painting_small to registry ResourceKey[minecraft:root / minecraft:item]
[05May2026 20:08:59.389] [main/DEBUG] [com.tterrag.registrate.AbstractRegistrate/REGISTRATE.REGISTER]: Registered fantasyfurniture:venthyr/painting_wide to registry ResourceKey[minecraft:root / minecraft:item]
[05May2026 20:08:59.390] [main/DEBUG] [com.tterrag.registrate.AbstractRegistrate/REGISTRATE.REGISTER]: Registered fantasyfurniture:venthyr/drawer to registry ResourceKey[minecraft:root / minecraft:item]
[05May2026 20:08:59.390] [main/DEBUG] [com.tterrag.registrate.AbstractRegistrate/REGISTRATE.REGISTER]: Registered fantasyfurniture:venthyr/shelf to registry ResourceKey[minecraft:root / minecraft:item]
[05May2026 20:08:59.390] [main/DEBUG] [com.tterrag.registrate.AbstractRegistrate/REGISTRATE.REGISTER]: Registered fantasyfurniture:venthyr/sofa to registry ResourceKey[minecraft:root / minecraft:item]
[05May2026 20:08:59.390] [main/DEBUG] [com.tterrag.registrate.AbstractRegistrate/REGISTRATE.REGISTER]: Registered fantasyfurniture:venthyr/desk_left to registry ResourceKey[minecraft:root / minecraft:item]
[05May2026 20:08:59.390] [main/DEBUG] [com.tterrag.registrate.AbstractRegistrate/REGISTRATE.REGISTER]: Registered fantasyfurniture:venthyr/desk_right to registry ResourceKey[minecraft:root / minecraft:item]
[05May2026 20:08:59.390] [main/DEBUG] [com.tterrag.registrate.AbstractRegistrate/REGISTRATE.REGISTER]: Registered fantasyfurniture:venthyr/chair to registry ResourceKey[minecraft:root / minecraft:item]
[05May2026 20:08:59.390] [main/DEBUG] [com.tterrag.registrate.AbstractRegistrate/REGISTRATE.REGISTER]: Registered fantasyfurniture:venthyr/bench to registry ResourceKey[minecraft:root / minecraft:item]
[05May2026 20:08:59.390] [main/DEBUG] [com.tterrag.registrate.AbstractRegistrate/REGISTRATE.REGISTER]: Registered fantasyfurniture:venthyr/bookshelf to registry ResourceKey[minecraft:root / minecraft:item]
[05May2026 20:08:59.390] [main/DEBUG] [com.tterrag.registrate.AbstractRegistrate/REGISTRATE.REGISTER]: Registered fantasyfurniture:venthyr/chest to registry ResourceKey[minecraft:root / minecraft:item]
[05May2026 20:08:59.390] [main/DEBUG] [com.tterrag.registrate.AbstractRegistrate/REGISTRATE.REGISTER]: Registered fantasyfurniture:venthyr/dresser to registry ResourceKey[minecraft:root / minecraft:item]
[05May2026 20:08:59.390] [main/DEBUG] [com.tterrag.registrate.AbstractRegistrate/REGISTRATE.REGISTER]: Registered fantasyfurniture:venthyr/wardrobe_bottom to registry ResourceKey[minecraft:root / minecraft:item]
[05May2026 20:08:59.390] [main/DEBUG] [com.tterrag.registrate.AbstractRegistrate/REGISTRATE.REGISTER]: Registered fantasyfurniture:venthyr/wardrobe_top to registry ResourceKey[minecraft:root / minecraft:item]
[05May2026 20:08:59.390] [main/DEBUG] [com.tterrag.registrate.AbstractRegistrate/REGISTRATE.REGISTER]: Registered fantasyfurniture:venthyr/bed_single to registry ResourceKey[minecraft:root / minecraft:item]
[05May2026 20:08:59.390] [main/DEBUG] [com.tterrag.registrate.AbstractRegistrate/REGISTRATE.REGISTER]: Registered fantasyfurniture:venthyr/bed_double to registry ResourceKey[minecraft:root / minecraft:item]
[05May2026 20:08:59.390] [main/DEBUG] [com.tterrag.registrate.AbstractRegistrate/REGISTRATE.REGISTER]: Registered fantasyfurniture:venthyr/chandelier to registry ResourceKey[minecraft:root / minecraft:item]
[05May2026 20:08:59.390] [main/DEBUG] [com.tterrag.registrate.AbstractRegistrate/REGISTRATE.REGISTER]: Registered fantasyfurniture:venthyr/door_single to registry ResourceKey[minecraft:root / minecraft:item]
[05May2026 20:08:59.390] [main/DEBUG] [com.tterrag.registrate.AbstractRegistrate/REGISTRATE.REGISTER]: Registered fantasyfurniture:venthyr/door_double to registry ResourceKey[minecraft:root / minecraft:item]
[05May2026 20:08:59.390] [main/DEBUG] [com.tterrag.registrate.AbstractRegistrate/REGISTRATE.REGISTER]: Registered fantasyfurniture:venthyr/lockbox to registry ResourceKey[minecraft:root / minecraft:item]
[05May2026 20:08:59.390] [main/DEBUG] [com.tterrag.registrate.AbstractRegistrate/REGISTRATE.REGISTER]: Registered fantasyfurniture:venthyr/counter to registry ResourceKey[minecraft:root / minecraft:item]
[05May2026 20:08:59.390] [main/DEBUG] [com.tterrag.registrate.AbstractRegistrate/REGISTRATE.REGISTER]: Registered fantasyfurniture:venthyr/oven to registry ResourceKey[minecraft:root / minecraft:item]
[05May2026 20:08:59.390] [main/DEBUG] [com.tterrag.registrate.AbstractRegistrate/REGISTRATE.REGISTER]: Registered fantasyfurniture:bone/skeleton/wool to registry ResourceKey[minecraft:root / minecraft:item]
[05May2026 20:08:59.390] [main/DEBUG] [com.tterrag.registrate.AbstractRegistrate/REGISTRATE.REGISTER]: Registered fantasyfurniture:bone/skeleton/carpet to registry ResourceKey[minecraft:root / minecraft:item]
[05May2026 20:08:59.390] [main/DEBUG] [com.tterrag.registrate.AbstractRegistrate/REGISTRATE.REGISTER]: Registered fantasyfurniture:bone/skeleton/wall_light to registry ResourceKey[minecraft:root / minecraft:item]
[05May2026 20:08:59.390] [main/DEBUG] [com.tterrag.registrate.AbstractRegistrate/REGISTRATE.REGISTER]: Registered fantasyfurniture:bone/skeleton/floor_light to registry ResourceKey[minecraft:root / minecraft:item]
[05May2026 20:08:59.391] [main/DEBUG] [com.tterrag.registrate.AbstractRegistrate/REGISTRATE.REGISTER]: Registered fantasyfurniture:bone/skeleton/table_small to registry ResourceKey[minecraft:root / minecraft:item]
[05May2026 20:08:59.391] [main/DEBUG] [com.tterrag.registrate.AbstractRegistrate/REGISTRATE.REGISTER]: Registered fantasyfurniture:bone/skeleton/table_wide to registry ResourceKey[minecraft:root / minecraft:item]
[05May2026 20:08:59.391] [main/DEBUG] [com.tterrag.registrate.AbstractRegistrate/REGISTRATE.REGISTER]: Registered fantasyfurniture:bone/skeleton/table_large to registry ResourceKey[minecraft:root / minecraft:item]
[05May2026 20:08:59.391] [main/DEBUG] [com.tterrag.registrate.AbstractRegistrate/REGISTRATE.REGISTER]: Registered fantasyfurniture:bone/skeleton/stool to registry ResourceKey[minecraft:root / minecraft:item]
[05May2026 20:08:59.391] [main/DEBUG] [com.tterrag.registrate.AbstractRegistrate/REGISTRATE.REGISTER]: Registered fantasyfurniture:bone/skeleton/skull to registry ResourceKey[minecraft:root / minecraft:item]
[05May2026 20:08:59.391] [main/DEBUG] [com.tterrag.registrate.AbstractRegistrate/REGISTRATE.REGISTER]: Registered fantasyfurniture:bone/skeleton/painting_small to registry ResourceKey[minecraft:root / minecraft:item]
[05May2026 20:08:59.391] [main/DEBUG] [com.tterrag.registrate.AbstractRegistrate/REGISTRATE.REGISTER]: Registered fantasyfurniture:bone/skeleton/painting_wide to registry ResourceKey[minecraft:root / minecraft:item]
[05May2026 20:08:59.391] [main/DEBUG] [com.tterrag.registrate.AbstractRegistrate/REGISTRATE.REGISTER]: Registered fantasyfurniture:bone/skeleton/drawer to registry ResourceKey[minecraft:root / minecraft:item]
[05May2026 20:08:59.391] [main/DEBUG] [com.tterrag.registrate.AbstractRegistrate/REGISTRATE.REGISTER]: Registered fantasyfurniture:bone/skeleton/shelf to registry ResourceKey[minecraft:root / minecraft:item]
[05May2026 20:08:59.391] [main/DEBUG] [com.tterrag.registrate.AbstractRegistrate/REGISTRATE.REGISTER]: Registered fantasyfurniture:bone/skeleton/sofa to registry ResourceKey[minecraft:root / minecraft:item]
[05May2026 20:08:59.391] [main/DEBUG] [com.tterrag.registrate.AbstractRegistrate/REGISTRATE.REGISTER]: Registered fantasyfurniture:bone/skeleton/desk_left to registry ResourceKey[minecraft:root / minecraft:item]
[05May2026 20:08:59.392] [main/DEBUG] [com.tterrag.registrate.AbstractRegistrate/REGISTRATE.REGISTER]: Registered fantasyfurniture:bone/skeleton/desk_right to registry ResourceKey[minecraft:root / minecraft:item]
[05May2026 20:08:59.392] [main/DEBUG] [com.tterrag.registrate.AbstractRegistrate/REGISTRATE.REGISTER]: Registered fantasyfurniture:bone/skeleton/chair to registry ResourceKey[minecraft:root / minecraft:item]
[05May2026 20:08:59.392] [main/DEBUG] [com.tterrag.registrate.AbstractRegistrate/REGISTRATE.REGISTER]: Registered fantasyfurniture:bone/skeleton/bench to registry ResourceKey[minecraft:root / minecraft:item]
[05May2026 20:08:59.392] [main/DEBUG] [com.tterrag.registrate.AbstractRegistrate/REGISTRATE.REGISTER]: Registered fantasyfurniture:bone/skeleton/bookshelf to registry ResourceKey[minecraft:root / minecraft:item]
[05May2026 20:08:59.392] [main/DEBUG] [com.tterrag.registrate.AbstractRegistrate/REGISTRATE.REGISTER]: Registered fantasyfurniture:bone/skeleton/chest to registry ResourceKey[minecraft:root / minecraft:item]
[05May2026 20:08:59.392] [main/DEBUG] [com.tterrag.registrate.AbstractRegistrate/REGISTRATE.REGISTER]: Registered fantasyfurniture:bone/skeleton/dresser to registry ResourceKey[minecraft:root / minecraft:item]
[05May2026 20:08:59.392] [main/DEBUG] [com.tterrag.registrate.AbstractRegistrate/REGISTRATE.REGISTER]: Registered fantasyfurniture:bone/skeleton/wardrobe_bottom to registry ResourceKey[minecraft:root / minecraft:item]
[05May2026 20:08:59.392] [main/DEBUG] [com.tterrag.registrate.AbstractRegistrate/REGISTRATE.REGISTER]: Registered fantasyfurniture:bone/skeleton/wardrobe_top to registry ResourceKey[minecraft:root / minecraft:item]
[05May2026 20:08:59.392] [main/DEBUG] [com.tterrag.registrate.AbstractRegistrate/REGISTRATE.REGISTER]: Registered fantasyfurniture:bone/skeleton/bed_single to registry ResourceKey[minecraft:root / minecraft:item]
[05May2026 20:08:59.392] [main/DEBUG] [com.tterrag.registrate.AbstractRegistrate/REGISTRATE.REGISTER]: Registered fantasyfurniture:bone/skeleton/bed_double to registry ResourceKey[minecraft:root / minecraft:item]
[05May2026 20:08:59.392] [main/DEBUG] [com.tterrag.registrate.AbstractRegistrate/REGISTRATE.REGISTER]: Registered fantasyfurniture:bone/skeleton/chandelier to registry ResourceKey[minecraft:root / minecraft:item]
[05May2026 20:08:59.392] [main/DEBUG] [com.tterrag.registrate.AbstractRegistrate/REGISTRATE.REGISTER]: Registered fantasyfurniture:bone/skeleton/door_single to registry ResourceKey[minecraft:root / minecraft:item]
[05May2026 20:08:59.392] [main/DEBUG] [com.tterrag.registrate.AbstractRegistrate/REGISTRATE.REGISTER]: Registered fantasyfurniture:bone/skeleton/door_double to registry ResourceKey[minecraft:root / minecraft:item]
[05May2026 20:08:59.392] [main/DEBUG] [com.tterrag.registrate.AbstractRegistrate/REGISTRATE.REGISTER]: Registered fantasyfurniture:bone/skeleton/lockbox to registry ResourceKey[minecraft:root / minecraft:item]
[05May2026 20:08:59.392] [main/DEBUG] [com.tterrag.registrate.AbstractRegistrate/REGISTRATE.REGISTER]: Registered fantasyfurniture:bone/skeleton/counter to registry ResourceKey[minecraft:root / minecraft:item]
[05May2026 20:08:59.392] [main/DEBUG] [com.tterrag.registrate.AbstractRegistrate/REGISTRATE.REGISTER]: Registered fantasyfurniture:bone/skeleton/oven to registry ResourceKey[minecraft:root / minecraft:item]
[05May2026 20:08:59.392] [main/DEBUG] [com.tterrag.registrate.AbstractRegistrate/REGISTRATE.REGISTER]: Registered fantasyfurniture:bone/wither/wool to registry ResourceKey[minecraft:root / minecraft:item]
[05May2026 20:08:59.392] [main/DEBUG] [com.tterrag.registrate.AbstractRegistrate/REGISTRATE.REGISTER]: Registered fantasyfurniture:bone/wither/carpet to registry ResourceKey[minecraft:root / minecraft:item]
[05May2026 20:08:59.392] [main/DEBUG] [com.tterrag.registrate.AbstractRegistrate/REGISTRATE.REGISTER]: Registered fantasyfurniture:bone/wither/wall_light to registry ResourceKey[minecraft:root / minecraft:item]
[05May2026 20:08:59.392] [main/DEBUG] [com.tterrag.registrate.AbstractRegistrate/REGISTRATE.REGISTER]: Registered fantasyfurniture:bone/wither/floor_light to registry ResourceKey[minecraft:root / minecraft:item]
[05May2026 20:08:59.392] [main/DEBUG] [com.tterrag.registrate.AbstractRegistrate/REGISTRATE.REGISTER]: Registered fantasyfurniture:bone/wither/table_small to registry ResourceKey[minecraft:root / minecraft:item]
[05May2026 20:08:59.393] [main/DEBUG] [com.tterrag.registrate.AbstractRegistrate/REGISTRATE.REGISTER]: Registered fantasyfurniture:bone/wither/table_wide to registry ResourceKey[minecraft:root / minecraft:item]
[05May2026 20:08:59.393] [main/DEBUG] [com.tterrag.registrate.AbstractRegistrate/REGISTRATE.REGISTER]: Registered fantasyfurniture:bone/wither/table_large to registry ResourceKey[minecraft:root / minecraft:item]
[05May2026 20:08:59.393] [main/DEBUG] [com.tterrag.registrate.AbstractRegistrate/REGISTRATE.REGISTER]: Registered fantasyfurniture:bone/wither/stool to registry ResourceKey[minecraft:root / minecraft:item]
[05May2026 20:08:59.393] [main/DEBUG] [com.tterrag.registrate.AbstractRegistrate/REGISTRATE.REGISTER]: Registered fantasyfurniture:bone/wither/skull to registry ResourceKey[minecraft:root / minecraft:item]
[05May2026 20:08:59.393] [main/DEBUG] [com.tterrag.registrate.AbstractRegistrate/REGISTRATE.REGISTER]: Registered fantasyfurniture:bone/wither/painting_small to registry ResourceKey[minecraft:root / minecraft:item]
[05May2026 20:08:59.393] [main/DEBUG] [com.tterrag.registrate.AbstractRegistrate/REGISTRATE.REGISTER]: Registered fantasyfurniture:bone/wither/painting_wide to registry ResourceKey[minecraft:root / minecraft:item]
[05May2026 20:08:59.393] [main/DEBUG] [com.tterrag.registrate.AbstractRegistrate/REGISTRATE.REGISTER]: Registered fantasyfurniture:bone/wither/drawer to registry ResourceKey[minecraft:root / minecraft:item]
[05May2026 20:08:59.393] [main/DEBUG] [com.tterrag.registrate.AbstractRegistrate/REGISTRATE.REGISTER]: Registered fantasyfurniture:bone/wither/shelf to registry ResourceKey[minecraft:root / minecraft:item]
[05May2026 20:08:59.393] [main/DEBUG] [com.tterrag.registrate.AbstractRegistrate/REGISTRATE.REGISTER]: Registered fantasyfurniture:bone/wither/sofa to registry ResourceKey[minecraft:root / minecraft:item]
[05May2026 20:08:59.393] [main/DEBUG] [com.tterrag.registrate.AbstractRegistrate/REGISTRATE.REGISTER]: Registered fantasyfurniture:bone/wither/desk_left to registry ResourceKey[minecraft:root / minecraft:item]
[05May2026 20:08:59.393] [main/DEBUG] [com.tterrag.registrate.AbstractRegistrate/REGISTRATE.REGISTER]: Registered fantasyfurniture:bone/wither/desk_right to registry ResourceKey[minecraft:root / minecraft:item]
[05May2026 20:08:59.393] [main/DEBUG] [com.tterrag.registrate.AbstractRegistrate/REGISTRATE.REGISTER]: Registered fantasyfurniture:bone/wither/chair to registry ResourceKey[minecraft:root / minecraft:item]
[05May2026 20:08:59.393] [main/DEBUG] [com.tterrag.registrate.AbstractRegistrate/REGISTRATE.REGISTER]: Registered fantasyfurniture:bone/wither/bench to registry ResourceKey[minecraft:root / minecraft:item]
[05May2026 20:08:59.394] [main/DEBUG] [com.tterrag.registrate.AbstractRegistrate/REGISTRATE.REGISTER]: Registered fantasyfurniture:bone/wither/bookshelf to registry ResourceKey[minecraft:root / minecraft:item]
[05May2026 20:08:59.394] [main/DEBUG] [com.tterrag.registrate.AbstractRegistrate/REGISTRATE.REGISTER]: Registered fantasyfurniture:bone/wither/chest to registry ResourceKey[minecraft:root / minecraft:item]
[05May2026 20:08:59.394] [main/DEBUG] [com.tterrag.registrate.AbstractRegistrate/REGISTRATE.REGISTER]: Registered fantasyfurniture:bone/wither/dresser to registry ResourceKey[minecraft:root / minecraft:item]
[05May2026 20:08:59.394] [main/DEBUG] [com.tterrag.registrate.AbstractRegistrate/REGISTRATE.REGISTER]: Registered fantasyfurniture:bone/wither/wardrobe_bottom to registry ResourceKey[minecraft:root / minecraft:item]
[05May2026 20:08:59.394] [main/DEBUG] [com.tterrag.registrate.AbstractRegistrate/REGISTRATE.REGISTER]: Registered fantasyfurniture:bone/wither/wardrobe_top to registry ResourceKey[minecraft:root / minecraft:item]
[05May2026 20:08:59.394] [main/DEBUG] [com.tterrag.registrate.AbstractRegistrate/REGISTRATE.REGISTER]: Registered fantasyfurniture:bone/wither/bed_single to registry ResourceKey[minecraft:root / minecraft:item]
[05May2026 20:08:59.394] [main/DEBUG] [com.tterrag.registrate.AbstractRegistrate/REGISTRATE.REGISTER]: Registered fantasyfurniture:bone/wither/bed_double to registry ResourceKey[minecraft:root / minecraft:item]
[05May2026 20:08:59.394] [main/DEBUG] [com.tterrag.registrate.AbstractRegistrate/REGISTRATE.REGISTER]: Registered fantasyfurniture:bone/wither/chandelier to registry ResourceKey[minecraft:root / minecraft:item]
[05May2026 20:08:59.394] [main/DEBUG] [com.tterrag.registrate.AbstractRegistrate/REGISTRATE.REGISTER]: Registered fantasyfurniture:bone/wither/door_single to registry ResourceKey[minecraft:root / minecraft:item]
[05May2026 20:08:59.394] [main/DEBUG] [com.tterrag.registrate.AbstractRegistrate/REGISTRATE.REGISTER]: Registered fantasyfurniture:bone/wither/door_double to registry ResourceKey[minecraft:root / minecraft:item]
[05May2026 20:08:59.394] [main/DEBUG] [com.tterrag.registrate.AbstractRegistrate/REGISTRATE.REGISTER]: Registered fantasyfurniture:bone/wither/lockbox to registry ResourceKey[minecraft:root / minecraft:item]
[05May2026 20:08:59.394] [main/DEBUG] [com.tterrag.registrate.AbstractRegistrate/REGISTRATE.REGISTER]: Registered fantasyfurniture:bone/wither/counter to registry ResourceKey[minecraft:root / minecraft:item]
[05May2026 20:08:59.394] [main/DEBUG] [com.tterrag.registrate.AbstractRegistrate/REGISTRATE.REGISTER]: Registered fantasyfurniture:bone/wither/oven to registry ResourceKey[minecraft:root / minecraft:item]
[05May2026 20:08:59.395] [main/DEBUG] [com.tterrag.registrate.AbstractRegistrate/REGISTRATE.REGISTER]: Registered fantasyfurniture:royal/wool to registry ResourceKey[minecraft:root / minecraft:item]
[05May2026 20:08:59.395] [main/DEBUG] [com.tterrag.registrate.AbstractRegistrate/REGISTRATE.REGISTER]: Registered fantasyfurniture:royal/carpet to registry ResourceKey[minecraft:root / minecraft:item]
[05May2026 20:08:59.395] [main/DEBUG] [com.tterrag.registrate.AbstractRegistrate/REGISTRATE.REGISTER]: Registered fantasyfurniture:royal/wall_light to registry ResourceKey[minecraft:root / minecraft:item]
[05May2026 20:08:59.395] [main/DEBUG] [com.tterrag.registrate.AbstractRegistrate/REGISTRATE.REGISTER]: Registered fantasyfurniture:royal/floor_light to registry ResourceKey[minecraft:root / minecraft:item]
[05May2026 20:08:59.395] [main/DEBUG] [com.tterrag.registrate.AbstractRegistrate/REGISTRATE.REGISTER]: Registered fantasyfurniture:royal/table_small to registry ResourceKey[minecraft:root / minecraft:item]
[05May2026 20:08:59.395] [main/DEBUG] [com.tterrag.registrate.AbstractRegistrate/REGISTRATE.REGISTER]: Registered fantasyfurniture:royal/table_wide to registry ResourceKey[minecraft:root / minecraft:item]
[05May2026 20:08:59.395] [main/DEBUG] [com.tterrag.registrate.AbstractRegistrate/REGISTRATE.REGISTER]: Registered fantasyfurniture:royal/table_large to registry ResourceKey[minecraft:root / minecraft:item]
[05May2026 20:08:59.395] [main/DEBUG] [com.tterrag.registrate.AbstractRegistrate/REGISTRATE.REGISTER]: Registered fantasyfurniture:royal/stool to registry ResourceKey[minecraft:root / minecraft:item]
[05May2026 20:08:59.395] [main/DEBUG] [com.tterrag.registrate.AbstractRegistrate/REGISTRATE.REGISTER]: Registered fantasyfurniture:royal/cushion to registry ResourceKey[minecraft:root / minecraft:item]
[05May2026 20:08:59.395] [main/DEBUG] [com.tterrag.registrate.AbstractRegistrate/REGISTRATE.REGISTER]: Registered fantasyfurniture:royal/painting_small to registry ResourceKey[minecraft:root / minecraft:item]
[05May2026 20:08:59.395] [main/DEBUG] [com.tterrag.registrate.AbstractRegistrate/REGISTRATE.REGISTER]: Registered fantasyfurniture:royal/painting_wide to registry ResourceKey[minecraft:root / minecraft:item]
[05May2026 20:08:59.395] [main/DEBUG] [com.tterrag.registrate.AbstractRegistrate/REGISTRATE.REGISTER]: Registered fantasyfurniture:royal/drawer to registry ResourceKey[minecraft:root / minecraft:item]
[05May2026 20:08:59.395] [main/DEBUG] [com.tterrag.registrate.AbstractRegistrate/REGISTRATE.REGISTER]: Registered fantasyfurniture:royal/shelf to registry ResourceKey[minecraft:root / minecraft:item]
[05May2026 20:08:59.396] [main/DEBUG] [com.tterrag.registrate.AbstractRegistrate/REGISTRATE.REGISTER]: Registered fantasyfurniture:royal/sofa to registry ResourceKey[minecraft:root / minecraft:item]
[05May2026 20:08:59.396] [main/DEBUG] [com.tterrag.registrate.AbstractRegistrate/REGISTRATE.REGISTER]: Registered fantasyfurniture:royal/desk_left to registry ResourceKey[minecraft:root / minecraft:item]
[05May2026 20:08:59.396] [main/DEBUG] [com.tterrag.registrate.AbstractRegistrate/REGISTRATE.REGISTER]: Registered fantasyfurniture:royal/desk_right to registry ResourceKey[minecraft:root / minecraft:item]
[05May2026 20:08:59.396] [main/DEBUG] [com.tterrag.registrate.AbstractRegistrate/REGISTRATE.REGISTER]: Registered fantasyfurniture:royal/chair to registry ResourceKey[minecraft:root / minecraft:item]
[05May2026 20:08:59.396] [main/DEBUG] [com.tterrag.registrate.AbstractRegistrate/REGISTRATE.REGISTER]: Registered fantasyfurniture:royal/bench to registry ResourceKey[minecraft:root / minecraft:item]
[05May2026 20:08:59.396] [main/DEBUG] [com.tterrag.registrate.AbstractRegistrate/REGISTRATE.REGISTER]: Registered fantasyfurniture:royal/bookshelf to registry ResourceKey[minecraft:root / minecraft:item]
[05May2026 20:08:59.396] [main/DEBUG] [com.tterrag.registrate.AbstractRegistrate/REGISTRATE.REGISTER]: Registered fantasyfurniture:royal/chest to registry ResourceKey[minecraft:root / minecraft:item]
[05May2026 20:08:59.396] [main/DEBUG] [com.tterrag.registrate.AbstractRegistrate/REGISTRATE.REGISTER]: Registered fantasyfurniture:royal/dresser to registry ResourceKey[minecraft:root / minecraft:item]
[05May2026 20:08:59.396] [main/DEBUG] [com.tterrag.registrate.AbstractRegistrate/REGISTRATE.REGISTER]: Registered fantasyfurniture:royal/wardrobe_bottom to registry ResourceKey[minecraft:root / minecraft:item]
[05May2026 20:08:59.396] [main/DEBUG] [com.tterrag.registrate.AbstractRegistrate/REGISTRATE.REGISTER]: Registered fantasyfurniture:royal/wardrobe_top to registry ResourceKey[minecraft:root / minecraft:item]
[05May2026 20:08:59.396] [main/DEBUG] [com.tterrag.registrate.AbstractRegistrate/REGISTRATE.REGISTER]: Registered fantasyfurniture:royal/bed_single to registry ResourceKey[minecraft:root / minecraft:item]
[05May2026 20:08:59.397] [main/DEBUG] [com.tterrag.registrate.AbstractRegistrate/REGISTRATE.REGISTER]: Registered fantasyfurniture:royal/bed_double to registry ResourceKey[minecraft:root / minecraft:item]
[05May2026 20:08:59.397] [main/DEBUG] [com.tterrag.registrate.AbstractRegistrate/REGISTRATE.REGISTER]: Registered fantasyfurniture:royal/chandelier to registry ResourceKey[minecraft:root / minecraft:item]
[05May2026 20:08:59.397] [main/DEBUG] [com.tterrag.registrate.AbstractRegistrate/REGISTRATE.REGISTER]: Registered fantasyfurniture:royal/door_single to registry ResourceKey[minecraft:root / minecraft:item]
[05May2026 20:08:59.397] [main/DEBUG] [com.tterrag.registrate.AbstractRegistrate/REGISTRATE.REGISTER]: Registered fantasyfurniture:royal/door_double to registry ResourceKey[minecraft:root / minecraft:item]
[05May2026 20:08:59.397] [main/DEBUG] [com.tterrag.registrate.AbstractRegistrate/REGISTRATE.REGISTER]: Registered fantasyfurniture:royal/lockbox to registry ResourceKey[minecraft:root / minecraft:item]
[05May2026 20:08:59.397] [main/DEBUG] [com.tterrag.registrate.AbstractRegistrate/REGISTRATE.REGISTER]: Registered fantasyfurniture:royal/counter to registry ResourceKey[minecraft:root / minecraft:item]
[05May2026 20:08:59.397] [main/DEBUG] [com.tterrag.registrate.AbstractRegistrate/REGISTRATE.REGISTER]: Registered fantasyfurniture:royal/oven to registry ResourceKey[minecraft:root / minecraft:item]
[05May2026 20:08:59.397] [main/DEBUG] [com.tterrag.registrate.AbstractRegistrate/REGISTRATE.REGISTER]: Registered fantasyfurniture:necrolord/wool to registry ResourceKey[minecraft:root / minecraft:item]
[05May2026 20:08:59.397] [main/DEBUG] [com.tterrag.registrate.AbstractRegistrate/REGISTRATE.REGISTER]: Registered fantasyfurniture:necrolord/carpet to registry ResourceKey[minecraft:root / minecraft:item]
[05May2026 20:08:59.397] [main/DEBUG] [com.tterrag.registrate.AbstractRegistrate/REGISTRATE.REGISTER]: Registered fantasyfurniture:necrolord/wall_light to registry ResourceKey[minecraft:root / minecraft:item]
[05May2026 20:08:59.397] [main/DEBUG] [com.tterrag.registrate.AbstractRegistrate/REGISTRATE.REGISTER]: Registered fantasyfurniture:necrolord/floor_light to registry ResourceKey[minecraft:root / minecraft:item]
[05May2026 20:08:59.397] [main/DEBUG] [com.tterrag.registrate.AbstractRegistrate/REGISTRATE.REGISTER]: Registered fantasyfurniture:necrolord/table_small to registry ResourceKey[minecraft:root / minecraft:item]
[05May2026 20:08:59.397] [main/DEBUG] [com.tterrag.registrate.AbstractRegistrate/REGISTRATE.REGISTER]: Registered fantasyfurniture:necrolord/table_wide to registry ResourceKey[minecraft:root / minecraft:item]
[05May2026 20:08:59.397] [main/DEBUG] [com.tterrag.registrate.AbstractRegistrate/REGISTRATE.REGISTER]: Registered fantasyfurniture:necrolord/table_large to registry ResourceKey[minecraft:root / minecraft:item]
[05May2026 20:08:59.397] [main/DEBUG] [com.tterrag.registrate.AbstractRegistrate/REGISTRATE.REGISTER]: Registered fantasyfurniture:necrolord/stool to registry ResourceKey[minecraft:root / minecraft:item]
[05May2026 20:08:59.397] [main/DEBUG] [com.tterrag.registrate.AbstractRegistrate/REGISTRATE.REGISTER]: Registered fantasyfurniture:necrolord/cushion to registry ResourceKey[minecraft:root / minecraft:item]
[05May2026 20:08:59.397] [main/DEBUG] [com.tterrag.registrate.AbstractRegistrate/REGISTRATE.REGISTER]: Registered fantasyfurniture:necrolord/painting_small to registry ResourceKey[minecraft:root / minecraft:item]
[05May2026 20:08:59.397] [main/DEBUG] [com.tterrag.registrate.AbstractRegistrate/REGISTRATE.REGISTER]: Registered fantasyfurniture:necrolord/painting_wide to registry ResourceKey[minecraft:root / minecraft:item]
[05May2026 20:08:59.398] [main/DEBUG] [com.tterrag.registrate.AbstractRegistrate/REGISTRATE.REGISTER]: Registered fantasyfurniture:necrolord/drawer to registry ResourceKey[minecraft:root / minecraft:item]
[05May2026 20:08:59.398] [main/DEBUG] [com.tterrag.registrate.AbstractRegistrate/REGISTRATE.REGISTER]: Registered fantasyfurniture:necrolord/shelf to registry ResourceKey[minecraft:root / minecraft:item]
[05May2026 20:08:59.398] [main/DEBUG] [com.tterrag.registrate.AbstractRegistrate/REGISTRATE.REGISTER]: Registered fantasyfurniture:necrolord/sofa to registry ResourceKey[minecraft:root / minecraft:item]
[05May2026 20:08:59.398] [main/DEBUG] [com.tterrag.registrate.AbstractRegistrate/REGISTRATE.REGISTER]: Registered fantasyfurniture:necrolord/desk_left to registry ResourceKey[minecraft:root / minecraft:item]
[05May2026 20:08:59.398] [main/DEBUG] [com.tterrag.registrate.AbstractRegistrate/REGISTRATE.REGISTER]: Registered fantasyfurniture:necrolord/desk_right to registry ResourceKey[minecraft:root / minecraft:item]
[05May2026 20:08:59.398] [main/DEBUG] [com.tterrag.registrate.AbstractRegistrate/REGISTRATE.REGISTER]: Registered fantasyfurniture:necrolord/chair to registry ResourceKey[minecraft:root / minecraft:item]
[05May2026 20:08:59.398] [main/DEBUG] [com.tterrag.registrate.AbstractRegistrate/REGISTRATE.REGISTER]: Registered fantasyfurniture:necrolord/bench to registry ResourceKey[minecraft:root / minecraft:item]
[05May2026 20:08:59.398] [main/DEBUG] [com.tterrag.registrate.AbstractRegistrate/REGISTRATE.REGISTER]: Registered fantasyfurniture:necrolord/bookshelf to registry ResourceKey[minecraft:root / minecraft:item]
[05May2026 20:08:59.398] [main/DEBUG] [com.tterrag.registrate.AbstractRegistrate/REGISTRATE.REGISTER]: Registered fantasyfurniture:necrolord/chest to registry ResourceKey[minecraft:root / minecraft:item]
[05May2026 20:08:59.399] [main/DEBUG] [com.tterrag.registrate.AbstractRegistrate/REGISTRATE.REGISTER]: Registered fantasyfurniture:necrolord/dresser to registry ResourceKey[minecraft:root / minecraft:item]
[05May2026 20:08:59.399] [main/DEBUG] [com.tterrag.registrate.AbstractRegistrate/REGISTRATE.REGISTER]: Registered fantasyfurniture:necrolord/wardrobe_bottom to registry ResourceKey[minecraft:root / minecraft:item]
[05May2026 20:08:59.399] [main/DEBUG] [com.tterrag.registrate.AbstractRegistrate/REGISTRATE.REGISTER]: Registered fantasyfurniture:necrolord/wardrobe_top to registry ResourceKey[minecraft:root / minecraft:item]
[05May2026 20:08:59.399] [main/DEBUG] [com.tterrag.registrate.AbstractRegistrate/REGISTRATE.REGISTER]: Registered fantasyfurniture:necrolord/bed_single to registry ResourceKey[minecraft:root / minecraft:item]
[05May2026 20:08:59.399] [main/DEBUG] [com.tterrag.registrate.AbstractRegistrate/REGISTRATE.REGISTER]: Registered fantasyfurniture:necrolord/bed_double to registry ResourceKey[minecraft:root / minecraft:item]
[05May2026 20:08:59.399] [main/DEBUG] [com.tterrag.registrate.AbstractRegistrate/REGISTRATE.REGISTER]: Registered fantasyfurniture:necrolord/chandelier to registry ResourceKey[minecraft:root / minecraft:item]
[05May2026 20:08:59.399] [main/DEBUG] [com.tterrag.registrate.AbstractRegistrate/REGISTRATE.REGISTER]: Registered fantasyfurniture:necrolord/door_single to registry ResourceKey[minecraft:root / minecraft:item]
[05May2026 20:08:59.399] [main/DEBUG] [com.tterrag.registrate.AbstractRegistrate/REGISTRATE.REGISTER]: Registered fantasyfurniture:necrolord/door_double to registry ResourceKey[minecraft:root / minecraft:item]
[05May2026 20:08:59.399] [main/DEBUG] [com.tterrag.registrate.AbstractRegistrate/REGISTRATE.REGISTER]: Registered fantasyfurniture:necrolord/lockbox to registry ResourceKey[minecraft:root / minecraft:item]
[05May2026 20:08:59.399] [main/DEBUG] [com.tterrag.registrate.AbstractRegistrate/REGISTRATE.REGISTER]: Registered fantasyfurniture:necrolord/counter to registry ResourceKey[minecraft:root / minecraft:item]
[05May2026 20:08:59.399] [main/DEBUG] [com.tterrag.registrate.AbstractRegistrate/REGISTRATE.REGISTER]: Registered fantasyfurniture:necrolord/oven to registry ResourceKey[minecraft:root / minecraft:item]
[05May2026 20:08:59.406] [main/DEBUG] [net.minecraftforge.registries.GameData/REGISTRIES]: Applying holder lookups: minecraft:item
[05May2026 20:08:59.411] [main/DEBUG] [net.minecraftforge.registries.GameData/REGISTRIES]: Holder lookups applied: minecraft:item
[05May2026 20:08:59.411] [main/DEBUG] [com.tterrag.registrate.AbstractRegistrate/REGISTRATE.REGISTER]: Registering 1 known objects of type minecraft:entity_type
[05May2026 20:08:59.412] [main/DEBUG] [com.tterrag.registrate.AbstractRegistrate/REGISTRATE.REGISTER]: Registered apexcore:seat to registry ResourceKey[minecraft:root / minecraft:entity_type]
[05May2026 20:08:59.417] [main/DEBUG] [net.minecraftforge.registries.GameData/REGISTRIES]: Applying holder lookups: minecraft:entity_type
[05May2026 20:08:59.418] [main/DEBUG] [net.minecraftforge.registries.GameData/REGISTRIES]: Holder lookups applied: minecraft:entity_type
[05May2026 20:08:59.418] [main/DEBUG] [net.minecraftforge.registries.GameData/REGISTRIES]: Applying holder lookups: minecraft:sensor_type
[05May2026 20:08:59.419] [main/DEBUG] [net.minecraftforge.registries.GameData/REGISTRIES]: Holder lookups applied: minecraft:sensor_type
[05May2026 20:08:59.419] [main/DEBUG] [net.minecraftforge.registries.GameData/REGISTRIES]: Applying holder lookups: minecraft:memory_module_type
[05May2026 20:08:59.420] [main/DEBUG] [net.minecraftforge.registries.GameData/REGISTRIES]: Holder lookups applied: minecraft:memory_module_type
[05May2026 20:08:59.420] [main/DEBUG] [net.minecraftforge.registries.GameData/REGISTRIES]: Applying holder lookups: minecraft:potion
[05May2026 20:08:59.421] [main/DEBUG] [net.minecraftforge.registries.GameData/REGISTRIES]: Holder lookups applied: minecraft:potion
[05May2026 20:08:59.421] [main/DEBUG] [net.minecraftforge.registries.GameData/REGISTRIES]: Applying holder lookups: minecraft:game_event
[05May2026 20:08:59.421] [main/DEBUG] [net.minecraftforge.registries.GameData/REGISTRIES]: Holder lookups applied: minecraft:game_event
[05May2026 20:08:59.421] [main/DEBUG] [net.minecraftforge.registries.GameData/REGISTRIES]: Applying holder lookups: minecraft:enchantment
[05May2026 20:08:59.422] [main/DEBUG] [net.minecraftforge.registries.GameData/REGISTRIES]: Holder lookups applied: minecraft:enchantment
[05May2026 20:08:59.425] [main/DEBUG] [com.tterrag.registrate.AbstractRegistrate/REGISTRATE.REGISTER]: Registering 14 known objects of type minecraft:block_entity_type
[05May2026 20:08:59.426] [main/DEBUG] [com.tterrag.registrate.AbstractRegistrate/REGISTRATE.REGISTER]: Registered fantasyfurniture:furniture_station to registry ResourceKey[minecraft:root / minecraft:block_entity_type]
[05May2026 20:08:59.426] [main/DEBUG] [com.tterrag.registrate.AbstractRegistrate/REGISTRATE.REGISTER]: Registered fantasyfurniture:bookshelf to registry ResourceKey[minecraft:root / minecraft:block_entity_type]
[05May2026 20:08:59.426] [main/DEBUG] [com.tterrag.registrate.AbstractRegistrate/REGISTRATE.REGISTER]: Registered fantasyfurniture:chest to registry ResourceKey[minecraft:root / minecraft:block_entity_type]
[05May2026 20:08:59.426] [main/DEBUG] [com.tterrag.registrate.AbstractRegistrate/REGISTRATE.REGISTER]: Registered fantasyfurniture:desk to registry ResourceKey[minecraft:root / minecraft:block_entity_type]
[05May2026 20:08:59.426] [main/DEBUG] [com.tterrag.registrate.AbstractRegistrate/REGISTRATE.REGISTER]: Registered fantasyfurniture:drawer to registry ResourceKey[minecraft:root / minecraft:block_entity_type]
[05May2026 20:08:59.426] [main/DEBUG] [com.tterrag.registrate.AbstractRegistrate/REGISTRATE.REGISTER]: Registered fantasyfurniture:dresser to registry ResourceKey[minecraft:root / minecraft:block_entity_type]
[05May2026 20:08:59.426] [main/DEBUG] [com.tterrag.registrate.AbstractRegistrate/REGISTRATE.REGISTER]: Registered fantasyfurniture:lockbox to registry ResourceKey[minecraft:root / minecraft:block_entity_type]
[05May2026 20:08:59.426] [main/DEBUG] [com.tterrag.registrate.AbstractRegistrate/REGISTRATE.REGISTER]: Registered fantasyfurniture:wardrobe to registry ResourceKey[minecraft:root / minecraft:block_entity_type]
[05May2026 20:08:59.426] [main/DEBUG] [com.tterrag.registrate.AbstractRegistrate/REGISTRATE.REGISTER]: Registered fantasyfurniture:counter to registry ResourceKey[minecraft:root / minecraft:block_entity_type]
[05May2026 20:08:59.426] [main/DEBUG] [com.tterrag.registrate.AbstractRegistrate/REGISTRATE.REGISTER]: Registered fantasyfurniture:oven to registry ResourceKey[minecraft:root / minecraft:block_entity_type]
[05May2026 20:08:59.426] [main/DEBUG] [com.tterrag.registrate.AbstractRegistrate/REGISTRATE.REGISTER]: Registered fantasyfurniture:cookie_jar to registry ResourceKey[minecraft:root / minecraft:block_entity_type]
[05May2026 20:08:59.426] [main/DEBUG] [com.tterrag.registrate.AbstractRegistrate/REGISTRATE.REGISTER]: Registered fantasyfurniture:decorations/widow_bloom to registry ResourceKey[minecraft:root / minecraft:block_entity_type]
[05May2026 20:08:59.426] [main/DEBUG] [com.tterrag.registrate.AbstractRegistrate/REGISTRATE.REGISTER]: Registered fantasyfurniture:decorations/bone_skull_blossoms to registry ResourceKey[minecraft:root / minecraft:block_entity_type]
[05May2026 20:08:59.426] [main/DEBUG] [com.tterrag.registrate.AbstractRegistrate/REGISTRATE.REGISTER]: Registered fantasyfurniture:stocking to registry ResourceKey[minecraft:root / minecraft:block_entity_type]
[05May2026 20:08:59.427] [main/DEBUG] [net.minecraftforge.registries.GameData/REGISTRIES]: Applying holder lookups: minecraft:block_entity_type
[05May2026 20:08:59.428] [main/DEBUG] [net.minecraftforge.registries.GameData/REGISTRIES]: Holder lookups applied: minecraft:block_entity_type
[05May2026 20:08:59.428] [main/DEBUG] [net.minecraftforge.registries.GameData/REGISTRIES]: Applying holder lookups: minecraft:painting_variant
[05May2026 20:08:59.429] [main/DEBUG] [net.minecraftforge.registries.GameData/REGISTRIES]: Holder lookups applied: minecraft:painting_variant
[05May2026 20:08:59.429] [main/DEBUG] [net.minecraftforge.registries.GameData/REGISTRIES]: Applying holder lookups: minecraft:stat_type
[05May2026 20:08:59.429] [main/DEBUG] [net.minecraftforge.registries.GameData/REGISTRIES]: Holder lookups applied: minecraft:stat_type
[05May2026 20:08:59.430] [main/DEBUG] [net.minecraftforge.registries.GameData/REGISTRIES]: Applying holder lookups: minecraft:custom_stat
[05May2026 20:08:59.430] [main/DEBUG] [net.minecraftforge.registries.GameData/REGISTRIES]: Holder lookups applied: minecraft:custom_stat
[05May2026 20:08:59.430] [main/DEBUG] [net.minecraftforge.registries.GameData/REGISTRIES]: Applying holder lookups: minecraft:chunk_status
[05May2026 20:08:59.431] [main/DEBUG] [net.minecraftforge.registries.GameData/REGISTRIES]: Holder lookups applied: minecraft:chunk_status
[05May2026 20:08:59.431] [main/DEBUG] [net.minecraftforge.registries.GameData/REGISTRIES]: Applying holder lookups: minecraft:rule_test
[05May2026 20:08:59.431] [main/DEBUG] [net.minecraftforge.registries.GameData/REGISTRIES]: Holder lookups applied: minecraft:rule_test
[05May2026 20:08:59.431] [main/DEBUG] [net.minecraftforge.registries.GameData/REGISTRIES]: Applying holder lookups: minecraft:rule_block_entity_modifier
[05May2026 20:08:59.432] [main/DEBUG] [net.minecraftforge.registries.GameData/REGISTRIES]: Holder lookups applied: minecraft:rule_block_entity_modifier
[05May2026 20:08:59.432] [main/DEBUG] [net.minecraftforge.registries.GameData/REGISTRIES]: Applying holder lookups: minecraft:pos_rule_test
[05May2026 20:08:59.433] [main/DEBUG] [net.minecraftforge.registries.GameData/REGISTRIES]: Holder lookups applied: minecraft:pos_rule_test
[05May2026 20:08:59.433] [main/DEBUG] [com.tterrag.registrate.AbstractRegistrate/REGISTRATE.REGISTER]: Registering 8 known objects of type minecraft:menu
[05May2026 20:08:59.433] [main/DEBUG] [com.tterrag.registrate.AbstractRegistrate/REGISTRATE.REGISTER]: Registered fantasyfurniture:large_inventory_menu to registry ResourceKey[minecraft:root / minecraft:menu]
[05May2026 20:08:59.433] [main/DEBUG] [com.tterrag.registrate.AbstractRegistrate/REGISTRATE.REGISTER]: Registered fantasyfurniture:medium_inventory_menu to registry ResourceKey[minecraft:root / minecraft:menu]
[05May2026 20:08:59.433] [main/DEBUG] [com.tterrag.registrate.AbstractRegistrate/REGISTRATE.REGISTER]: Registered fantasyfurniture:small_inventory_menu to registry ResourceKey[minecraft:root / minecraft:menu]
[05May2026 20:08:59.434] [main/DEBUG] [com.tterrag.registrate.AbstractRegistrate/REGISTRATE.REGISTER]: Registered fantasyfurniture:bookshelf to registry ResourceKey[minecraft:root / minecraft:menu]
[05May2026 20:08:59.434] [main/DEBUG] [com.tterrag.registrate.AbstractRegistrate/REGISTRATE.REGISTER]: Registered fantasyfurniture:oven to registry ResourceKey[minecraft:root / minecraft:menu]
[05May2026 20:08:59.434] [main/DEBUG] [com.tterrag.registrate.AbstractRegistrate/REGISTRATE.REGISTER]: Registered fantasyfurniture:cookie_jar to registry ResourceKey[minecraft:root / minecraft:menu]
[05May2026 20:08:59.434] [main/DEBUG] [com.tterrag.registrate.AbstractRegistrate/REGISTRATE.REGISTER]: Registered fantasyfurniture:furniture_station to registry ResourceKey[minecraft:root / minecraft:menu]
[05May2026 20:08:59.434] [main/DEBUG] [com.tterrag.registrate.AbstractRegistrate/REGISTRATE.REGISTER]: Registered fantasyfurniture:stocking to registry ResourceKey[minecraft:root / minecraft:menu]
[05May2026 20:08:59.434] [main/DEBUG] [net.minecraftforge.registries.GameData/REGISTRIES]: Applying holder lookups: minecraft:menu
[05May2026 20:08:59.435] [main/DEBUG] [net.minecraftforge.registries.GameData/REGISTRIES]: Holder lookups applied: minecraft:menu
[05May2026 20:08:59.435] [main/DEBUG] [com.tterrag.registrate.AbstractRegistrate/REGISTRATE.REGISTER]: Registering 1 known objects of type minecraft:recipe_type
[05May2026 20:08:59.435] [main/DEBUG] [com.tterrag.registrate.AbstractRegistrate/REGISTRATE.REGISTER]: Registered fantasyfurniture:dyeable to registry ResourceKey[minecraft:root / minecraft:recipe_type]
[05May2026 20:08:59.435] [main/DEBUG] [net.minecraftforge.registries.GameData/REGISTRIES]: Applying holder lookups: minecraft:recipe_type
[05May2026 20:08:59.436] [main/DEBUG] [net.minecraftforge.registries.GameData/REGISTRIES]: Holder lookups applied: minecraft:recipe_type
[05May2026 20:08:59.445] [main/DEBUG] [com.tterrag.registrate.AbstractRegistrate/REGISTRATE.REGISTER]: Registering 1 known objects of type minecraft:recipe_serializer
[05May2026 20:08:59.445] [main/DEBUG] [com.tterrag.registrate.AbstractRegistrate/REGISTRATE.REGISTER]: Registered fantasyfurniture:dyeable to registry ResourceKey[minecraft:root / minecraft:recipe_serializer]
[05May2026 20:08:59.446] [main/DEBUG] [net.minecraftforge.registries.GameData/REGISTRIES]: Applying holder lookups: minecraft:recipe_serializer
[05May2026 20:08:59.447] [main/DEBUG] [net.minecraftforge.registries.GameData/REGISTRIES]: Holder lookups applied: minecraft:recipe_serializer
[05May2026 20:08:59.447] [main/DEBUG] [net.minecraftforge.registries.GameData/REGISTRIES]: Applying holder lookups: minecraft:position_source_type
[05May2026 20:08:59.448] [main/DEBUG] [net.minecraftforge.registries.GameData/REGISTRIES]: Holder lookups applied: minecraft:position_source_type
[05May2026 20:08:59.449] [main/DEBUG] [net.minecraftforge.registries.GameData/REGISTRIES]: Applying holder lookups: minecraft:command_argument_type
[05May2026 20:08:59.450] [main/DEBUG] [net.minecraftforge.registries.GameData/REGISTRIES]: Holder lookups applied: minecraft:command_argument_type
[05May2026 20:08:59.450] [main/DEBUG] [net.minecraftforge.registries.GameData/REGISTRIES]: Applying holder lookups: minecraft:villager_type
[05May2026 20:08:59.451] [main/DEBUG] [net.minecraftforge.registries.GameData/REGISTRIES]: Holder lookups applied: minecraft:villager_type
[05May2026 20:08:59.452] [main/DEBUG] [net.minecraftforge.registries.GameData/REGISTRIES]: Applying holder lookups: minecraft:villager_profession
[05May2026 20:08:59.453] [main/DEBUG] [net.minecraftforge.registries.GameData/REGISTRIES]: Holder lookups applied: minecraft:villager_profession
[05May2026 20:08:59.453] [main/DEBUG] [net.minecraftforge.registries.GameData/REGISTRIES]: Applying holder lookups: minecraft:point_of_interest_type
[05May2026 20:08:59.454] [main/DEBUG] [net.minecraftforge.registries.GameData/REGISTRIES]: Holder lookups applied: minecraft:point_of_interest_type
[05May2026 20:08:59.455] [main/DEBUG] [net.minecraftforge.registries.GameData/REGISTRIES]: Applying holder lookups: minecraft:schedule
[05May2026 20:08:59.456] [main/DEBUG] [net.minecraftforge.registries.GameData/REGISTRIES]: Holder lookups applied: minecraft:schedule
[05May2026 20:08:59.457] [main/DEBUG] [net.minecraftforge.registries.GameData/REGISTRIES]: Applying holder lookups: minecraft:activity
[05May2026 20:08:59.459] [main/DEBUG] [net.minecraftforge.registries.GameData/REGISTRIES]: Holder lookups applied: minecraft:activity
[05May2026 20:08:59.459] [main/DEBUG] [net.minecraftforge.registries.GameData/REGISTRIES]: Applying holder lookups: minecraft:loot_pool_entry_type
[05May2026 20:08:59.460] [main/DEBUG] [net.minecraftforge.registries.GameData/REGISTRIES]: Holder lookups applied: minecraft:loot_pool_entry_type
[05May2026 20:08:59.460] [main/DEBUG] [net.minecraftforge.registries.GameData/REGISTRIES]: Applying holder lookups: minecraft:loot_function_type
[05May2026 20:08:59.462] [main/DEBUG] [net.minecraftforge.registries.GameData/REGISTRIES]: Holder lookups applied: minecraft:loot_function_type
[05May2026 20:08:59.465] [main/DEBUG] [net.minecraftforge.registries.GameData/REGISTRIES]: Applying holder lookups: minecraft:loot_condition_type
[05May2026 20:08:59.466] [main/DEBUG] [net.minecraftforge.registries.GameData/REGISTRIES]: Holder lookups applied: minecraft:loot_condition_type
[05May2026 20:08:59.466] [main/DEBUG] [net.minecraftforge.registries.GameData/REGISTRIES]: Applying holder lookups: minecraft:loot_number_provider_type
[05May2026 20:08:59.467] [main/DEBUG] [net.minecraftforge.registries.GameData/REGISTRIES]: Holder lookups applied: minecraft:loot_number_provider_type
[05May2026 20:08:59.467] [main/DEBUG] [net.minecraftforge.registries.GameData/REGISTRIES]: Applying holder lookups: minecraft:loot_nbt_provider_type
[05May2026 20:08:59.468] [main/DEBUG] [net.minecraftforge.registries.GameData/REGISTRIES]: Holder lookups applied: minecraft:loot_nbt_provider_type
[05May2026 20:08:59.468] [main/DEBUG] [net.minecraftforge.registries.GameData/REGISTRIES]: Applying holder lookups: minecraft:loot_score_provider_type
[05May2026 20:08:59.468] [main/DEBUG] [net.minecraftforge.registries.GameData/REGISTRIES]: Holder lookups applied: minecraft:loot_score_provider_type
[05May2026 20:08:59.469] [main/DEBUG] [net.minecraftforge.registries.GameData/REGISTRIES]: Applying holder lookups: minecraft:float_provider_type
[05May2026 20:08:59.469] [main/DEBUG] [net.minecraftforge.registries.GameData/REGISTRIES]: Holder lookups applied: minecraft:float_provider_type
[05May2026 20:08:59.469] [main/DEBUG] [net.minecraftforge.registries.GameData/REGISTRIES]: Applying holder lookups: minecraft:int_provider_type
[05May2026 20:08:59.470] [main/DEBUG] [net.minecraftforge.registries.GameData/REGISTRIES]: Holder lookups applied: minecraft:int_provider_type
[05May2026 20:08:59.470] [main/DEBUG] [net.minecraftforge.registries.GameData/REGISTRIES]: Applying holder lookups: minecraft:height_provider_type
[05May2026 20:08:59.470] [main/DEBUG] [net.minecraftforge.registries.GameData/REGISTRIES]: Holder lookups applied: minecraft:height_provider_type
[05May2026 20:08:59.471] [main/DEBUG] [net.minecraftforge.registries.GameData/REGISTRIES]: Applying holder lookups: minecraft:block_predicate_type
[05May2026 20:08:59.472] [main/DEBUG] [net.minecraftforge.registries.GameData/REGISTRIES]: Holder lookups applied: minecraft:block_predicate_type
[05May2026 20:08:59.472] [main/DEBUG] [net.minecraftforge.registries.GameData/REGISTRIES]: Applying holder lookups: minecraft:worldgen/carver
[05May2026 20:08:59.473] [main/DEBUG] [net.minecraftforge.registries.GameData/REGISTRIES]: Holder lookups applied: minecraft:worldgen/carver
[05May2026 20:08:59.473] [main/DEBUG] [net.minecraftforge.registries.GameData/REGISTRIES]: Applying holder lookups: minecraft:worldgen/feature
[05May2026 20:08:59.474] [main/DEBUG] [net.minecraftforge.registries.GameData/REGISTRIES]: Holder lookups applied: minecraft:worldgen/feature
[05May2026 20:08:59.474] [main/DEBUG] [net.minecraftforge.registries.GameData/REGISTRIES]: Applying holder lookups: minecraft:worldgen/structure_processor
[05May2026 20:08:59.475] [main/DEBUG] [net.minecraftforge.registries.GameData/REGISTRIES]: Holder lookups applied: minecraft:worldgen/structure_processor
[05May2026 20:08:59.475] [main/DEBUG] [net.minecraftforge.registries.GameData/REGISTRIES]: Applying holder lookups: minecraft:worldgen/structure_placement
[05May2026 20:08:59.477] [main/DEBUG] [net.minecraftforge.registries.GameData/REGISTRIES]: Holder lookups applied: minecraft:worldgen/structure_placement
[05May2026 20:08:59.478] [main/DEBUG] [net.minecraftforge.registries.GameData/REGISTRIES]: Applying holder lookups: minecraft:worldgen/structure_piece
[05May2026 20:08:59.479] [main/DEBUG] [net.minecraftforge.registries.GameData/REGISTRIES]: Holder lookups applied: minecraft:worldgen/structure_piece
[05May2026 20:08:59.479] [main/DEBUG] [net.minecraftforge.registries.GameData/REGISTRIES]: Applying holder lookups: minecraft:worldgen/structure_type
[05May2026 20:08:59.480] [main/DEBUG] [net.minecraftforge.registries.GameData/REGISTRIES]: Holder lookups applied: minecraft:worldgen/structure_type
[05May2026 20:08:59.480] [main/DEBUG] [net.minecraftforge.registries.GameData/REGISTRIES]: Applying holder lookups: minecraft:worldgen/placement_modifier_type
[05May2026 20:08:59.481] [main/DEBUG] [net.minecraftforge.registries.GameData/REGISTRIES]: Holder lookups applied: minecraft:worldgen/placement_modifier_type
[05May2026 20:08:59.481] [main/DEBUG] [net.minecraftforge.registries.GameData/REGISTRIES]: Applying holder lookups: minecraft:worldgen/block_state_provider_type
[05May2026 20:08:59.482] [main/DEBUG] [net.minecraftforge.registries.GameData/REGISTRIES]: Holder lookups applied: minecraft:worldgen/block_state_provider_type
[05May2026 20:08:59.482] [main/DEBUG] [net.minecraftforge.registries.GameData/REGISTRIES]: Applying holder lookups: minecraft:worldgen/foliage_placer_type
[05May2026 20:08:59.483] [main/DEBUG] [net.minecraftforge.registries.GameData/REGISTRIES]: Holder lookups applied: minecraft:worldgen/foliage_placer_type
[05May2026 20:08:59.485] [main/DEBUG] [net.minecraftforge.registries.GameData/REGISTRIES]: Applying holder lookups: minecraft:worldgen/trunk_placer_type
[05May2026 20:08:59.486] [main/DEBUG] [net.minecraftforge.registries.GameData/REGISTRIES]: Holder lookups applied: minecraft:worldgen/trunk_placer_type
[05May2026 20:08:59.486] [main/DEBUG] [net.minecraftforge.registries.GameData/REGISTRIES]: Applying holder lookups: minecraft:worldgen/root_placer_type
[05May2026 20:08:59.487] [main/DEBUG] [net.minecraftforge.registries.GameData/REGISTRIES]: Holder lookups applied: minecraft:worldgen/root_placer_type
[05May2026 20:08:59.487] [main/DEBUG] [net.minecraftforge.registries.GameData/REGISTRIES]: Applying holder lookups: minecraft:worldgen/tree_decorator_type
[05May2026 20:08:59.487] [main/DEBUG] [net.minecraftforge.registries.GameData/REGISTRIES]: Holder lookups applied: minecraft:worldgen/tree_decorator_type
[05May2026 20:08:59.487] [main/DEBUG] [net.minecraftforge.registries.GameData/REGISTRIES]: Applying holder lookups: minecraft:worldgen/feature_size_type
[05May2026 20:08:59.488] [main/DEBUG] [net.minecraftforge.registries.GameData/REGISTRIES]: Holder lookups applied: minecraft:worldgen/feature_size_type
[05May2026 20:08:59.488] [main/DEBUG] [net.minecraftforge.registries.GameData/REGISTRIES]: Applying holder lookups: minecraft:worldgen/biome_source
[05May2026 20:08:59.488] [main/DEBUG] [net.minecraftforge.registries.GameData/REGISTRIES]: Holder lookups applied: minecraft:worldgen/biome_source
[05May2026 20:08:59.489] [main/DEBUG] [net.minecraftforge.registries.GameData/REGISTRIES]: Applying holder lookups: minecraft:worldgen/chunk_generator
[05May2026 20:08:59.489] [main/DEBUG] [net.minecraftforge.registries.GameData/REGISTRIES]: Holder lookups applied: minecraft:worldgen/chunk_generator
[05May2026 20:08:59.489] [main/DEBUG] [net.minecraftforge.registries.GameData/REGISTRIES]: Applying holder lookups: minecraft:worldgen/material_condition
[05May2026 20:08:59.490] [main/DEBUG] [net.minecraftforge.registries.GameData/REGISTRIES]: Holder lookups applied: minecraft:worldgen/material_condition
[05May2026 20:08:59.490] [main/DEBUG] [net.minecraftforge.registries.GameData/REGISTRIES]: Applying holder lookups: minecraft:worldgen/material_rule
[05May2026 20:08:59.491] [main/DEBUG] [net.minecraftforge.registries.GameData/REGISTRIES]: Holder lookups applied: minecraft:worldgen/material_rule
[05May2026 20:08:59.492] [main/DEBUG] [net.minecraftforge.registries.GameData/REGISTRIES]: Applying holder lookups: minecraft:worldgen/density_function_type
[05May2026 20:08:59.492] [main/DEBUG] [net.minecraftforge.registries.GameData/REGISTRIES]: Holder lookups applied: minecraft:worldgen/density_function_type
[05May2026 20:08:59.493] [main/DEBUG] [net.minecraftforge.registries.GameData/REGISTRIES]: Applying holder lookups: minecraft:worldgen/structure_pool_element
[05May2026 20:08:59.493] [main/DEBUG] [net.minecraftforge.registries.GameData/REGISTRIES]: Holder lookups applied: minecraft:worldgen/structure_pool_element
[05May2026 20:08:59.493] [main/DEBUG] [net.minecraftforge.registries.GameData/REGISTRIES]: Applying holder lookups: minecraft:cat_variant
[05May2026 20:08:59.494] [main/DEBUG] [net.minecraftforge.registries.GameData/REGISTRIES]: Holder lookups applied: minecraft:cat_variant
[05May2026 20:08:59.494] [main/DEBUG] [net.minecraftforge.registries.GameData/REGISTRIES]: Applying holder lookups: minecraft:frog_variant
[05May2026 20:08:59.495] [main/DEBUG] [net.minecraftforge.registries.GameData/REGISTRIES]: Holder lookups applied: minecraft:frog_variant
[05May2026 20:08:59.495] [main/DEBUG] [net.minecraftforge.registries.GameData/REGISTRIES]: Applying holder lookups: minecraft:banner_pattern
[05May2026 20:08:59.497] [main/DEBUG] [net.minecraftforge.registries.GameData/REGISTRIES]: Holder lookups applied: minecraft:banner_pattern
[05May2026 20:08:59.497] [main/DEBUG] [net.minecraftforge.registries.GameData/REGISTRIES]: Applying holder lookups: minecraft:instrument
[05May2026 20:08:59.500] [main/DEBUG] [net.minecraftforge.registries.GameData/REGISTRIES]: Holder lookups applied: minecraft:instrument
[05May2026 20:08:59.500] [main/DEBUG] [net.minecraftforge.registries.GameData/REGISTRIES]: Applying holder lookups: minecraft:decorated_pot_patterns
[05May2026 20:08:59.501] [main/DEBUG] [net.minecraftforge.registries.GameData/REGISTRIES]: Holder lookups applied: minecraft:decorated_pot_patterns
[05May2026 20:08:59.502] [main/DEBUG] [com.tterrag.registrate.AbstractRegistrate/REGISTRATE.REGISTER]: Registering 1 known objects of type minecraft:creative_mode_tab
[05May2026 20:08:59.503] [main/DEBUG] [com.tterrag.registrate.AbstractRegistrate/REGISTRATE.REGISTER]: Registered fantasyfurniture:fantasyfurniture to registry ResourceKey[minecraft:root / minecraft:creative_mode_tab]
[05May2026 20:08:59.503] [main/DEBUG] [net.minecraftforge.registries.GameData/REGISTRIES]: Applying holder lookups: minecraft:creative_mode_tab
[05May2026 20:08:59.504] [main/DEBUG] [net.minecraftforge.registries.GameData/REGISTRIES]: Holder lookups applied: minecraft:creative_mode_tab
[05May2026 20:08:59.515] [main/DEBUG] [net.minecraftforge.registries.GameData/REGISTRIES]: Applying holder lookups: forge:biome_modifier_serializers
[05May2026 20:08:59.516] [main/DEBUG] [net.minecraftforge.registries.GameData/REGISTRIES]: Holder lookups applied: forge:biome_modifier_serializers
[05May2026 20:08:59.517] [main/DEBUG] [net.minecraftforge.registries.GameData/REGISTRIES]: Applying holder lookups: forge:display_contexts
[05May2026 20:08:59.519] [main/DEBUG] [net.minecraftforge.registries.GameData/REGISTRIES]: Holder lookups applied: forge:display_contexts
[05May2026 20:08:59.519] [main/DEBUG] [net.minecraftforge.registries.GameData/REGISTRIES]: Applying holder lookups: forge:entity_data_serializers
[05May2026 20:08:59.520] [main/DEBUG] [net.minecraftforge.registries.GameData/REGISTRIES]: Holder lookups applied: forge:entity_data_serializers
[05May2026 20:08:59.526] [main/DEBUG] [net.minecraftforge.registries.GameData/REGISTRIES]: Applying holder lookups: forge:fluid_type
[05May2026 20:08:59.527] [main/DEBUG] [net.minecraftforge.registries.GameData/REGISTRIES]: Holder lookups applied: forge:fluid_type
[05May2026 20:08:59.528] [main/DEBUG] [net.minecraftforge.registries.GameData/REGISTRIES]: Applying holder lookups: forge:global_loot_modifier_serializers
[05May2026 20:08:59.532] [main/DEBUG] [net.minecraftforge.registries.GameData/REGISTRIES]: Holder lookups applied: forge:global_loot_modifier_serializers
[05May2026 20:08:59.535] [main/DEBUG] [net.minecraftforge.registries.GameData/REGISTRIES]: Applying holder lookups: forge:holder_set_type
[05May2026 20:08:59.536] [main/DEBUG] [net.minecraftforge.registries.GameData/REGISTRIES]: Holder lookups applied: forge:holder_set_type
[05May2026 20:08:59.537] [main/DEBUG] [net.minecraftforge.registries.GameData/REGISTRIES]: Applying holder lookups: forge:structure_modifier_serializers
[05May2026 20:08:59.539] [main/DEBUG] [net.minecraftforge.registries.GameData/REGISTRIES]: Holder lookups applied: forge:structure_modifier_serializers
[05May2026 20:08:59.539] [main/DEBUG] [net.minecraftforge.registries.GameData/REGISTRIES]: Applying holder lookups: framedblocks:camo_containers
[05May2026 20:08:59.541] [main/DEBUG] [net.minecraftforge.registries.GameData/REGISTRIES]: Holder lookups applied: framedblocks:camo_containers
[05May2026 20:08:59.541] [main/DEBUG] [net.minecraftforge.registries.GameData/REGISTRIES]: Applying holder lookups: minecraft:worldgen/biome
[05May2026 20:08:59.543] [main/DEBUG] [net.minecraftforge.registries.GameData/REGISTRIES]: Holder lookups applied: minecraft:worldgen/biome
[05May2026 20:08:59.661] [Worker-Main-1/DEBUG] [mixin/]: Mixing MixinMapItemSavedData from framedblocks.mixin.json into net.minecraft.world.level.saveddata.maps.MapItemSavedData
[05May2026 20:08:59.663] [Worker-Main-1/DEBUG] [mixin/]: Renaming synthetic method lambda$framedblocks$saveCustomMapMarkers$0(Lnet/minecraft/nbt/ListTag;Ljava/lang/String;Lxfacthd/framedblocks/common/blockentity/special/FramedItemFrameBlockEntity$FramedMap;)V to mde6ae7d$lambda$framedblocks$saveCustomMapMarkers$0$0 in framedblocks.mixin.json:MixinMapItemSavedData
[05May2026 20:08:59.676] [Worker-Main-1/DEBUG] [net.minecraftforge.coremod.transformer.CoreModBaseTransformer/COREMOD]: Transforming net/minecraft/world/item/ItemStack
[05May2026 20:08:59.819] [main/WARN] [net.minecraft.server.packs.VanillaPackResourcesBuilder/]: Assets URL 'union:/Users/bowieconnors/.gradle/caches/forge_gradle/minecraft_user_repo/net/minecraftforge/forge/1.20.1-47.4.10_mapped_parchment_2023.09.03-1.20.1/forge-1.20.1-47.4.10_mapped_parchment_2023.09.03-1.20.1-recomp.jar%23184!/assets/.mcassetsroot' uses unexpected schema
[05May2026 20:08:59.819] [main/WARN] [net.minecraft.server.packs.VanillaPackResourcesBuilder/]: Assets URL 'union:/Users/bowieconnors/.gradle/caches/forge_gradle/minecraft_user_repo/net/minecraftforge/forge/1.20.1-47.4.10_mapped_parchment_2023.09.03-1.20.1/forge-1.20.1-47.4.10_mapped_parchment_2023.09.03-1.20.1-recomp.jar%23184!/data/.mcassetsroot' uses unexpected schema
[05May2026 20:08:59.954] [main/DEBUG] [com.tterrag.registrate.providers.RegistrateDataProvider/REGISTRATE.DATA]: Gathering providers for sides: [CLIENT, SERVER]
[05May2026 20:08:59.955] [main/DEBUG] [com.tterrag.registrate.providers.RegistrateDataProvider/REGISTRATE.DATA]: Adding provider for type: recipe
[05May2026 20:08:59.955] [main/DEBUG] [com.tterrag.registrate.providers.RegistrateDataProvider/REGISTRATE.DATA]: Adding provider for type: advancement
[05May2026 20:08:59.955] [main/DEBUG] [com.tterrag.registrate.providers.RegistrateDataProvider/REGISTRATE.DATA]: Adding provider for type: loot
[05May2026 20:08:59.956] [main/DEBUG] [com.tterrag.registrate.providers.RegistrateDataProvider/REGISTRATE.DATA]: Adding provider for type: tags/block
[05May2026 20:08:59.956] [main/DEBUG] [com.tterrag.registrate.providers.RegistrateDataProvider/REGISTRATE.DATA]: Adding provider for type: tags/item
[05May2026 20:08:59.956] [main/DEBUG] [com.tterrag.registrate.providers.RegistrateDataProvider/REGISTRATE.DATA]: Adding provider for type: tags/fluid
[05May2026 20:08:59.956] [main/DEBUG] [com.tterrag.registrate.providers.RegistrateDataProvider/REGISTRATE.DATA]: Adding provider for type: tags/entity
[05May2026 20:08:59.957] [main/DEBUG] [com.tterrag.registrate.providers.RegistrateDataProvider/REGISTRATE.DATA]: Adding provider for type: blockstate
[05May2026 20:08:59.957] [main/DEBUG] [com.tterrag.registrate.providers.RegistrateDataProvider/REGISTRATE.DATA]: Adding provider for type: item_model
[05May2026 20:08:59.957] [main/DEBUG] [com.tterrag.registrate.providers.RegistrateDataProvider/REGISTRATE.DATA]: Adding provider for type: lang
[05May2026 20:08:59.958] [main/DEBUG] [com.tterrag.registrate.providers.RegistrateDataProvider/REGISTRATE.DATA]: Gathering providers for sides: [CLIENT, SERVER]
[05May2026 20:08:59.959] [main/DEBUG] [com.tterrag.registrate.providers.RegistrateDataProvider/REGISTRATE.DATA]: Adding provider for type: recipe
[05May2026 20:08:59.959] [main/DEBUG] [com.tterrag.registrate.providers.RegistrateDataProvider/REGISTRATE.DATA]: Adding provider for type: advancement
[05May2026 20:08:59.959] [main/DEBUG] [com.tterrag.registrate.providers.RegistrateDataProvider/REGISTRATE.DATA]: Adding provider for type: loot
[05May2026 20:08:59.959] [main/DEBUG] [com.tterrag.registrate.providers.RegistrateDataProvider/REGISTRATE.DATA]: Adding provider for type: tags/block
[05May2026 20:08:59.959] [main/DEBUG] [com.tterrag.registrate.providers.RegistrateDataProvider/REGISTRATE.DATA]: Adding provider for type: tags/item
[05May2026 20:08:59.959] [main/DEBUG] [com.tterrag.registrate.providers.RegistrateDataProvider/REGISTRATE.DATA]: Adding provider for type: tags/fluid
[05May2026 20:08:59.959] [main/DEBUG] [com.tterrag.registrate.providers.RegistrateDataProvider/REGISTRATE.DATA]: Adding provider for type: tags/entity
[05May2026 20:08:59.959] [main/DEBUG] [com.tterrag.registrate.providers.RegistrateDataProvider/REGISTRATE.DATA]: Adding provider for type: blockstate
[05May2026 20:08:59.959] [main/DEBUG] [com.tterrag.registrate.providers.RegistrateDataProvider/REGISTRATE.DATA]: Adding provider for type: item_model
[05May2026 20:08:59.959] [main/DEBUG] [com.tterrag.registrate.providers.RegistrateDataProvider/REGISTRATE.DATA]: Adding provider for type: lang
[05May2026 20:08:59.988] [main/INFO] [net.minecraft.data.DataGenerator/]: Starting provider: Recipes
[05May2026 20:09:00.054] [main/INFO] [net.minecraft.data.DataGenerator/]: Recipes finished after 65 ms
[05May2026 20:09:00.054] [main/INFO] [net.minecraft.data.DataGenerator/]: Starting provider: Loot Tables
[05May2026 20:09:00.114] [main/INFO] [net.minecraft.data.DataGenerator/]: Loot Tables finished after 59 ms
[05May2026 20:09:00.114] [main/INFO] [net.minecraft.data.DataGenerator/]: Starting provider: Block States: thuumcraft
[05May2026 20:09:00.154] [main/INFO] [net.minecraft.data.DataGenerator/]: Block States: thuumcraft finished after 39 ms
[05May2026 20:09:00.154] [main/INFO] [net.minecraft.data.DataGenerator/]: Starting provider: Item Models: thuumcraft
[05May2026 20:09:00.168] [main/INFO] [net.minecraft.data.DataGenerator/]: Item Models: thuumcraft finished after 13 ms
[05May2026 20:09:00.168] [main/INFO] [net.minecraft.data.DataGenerator/]: Starting provider: Tags for minecraft:block mod id thuumcraft
[05May2026 20:09:00.232] [main/INFO] [net.minecraft.data.DataGenerator/]: Tags for minecraft:block mod id thuumcraft finished after 63 ms
[05May2026 20:09:00.232] [main/INFO] [net.minecraft.data.DataGenerator/]: Starting provider: Tags for minecraft:item mod id thuumcraft
[05May2026 20:09:00.234] [main/INFO] [net.minecraft.data.DataGenerator/]: Tags for minecraft:item mod id thuumcraft finished after 1 ms
[05May2026 20:09:00.234] [main/INFO] [net.minecraft.data.DataGenerator/]: Starting provider: Registries
[05May2026 20:09:00.251] [main/INFO] [net.minecraft.data.DataGenerator/]: Registries finished after 16 ms
[05May2026 20:09:00.251] [main/INFO] [net.minecraft.data.DataGenerator/]: Starting provider: Global Loot Modifiers : thuumcraft
[05May2026 20:09:00.256] [main/INFO] [net.minecraft.data.DataGenerator/]: Global Loot Modifiers : thuumcraft finished after 4 ms
[05May2026 20:09:00.256] [main/INFO] [net.minecraft.data.DataGenerator/]: All providers took: 268 ms
[05May2026 20:09:00.266] [main/INFO] [net.minecraft.data.HashCache/]: Caching: total files: 185, old count: 185, new count: 186, removed stale: 0, written: 0
